cpu_usage_pct,ram_usage_pct,kb_events_per_min,mouse_events_per_min,net_io_bytes,process_count,carbon_intensity_gco2,label
38.43,58.14,113,186,543394.81,125,174.16,1
31.17,43.15,130,140,75535.96,91,281.32,1
5.88,30.1,1,1,3052.6,61,90.45,0
55.24,64.12,105,94,469601.16,113,301.41,1
49.94,65.69,153,104,991402.52,132,342.8,1
19.02,53.08,191,173,830870.54,121,121.12,1
11.34,32.5,0,3,3819.03,93,251.24,0
67.27,49.95,143,193,246396.28,131,239.35,1
35.16,57.9,139,153,62858.26,135,241.06,1
7.71,28.64,0,1,1780.22,118,102.66,0
7.57,24.87,1,1,233.38,77,149.32,0
20.2,39.86,9,29,871943.71,107,247.04,1
46.63,68.38,103,132,144006.67,120,339.92,1
16.66,46.67,44,143,33531.5,126,301.16,1
32.04,57.02,1,1,143335.58,121,205.79,0
25.37,53.92,73,148,38037.95,86,170.51,1
4.82,27.14,1,2,3633.32,82,147.51,0
86.39,60.28,0,1,110392.17,136,312.93,2
33.11,67.8,208,119,2324335.38,76,311.14,1
64.89,69.04,1,0,98811.01,127,284.18,2
70.75,69.04,2,2,186188.33,109,375.5,2
10.66,30.35,1,0,1032.3,88,174.31,0
38.22,69.76,95,138,38327.85,118,280.76,1
96.99,66.63,2,2,25564.7,109,178.13,2
50.49,80.62,75,98,68194.26,141,216.29,1
77.37,69.17,1,2,82096.82,120,281.98,2
5.06,27.41,0,3,2055.5,96,248.94,0
70.5,75.27,0,0,5076.13,98,419.49,2
44.15,53.36,91,151,52225.36,70,203.09,1
75.76,79.47,2,0,76596.78,125,135.91,2
5.24,35.57,1,2,866.93,87,166.79,0
0.0,46.41,2,3,2139.05,61,202.73,0
71.69,36.61,71,211,49885.18,138,194.54,1
17.9,35.37,199,204,546383.69,150,345.14,1
75.94,75.38,1,1,41956.54,102,184.17,2
7.95,38.06,1,2,8448.09,103,225.59,0
38.66,59.28,75,188,124719.12,147,137.85,1
7.37,32.05,1,1,5623.8,86,346.29,0
44.7,41.5,2,3,1221.12,97,238.52,0
34.75,35.79,78,130,315410.17,153,211.72,1
24.92,60.93,92,160,753618.62,128,352.04,1
10.52,34.21,1,2,598.63,94,361.8,0
62.88,73.3,4,2,100420.81,108,270.89,2
0.0,21.29,1,1,3265.9,57,303.09,0
84.03,59.36,2,0,56264.96,80,249.31,2
8.6,45.4,1,4,1080.56,96,291.54,0
27.38,50.88,71,187,556394.02,118,195.97,1
39.48,73.67,2,3,296631.52,91,318.62,0
1.3,29.57,2,0,3612.28,91,208.68,0
7.48,22.04,1,1,1998.93,70,286.72,0
59.98,32.93,4,0,26754.68,78,433.08,0
88.3,83.68,1,0,160830.14,93,194.44,2
23.52,34.07,110,132,186821.27,153,378.17,1
76.93,73.26,1,2,63984.55,105,58.39,2
1.08,28.38,1,5,2164.39,59,301.88,0
15.38,26.62,10,11,148700.8,120,299.38,1
5.71,41.36,2,2,3522.07,54,227.98,0
85.29,58.87,0,0,121608.28,81,332.04,2
4.05,15.41,0,2,1476.92,52,191.1,0
7.88,31.94,1,2,1366.09,94,115.14,0
8.45,16.35,2,2,1215.84,91,197.07,0
41.66,34.5,4,0,240882.85,117,309.35,1
28.69,58.78,149,191,868622.71,173,268.72,1
4.64,33.58,0,1,119.69,72,182.9,0
13.34,43.09,0,1,4310.77,57,294.53,0
77.36,69.19,3,0,265791.12,91,174.69,2
6.46,28.37,1,5,479.56,110,187.78,0
70.3,69.5,4,0,183950.13,94,207.76,2
33.46,60.76,97,173,110035.99,122,163.0,1
0.71,35.95,1,4,3830.66,79,190.0,0
45.14,79.33,133,197,393065.38,157,208.9,1
6.16,32.55,2,1,2417.95,86,253.65,0
70.0,48.78,0,2,174620.48,93,134.47,0
3.35,20.84,0,3,849.55,80,298.05,0
7.11,26.52,1,4,1891.33,93,304.38,0
76.69,62.16,0,1,52650.11,100,189.53,2
5.58,25.28,0,2,1422.58,73,317.37,0
35.8,64.13,191,160,309326.48,149,291.94,1
75.47,65.17,2,1,58286.84,78,274.9,2
6.06,37.54,0,3,2032.18,100,321.52,0
69.7,73.47,1,2,204965.69,92,370.82,2
7.91,30.71,0,0,259.39,64,299.53,0
48.57,66.64,141,146,1959438.78,126,290.43,1
42.94,39.21,0,1,35271.5,84,329.93,0
22.76,49.56,83,128,243636.02,116,261.3,1
7.49,29.68,1,1,1961.94,74,198.28,0
8.06,29.99,0,3,4716.85,75,334.57,0
0.0,26.52,1,4,240.46,94,184.16,0
72.37,88.02,3,2,179198.13,106,165.61,2
38.82,48.66,7,8,276848.43,137,251.52,1
32.49,25.0,7,25,70115.12,143,115.57,1
9.86,56.32,5,20,96544.98,140,81.69,1
83.76,77.33,1,0,72050.06,91,261.16,2
6.6,25.03,1,1,2589.4,68,241.14,0
3.57,24.74,4,1,4662.79,59,194.71,0
43.8,73.3,0,2,64657.31,121,123.59,0
76.02,61.35,1,1,44857.44,94,90.23,2
37.61,53.23,8,34,192861.42,108,230.92,1
22.81,32.39,7,39,47098.24,135,214.89,1
34.92,56.48,5,19,344577.22,127,231.49,1
7.36,28.2,0,1,470.44,84,275.95,0
31.53,49.8,120,178,134420.95,106,218.3,1
37.64,51.65,82,200,364362.98,123,386.41,1
58.82,74.3,0,0,19655.57,87,73.74,2
23.87,50.62,109,190,52277.56,127,274.3,1
10.99,34.07,2,1,1033.85,74,260.18,0
11.65,33.98,1,3,3045.61,99,232.17,0
36.43,30.82,9,16,291474.02,110,224.37,1
77.23,79.74,1,1,50285.18,86,253.5,2
11.92,36.13,1,2,505.51,82,192.78,0
56.91,55.06,118,153,1097890.3,106,277.59,1
27.07,34.87,107,20,117364.47,84,257.83,1
44.25,57.89,172,167,496689.83,87,360.51,1
5.06,30.6,1,6,853.47,51,215.33,0
71.31,71.84,0,1,143779.6,87,230.82,2
31.71,35.58,140,177,1714820.85,110,317.22,1
5.0,36.51,7,22,875023.34,139,229.18,1
0.0,32.43,2,3,1945.48,126,226.78,0
9.25,34.17,1,3,1174.51,67,207.25,0
52.38,71.74,159,112,808409.06,139,177.51,1
26.06,51.34,8,45,82760.61,106,149.02,1
45.17,46.38,57,167,14959.45,108,158.24,1
28.95,49.55,9,18,387214.69,163,270.8,1
44.31,55.18,76,126,227704.19,111,221.1,1
6.26,35.57,1,4,5122.46,65,155.08,0
34.59,56.09,117,160,5000.0,119,228.24,1
4.02,42.16,2,0,2237.54,71,277.76,0
62.92,75.65,150,138,613370.97,161,345.87,1
76.75,79.22,3,0,60580.8,79,212.76,2
2.4,44.72,1,0,25.9,112,250.9,0
26.09,83.89,142,153,72608.57,124,367.48,1
8.75,38.58,0,2,1942.79,65,420.21,0
0.0,40.82,1,1,502.06,89,294.65,0
34.73,63.0,142,162,30862.39,122,302.15,1
52.49,60.77,0,0,110217.46,79,338.0,2
55.55,82.3,0,0,10741.84,88,264.13,2
0.71,38.03,1,0,503.19,73,258.45,0
25.91,57.91,115,109,214626.25,102,276.41,1
9.58,32.86,1,2,352.1,77,162.49,0
77.38,87.29,2,2,34193.25,115,158.74,2
5.04,35.25,2,3,557.9,103,361.38,0
29.8,64.57,3,25,896822.71,127,431.04,1
36.74,47.85,80,88,692615.29,142,290.23,1
2.74,30.86,2,2,951.79,91,263.44,0
15.55,85.0,7,23,351897.2,74,170.86,1
38.47,72.91,79,165,328106.21,142,309.12,1
10.34,51.21,167,154,466997.8,137,224.4,1
11.78,49.41,1,0,1158.13,71,164.84,0
3.07,20.16,2,0,6199.63,69,214.04,0
30.72,73.3,128,132,599261.77,130,275.36,1
38.98,57.31,112,121,202046.67,95,196.06,1
38.88,58.36,87,151,152642.25,142,356.82,1
53.46,56.7,1,0,86973.44,101,287.34,0
62.53,64.07,1,1,121981.09,113,281.11,2
60.55,68.42,136,164,307660.4,108,267.23,1
38.55,42.12,140,104,492485.45,135,246.57,1
17.83,55.36,96,193,684879.56,130,222.26,1
4.37,41.23,0,4,1514.16,96,199.12,0
17.84,57.38,58,264,240443.67,123,167.48,1
10.0,47.05,152,179,2045134.16,125,173.09,1
7.72,36.34,1,1,1003.19,83,245.9,0
45.06,48.49,137,83,5000.0,99,337.51,1
18.4,73.62,7,23,68424.41,160,341.07,1
6.63,25.13,1,7,2288.87,75,163.95,0
5.87,41.81,3,3,618.4,81,340.15,0
2.2,28.55,0,2,2031.64,53,182.65,0
64.26,76.56,1,1,66283.06,99,175.18,2
82.23,70.95,3,0,55703.79,107,264.99,2
68.6,81.21,0,1,74564.54,100,202.49,2
0.85,10.0,0,2,3301.62,68,229.33,0
11.26,22.61,1,3,1955.47,93,343.35,0
84.36,81.15,2,0,34008.77,60,318.8,2
45.24,68.19,125,139,743020.8,139,228.24,1
43.39,69.6,148,167,997745.43,122,113.68,1
5.39,26.45,1,2,663.19,65,247.38,0
5.75,34.18,2,4,720.92,80,127.58,0
11.86,24.85,0,2,721.89,58,133.35,0
86.74,94.96,0,1,112626.52,94,310.57,2
27.78,57.89,209,169,646481.17,145,144.1,1
25.43,67.71,171,140,1013652.61,136,225.15,1
90.52,73.93,3,0,3826.66,99,299.52,2
1.94,40.01,0,1,5269.46,104,204.98,0
27.63,57.07,88,127,63611.08,159,195.59,1
63.9,50.15,1,0,133326.04,87,162.9,0
24.96,45.85,129,103,476883.42,124,205.08,1
21.3,55.21,5,10,419632.47,91,362.08,1
6.13,32.89,0,2,138.41,64,302.69,0
18.95,52.11,4,38,84631.34,127,189.9,1
3.81,33.47,1,1,6819.04,94,304.13,0
5.95,34.38,3,2,1513.53,83,135.14,0
83.66,86.87,1,0,88954.78,122,311.26,2
12.3,37.41,0,1,794.04,73,231.64,0
38.83,45.94,121,137,587099.48,121,181.54,1
1.2,40.12,0,2,1265.67,83,358.67,0
63.28,85.83,4,0,384665.77,106,326.17,2
61.97,45.68,76,172,349203.44,102,237.56,1
6.39,27.13,1,2,1085.03,72,315.62,0
5.79,29.94,1,2,2083.15,75,283.36,0
4.87,17.56,3,2,5016.23,72,394.15,0
56.82,56.03,3,5,22486.39,50,212.48,0
42.39,59.02,115,147,513335.0,98,232.24,1
66.27,76.46,2,1,5891.8,88,205.37,2
0.5,30.03,0,6,694.68,99,324.03,0
53.71,31.58,1,0,145326.26,91,244.21,0
71.7,78.64,1,2,157741.28,91,223.71,2
7.72,26.69,1,0,581.01,106,231.19,0
5.0,55.21,3,41,216219.17,121,332.63,1
9.59,31.77,2,3,69.6,95,241.88,0
88.78,89.78,0,1,47196.24,117,229.12,2
7.76,35.35,2,1,64.24,88,319.29,0
12.04,27.14,2,1,629.53,65,160.82,0
43.04,67.43,9,2,94113.07,122,168.17,1
29.59,46.6,7,21,26411.87,130,200.34,1
90.33,86.75,0,0,19594.23,102,216.48,2
35.86,54.29,81,111,569364.31,145,152.31,1
81.36,85.22,1,2,395997.23,87,206.79,2
40.71,41.78,157,59,1285062.12,80,50.0,1
34.76,52.48,139,112,131082.63,128,315.35,1
19.61,37.12,10,37,7864.71,106,306.41,1
5.06,13.32,0,1,195.62,92,76.05,0
34.47,54.69,7,14,1196132.87,127,183.62,1
10.0,66.22,150,148,193125.94,128,221.8,1
88.23,76.11,1,2,44403.18,114,201.32,2
0.0,23.88,1,2,70.96,63,169.54,0
76.49,86.98,2,2,26073.91,84,287.45,2
39.19,56.69,96,99,885958.28,112,163.24,1
70.52,83.84,1,0,194756.07,113,186.15,2
15.65,33.85,6,16,199603.57,121,364.62,1
38.11,50.7,2,6,78321.49,80,352.21,0
26.7,77.11,125,199,283927.61,119,159.56,1
5.99,26.42,1,0,15.42,59,347.28,0
10.36,29.5,1,6,8261.95,75,370.9,0
35.04,67.37,134,113,440597.41,120,149.98,1
64.18,60.76,130,103,8132.08,150,414.53,1
35.65,29.85,120,145,842842.85,128,189.87,1
41.53,64.45,101,98,219924.36,110,295.28,1
1.39,40.18,0,3,661.3,81,277.22,0
11.15,44.5,0,1,1874.32,85,308.85,0
31.79,52.52,113,83,160618.14,99,144.56,1
66.54,92.97,1,0,61453.45,99,153.92,2
35.17,45.02,7,11,145604.68,113,211.62,1
39.32,35.92,0,1,67846.31,61,387.12,0
7.83,26.01,0,3,116.91,105,228.8,0
32.42,61.51,87,154,186792.59,115,130.65,1
0.0,35.23,0,6,4438.0,67,283.11,0
6.53,29.24,2,0,1043.42,40,226.17,0
10.0,81.36,151,134,392234.56,86,224.34,1
9.44,35.69,0,0,81.06,88,350.09,0
3.73,21.89,0,3,13.55,115,332.55,0
17.88,72.31,92,180,2146905.31,97,257.26,1
19.71,40.41,6,29,340346.77,109,276.65,1
4.31,27.74,1,2,1601.94,87,217.35,0
64.92,81.61,0,0,7259.9,87,272.08,2
39.43,37.88,123,110,735005.94,130,233.73,1
35.36,77.51,139,173,42508.32,134,372.98,1
29.84,58.56,4,0,502792.07,130,194.88,1
41.7,31.36,1,2,209481.65,85,250.97,0
58.62,70.29,0,1,7389.46,108,105.66,2
13.77,59.61,71,195,786845.89,151,197.27,1
1.81,24.21,2,3,3756.81,95,172.11,0
13.33,83.16,30,67,2340995.82,148,219.55,1
19.24,57.9,8,22,96008.35,108,235.39,1
75.15,61.83,1,1,26722.35,102,129.35,2
12.28,49.29,0,3,571.65,100,249.6,0
4.46,39.94,1,2,667.53,76,243.2,0
44.04,51.96,113,117,166811.5,116,381.49,1
67.07,80.12,0,3,51468.12,81,139.92,2
52.02,57.2,138,151,133982.56,146,205.1,1
39.31,51.84,1,3,19738.56,96,333.59,0
2.73,32.04,2,1,912.6,77,291.47,0
10.34,58.59,149,260,660534.82,117,290.25,1
69.26,83.44,0,1,34475.44,113,218.14,2
89.99,70.02,1,2,153347.53,101,348.55,2
74.92,73.61,2,1,216418.87,71,263.98,2
0.0,40.22,2,4,7029.79,66,247.42,0
38.21,37.91,68,130,272018.4,158,157.33,1
30.08,50.76,8,8,67266.05,125,310.21,1
3.08,24.58,0,6,738.52,84,264.28,0
20.71,56.15,6,18,493286.85,126,225.89,1
25.28,73.36,91,175,274489.57,102,315.59,1
36.97,68.96,102,73,686256.4,137,185.41,1
7.92,30.72,2,2,592.52,107,279.03,0
74.41,71.31,0,2,50437.26,110,348.18,2
67.09,74.1,0,1,211984.94,107,178.14,2
88.0,57.59,0,0,45410.38,115,214.14,2
61.17,63.98,160,32,778073.37,109,294.8,1
20.0,59.75,1,2,184141.54,112,202.09,0
12.33,37.5,0,1,1796.69,53,124.24,0
9.5,31.16,0,2,618.11,79,169.67,0
43.27,60.88,115,147,251805.55,139,137.57,1
41.33,50.58,140,110,109173.56,78,305.18,1
50.72,62.69,170,295,1951005.21,107,222.9,1
76.2,59.48,1,3,114362.61,110,246.86,2
9.75,37.9,0,2,3558.75,85,362.77,0
28.42,48.21,3,15,209117.6,70,213.72,1
15.38,69.03,155,224,2041539.43,101,238.52,1
28.93,45.3,6,25,40916.64,140,240.65,1
37.76,65.07,141,121,685692.04,141,176.85,1
4.59,23.16,0,0,2818.17,61,328.63,0
15.34,52.32,3,23,212832.52,99,329.93,1
27.04,64.87,60,112,565502.31,108,158.88,1
5.96,25.45,0,3,4848.4,72,118.42,0
27.29,51.48,83,177,76520.39,147,442.02,1
55.3,33.88,0,2,66773.34,78,290.25,0
9.36,34.37,1,3,779.52,57,264.08,0
42.41,63.35,126,113,67294.38,70,307.27,1
62.77,81.19,2,0,117036.1,103,246.82,2
28.11,38.61,119,184,1219339.12,117,407.37,1
3.62,44.08,3,2,2334.6,63,253.56,0
37.01,44.58,133,126,180250.64,139,315.08,1
82.89,71.85,2,1,7351.42,89,246.01,2
90.02,71.1,3,2,43413.85,84,50.0,2
70.58,66.39,1,0,196099.08,117,225.96,2
10.0,62.34,130,125,1112388.7,121,74.14,1
3.52,17.66,2,1,41.19,111,361.6,0
47.8,65.83,56,106,912141.79,120,398.88,1
54.65,65.38,103,123,104987.76,115,328.98,1
41.92,48.96,85,315,250017.46,93,231.28,1
7.57,67.57,5,40,1211113.85,95,304.23,1
21.44,71.81,110,116,401568.09,79,284.7,1
5.0,63.44,6,45,721156.69,100,225.62,1
19.56,38.2,116,132,5766.23,98,463.45,1
35.19,51.46,71,131,421083.92,72,311.49,1
94.57,76.19,1,1,191524.39,77,315.65,2
31.38,43.51,131,165,1355941.09,155,176.18,1
37.85,67.91,188,120,695690.85,85,236.74,1
19.74,41.45,118,196,917494.84,108,181.2,1
5.12,58.79,8,22,158068.86,149,287.85,1
23.43,57.39,4,16,7500.45,126,209.33,1
24.98,63.33,221,111,377520.35,138,197.55,1
3.97,33.35,1,3,674.82,101,162.71,0
41.82,49.02,127,223,1260307.02,134,243.02,1
0.0,25.92,0,2,1092.71,65,279.57,0
4.09,48.3,2,4,295.41,59,305.92,0
91.67,58.57,3,0,72853.43,92,327.4,2
38.49,50.15,100,106,124352.0,120,189.52,1
41.78,61.17,2,1,132467.59,108,378.38,0
52.82,37.64,5,41,105761.88,96,263.47,1
38.61,58.59,145,141,2140052.14,112,342.92,1
21.79,67.89,201,155,1332369.11,96,171.07,1
24.81,41.46,83,148,419051.6,131,165.34,1
97.76,68.43,1,3,106065.07,63,299.24,2
26.09,65.2,104,197,726184.89,127,224.03,1
9.95,68.42,3,15,110206.03,122,181.46,1
88.59,66.27,3,3,71345.07,87,414.13,2
8.03,16.79,1,1,499.5,90,223.34,0
26.04,43.4,95,146,510789.16,87,298.72,1
100.0,82.68,2,1,357459.04,106,340.08,2
49.0,69.09,99,204,1443934.65,115,188.91,1
32.96,41.4,130,119,893792.04,85,327.57,1
25.48,48.8,7,10,194638.72,102,265.49,1
43.32,49.23,2,1,7594.43,73,101.64,0
7.11,44.25,0,3,1245.03,90,157.65,0
0.0,41.3,4,5,299.99,72,211.51,0
52.29,72.91,1,0,64923.44,103,352.68,2
37.7,61.8,47,210,758414.47,86,288.64,1
63.11,74.82,111,178,397086.18,84,231.21,1
29.73,59.52,0,1,17522.51,84,203.01,0
82.11,77.09,0,1,30336.35,103,191.09,2
10.14,25.61,0,1,2190.18,107,199.82,0
52.12,50.12,0,0,37015.49,78,343.42,0
31.89,44.89,58,152,485166.2,124,321.72,1
29.16,44.74,106,203,241370.88,74,301.85,1
5.0,49.53,6,22,355144.42,114,317.44,1
65.25,58.7,32,30,2080042.4,120,246.47,1
24.14,45.26,5,17,265433.06,110,295.53,1
33.08,57.19,8,34,427392.56,85,280.94,1
66.03,58.2,3,1,229387.4,93,286.57,2
33.45,44.29,117,169,2763855.98,106,396.59,1
0.11,24.99,0,3,250.81,102,314.75,0
3.28,22.16,0,4,2138.83,71,253.98,0
33.66,34.16,6,1,519144.32,136,232.22,1
9.2,29.03,0,3,85.96,84,268.67,0
6.01,32.55,0,1,1138.72,86,246.55,0
4.06,34.53,1,2,1132.8,44,162.42,0
50.19,84.15,1,0,11125.95,130,332.52,2
11.43,67.62,7,17,106219.24,111,165.36,1
35.18,35.69,1,2,10326.09,104,135.71,0
5.51,23.25,2,2,1999.12,64,124.84,0
0.95,25.04,1,3,103.11,82,274.36,0
50.09,40.24,159,96,25281.99,110,115.07,1
16.73,56.61,143,147,132538.54,151,221.85,1
0.0,39.09,1,2,253.47,102,230.02,0
5.3,31.47,1,2,675.32,74,267.31,0
7.21,26.42,1,1,71.43,90,250.51,0
32.93,60.78,46,194,540743.78,144,106.16,1
89.34,86.08,2,0,196745.3,94,218.59,2
63.62,52.09,4,1,27146.68,58,94.11,0
42.27,56.82,186,112,523663.45,129,271.53,1
54.95,60.01,1,4,63999.87,88,358.24,0
51.88,53.08,110,115,265399.88,135,234.59,1
100.0,87.59,3,1,143951.46,109,199.49,2
5.89,28.72,0,1,2809.92,68,333.5,0
9.64,35.98,1,1,159.0,84,249.11,0
55.6,50.01,153,117,19657.1,115,318.28,1
62.59,49.19,177,181,2289804.24,106,295.07,1
30.27,46.75,164,173,78156.89,117,266.87,1
2.02,24.34,1,2,163.19,69,348.28,0
0.0,39.01,4,0,2586.17,86,161.36,0
7.87,21.15,0,3,750.86,68,327.69,0
7.94,32.32,0,3,108.02,82,211.69,0
29.23,65.06,133,164,449295.48,89,169.42,1
76.85,74.76,1,1,77901.77,84,270.63,2
67.94,78.13,3,0,174532.25,60,304.78,2
35.83,55.52,154,198,908608.57,128,304.68,1
6.44,30.47,1,2,196.85,63,273.83,0
45.96,58.87,72,115,213108.13,119,234.15,1
33.13,51.0,181,166,1628595.97,104,212.86,1
5.99,32.25,0,1,1595.46,40,173.46,0
1.95,27.0,2,0,28.9,78,285.18,0
12.59,59.86,7,33,136578.98,132,191.24,1
10.43,65.05,161,121,188659.15,132,436.52,1
10.19,28.02,0,5,1401.6,94,223.34,0
19.88,46.87,5,12,43500.29,130,204.88,1
79.63,71.87,2,2,3518.91,93,285.17,2
73.06,95.39,2,0,27418.19,120,183.43,2
3.78,32.52,0,2,1377.84,103,202.63,0
62.4,59.66,95,157,6285.76,124,278.39,1
76.03,82.78,3,3,143792.33,93,298.91,2
79.78,55.0,2,1,288147.3,96,232.03,2
33.16,52.56,152,169,443873.49,145,178.76,1
8.85,32.47,2,3,2251.2,61,225.17,0
27.09,40.01,86,218,28279.25,139,241.28,1
11.8,38.92,3,23,145878.24,126,197.75,1
85.86,79.76,3,1,65669.22,106,278.64,2
63.83,67.83,0,0,79621.45,96,381.32,2
16.65,39.68,4,38,492572.55,132,281.63,1
11.46,35.14,1,1,1089.12,86,227.32,0
69.89,81.8,2,1,14452.27,139,243.85,2
73.89,62.9,1,1,246812.62,112,164.07,2
1.46,14.22,1,3,393.93,80,206.85,0
63.36,49.77,82,130,585939.18,91,95.41,1
2.71,33.57,0,3,345.11,107,318.71,0
28.85,62.53,99,111,389622.15,140,241.22,1
58.4,67.42,0,1,40189.84,136,253.58,2
40.5,53.43,51,126,672650.59,143,197.01,1
31.72,48.57,181,92,214813.65,127,99.47,1
4.31,43.14,1,0,2723.36,53,346.2,0
0.0,31.37,2,0,2342.85,86,192.94,0
24.29,62.98,157,197,94514.12,92,280.35,1
38.58,70.52,150,135,121364.92,105,238.77,1
18.83,67.19,68,161,2115491.03,96,255.17,1
88.91,74.55,0,1,634.22,107,184.62,2
0.0,33.84,0,1,107.18,82,298.6,0
0.73,41.33,0,4,867.15,95,291.51,0
21.49,64.26,174,183,227077.07,120,243.76,1
26.74,52.65,91,164,70856.8,140,276.35,1
41.75,60.37,108,159,288821.32,128,194.25,1
5.25,29.43,1,3,1284.09,66,165.93,0
57.77,62.7,1,4,88622.52,79,248.47,0
8.19,25.06,1,4,318.17,54,170.27,0
77.09,72.2,1,0,71488.72,137,148.95,2
0.91,30.82,0,2,1575.66,82,359.46,0
31.09,55.81,11,27,28941.04,118,50.0,1
9.24,34.87,1,3,4722.88,70,324.53,0
11.2,40.58,0,4,1318.07,64,323.42,0
10.24,28.01,1,1,543.49,69,247.41,0
26.26,72.34,8,6,249649.17,134,340.96,1
4.69,23.75,0,3,703.82,80,142.24,0
4.29,12.9,2,2,89.51,73,283.49,0
46.24,50.68,162,209,237413.44,116,257.63,1
72.53,72.91,0,1,165488.99,100,272.19,2
15.13,20.88,2,3,192.75,91,423.5,0
29.52,60.43,8,28,751798.88,165,225.63,1
73.98,55.17,1,1,9626.03,91,138.73,2
70.44,75.49,1,1,35502.84,101,131.82,2
90.92,61.48,2,0,19796.91,105,247.86,2
7.19,28.49,2,0,2094.63,46,128.77,0
21.07,51.17,0,3,50459.74,89,299.92,0
8.32,39.89,0,3,4282.08,81,282.9,0
8.2,22.06,2,3,2503.75,83,319.58,0
3.64,16.67,2,1,5354.1,81,134.95,0
48.35,65.56,61,20,369567.36,141,221.97,1
92.48,62.18,0,1,11511.21,95,322.25,2
5.95,19.19,0,2,528.16,80,389.71,0
31.98,62.89,144,157,539109.98,121,428.13,1
24.58,61.67,126,197,1680156.81,134,349.34,1
87.15,77.12,1,3,109321.36,108,156.43,2
18.06,51.48,78,120,241906.19,106,161.14,1
33.65,51.25,122,160,238308.2,123,248.87,1
0.68,33.29,2,2,6247.59,92,370.85,0
9.76,38.41,1,2,315.64,79,133.71,0
13.11,41.61,0,3,1796.23,58,180.4,0
34.7,45.16,126,234,847612.09,151,260.83,1
7.35,16.1,0,2,957.5,60,157.33,0
47.08,54.05,121,197,458697.05,134,221.24,1
41.15,57.59,103,152,267436.58,105,261.51,1
7.88,22.9,1,4,9.64,84,326.03,0
4.99,35.75,0,1,135.41,76,155.96,0
8.33,27.93,1,1,211.32,62,332.01,0
3.91,29.25,1,0,1518.6,67,267.22,0
77.41,70.62,2,2,47489.24,87,271.37,2
73.63,95.62,2,1,16667.06,78,402.69,2
88.98,62.81,1,1,17276.32,81,222.01,2
2.68,36.56,0,3,3457.93,55,248.57,0
34.03,49.45,128,71,77073.25,149,313.02,1
28.94,49.41,4,20,15055.62,114,111.36,1
5.14,51.68,2,3,3602.91,89,306.44,0
6.06,26.87,0,1,1968.31,75,407.31,0
50.68,67.62,134,192,348117.17,125,125.3,1
24.24,80.69,97,156,931090.13,120,255.18,1
22.02,45.88,131,166,731848.46,107,436.67,1
38.17,56.99,113,190,191347.04,149,309.61,1
10.16,51.47,11,16,253008.4,115,282.69,1
2.82,21.94,0,0,1825.06,83,324.63,0
5.48,34.73,0,1,4775.8,75,360.23,0
52.3,64.25,46,211,397270.51,134,200.75,1
87.31,80.1,3,0,70935.06,110,406.34,2
1.94,19.31,1,3,2265.93,63,191.39,0
10.85,31.83,1,3,349.02,66,257.18,0
33.36,76.78,0,0,121428.77,80,258.24,0
10.57,15.91,3,1,4123.75,74,274.78,0
74.33,67.77,0,0,34792.75,106,289.58,2
27.26,46.61,3,22,162193.21,105,253.73,1
57.32,46.12,150,125,190359.94,127,217.21,1
14.71,65.48,180,87,974060.02,152,298.32,1
65.41,59.09,140,101,976436.12,108,155.11,1
22.38,50.51,97,174,243786.88,108,155.9,1
21.92,59.87,90,107,176695.02,138,266.13,1
38.56,63.0,86,142,82303.58,139,280.91,1
64.83,36.81,59,133,1388583.42,145,233.12,1
31.89,45.49,54,238,2124291.35,133,277.19,1
4.21,32.81,3,0,510.98,95,320.1,0
42.79,38.18,200,28,98317.21,128,316.78,1
22.68,45.84,52,124,666592.94,113,274.4,1
32.14,68.96,66,138,105507.73,109,257.38,1
7.72,35.76,1,1,3192.7,87,77.84,0
66.39,70.72,167,132,120083.6,96,50.0,1
12.04,24.11,2,3,1883.37,56,199.02,0
63.28,55.47,91,125,98013.45,121,247.8,1
7.43,42.31,0,0,7426.31,69,205.98,0
8.15,39.24,1,28,243442.68,123,128.2,1
6.95,36.25,2,2,1619.33,79,227.66,0
82.11,79.16,0,0,261468.54,83,271.2,2
30.07,62.11,2,1,11995.76,89,261.06,0
79.58,74.34,0,2,40115.99,116,203.74,2
73.37,85.03,3,0,110139.67,107,275.67,2
1.11,32.27,0,3,957.71,70,325.22,0
0.0,25.47,0,1,589.3,73,115.78,0
95.32,74.83,1,1,9928.93,93,288.91,2
77.01,71.01,2,1,9683.96,111,345.69,2
20.0,54.45,2,4,74483.2,110,301.14,0
64.82,85.16,2,1,3946.69,106,246.65,2
21.16,54.33,127,83,280897.38,122,310.11,1
41.48,40.86,12,5,81057.59,83,401.36,1
60.44,84.75,0,1,83375.66,107,279.16,2
10.0,57.17,118,175,146122.32,99,200.54,1
80.31,97.62,2,1,33336.48,83,300.11,2
50.0,77.61,1,0,45578.28,78,220.18,2
4.7,37.5,1,2,1620.96,78,76.24,0
6.33,28.71,1,3,9378.24,71,159.7,0
82.72,59.24,1,2,51713.05,129,336.21,2
4.85,29.94,0,2,4075.3,72,354.73,0
40.69,49.03,128,175,227945.04,128,360.54,1
95.38,98.0,1,0,189693.63,95,182.34,2
32.23,53.39,119,129,587175.02,135,228.56,1
13.2,51.08,113,145,367044.69,135,194.33,1
58.56,72.76,2,1,95893.28,116,335.76,2
87.08,67.75,1,2,131957.65,91,131.99,2
51.66,49.63,110,155,1652069.08,168,136.1,1
80.38,69.6,0,0,5479.08,112,316.05,2
33.45,56.95,33,114,703141.37,105,314.02,1
0.0,34.4,0,3,1373.12,102,339.82,0
78.1,79.4,1,1,68412.67,83,214.75,2
88.07,93.43,1,0,3197.75,92,124.71,2
0.86,21.51,0,2,1015.87,84,326.45,0
11.31,77.38,35,169,40732.8,111,344.8,1
65.9,48.41,45,171,547776.76,106,306.1,1
6.51,21.96,0,3,4101.52,89,294.83,0
2.75,27.87,3,2,211.54,65,379.75,0
28.86,59.1,83,138,997690.72,131,218.12,1
67.25,62.85,1,1,114094.69,74,249.35,2
63.84,63.59,0,1,87914.51,114,394.16,2
11.2,53.77,139,159,308064.81,115,274.35,1
100.0,77.83,1,1,153693.56,87,227.9,2
28.02,39.19,5,33,39663.91,118,256.12,1
84.06,55.0,1,0,14952.9,96,268.06,2
88.74,75.03,1,0,164660.15,116,380.62,2
44.39,45.08,158,235,172994.77,119,185.4,1
54.04,77.06,0,2,220352.9,129,361.57,2
38.26,64.73,127,70,503793.77,129,246.12,1
3.32,32.0,2,2,1360.88,78,261.34,0
20.48,37.59,6,20,4386.9,116,375.92,1
6.8,37.76,1,4,503.28,66,414.24,0
7.86,25.13,0,3,1759.5,72,263.11,0
41.18,61.63,111,152,188699.39,102,290.94,1
17.37,41.31,160,128,726347.1,119,283.62,1
65.43,57.44,108,145,90220.25,120,398.94,1
48.51,60.4,114,133,19915.72,134,276.96,1
5.64,22.51,1,1,589.62,69,242.8,0
1.88,25.01,1,2,1138.64,110,91.65,0
13.42,62.99,49,175,149514.88,144,286.81,1
25.73,49.42,147,137,381184.69,122,184.75,1
70.12,77.31,1,2,928.05,71,311.42,2
29.8,46.99,141,182,223700.68,101,333.67,1
100.0,77.35,0,2,63793.07,76,321.89,2
43.0,67.45,144,174,265812.78,122,280.62,1
7.22,33.19,2,1,9124.38,100,489.64,0
7.16,22.12,3,4,3980.58,76,207.18,0
5.28,35.62,0,3,367.36,68,337.84,0
11.9,40.39,1,1,1836.69,68,155.87,0
21.03,46.24,178,197,1674239.54,140,453.14,1
71.11,55.0,0,2,100314.67,109,232.58,2
0.0,20.37,2,2,237.45,65,249.93,0
41.38,68.3,0,2,72426.76,57,321.51,0
2.62,30.08,0,2,1830.4,86,163.9,0
2.95,31.64,0,0,1597.26,82,175.73,0
9.97,64.55,7,16,321562.92,125,365.44,1
87.32,75.23,1,2,287375.48,101,352.39,2
39.74,25.0,4,0,3284.43,90,303.57,1
18.34,25.12,156,134,2122760.39,89,406.61,1
5.3,17.33,1,1,1428.09,67,208.63,0
0.49,28.51,0,0,3850.45,102,406.52,0
34.73,37.56,0,2,33794.66,103,240.9,0
7.62,27.28,0,2,1637.23,93,268.15,0
46.43,55.01,147,166,480219.81,110,520.87,1
10.0,66.05,119,166,18768.01,103,235.27,1
11.79,52.64,90,129,104580.97,116,230.23,1
36.66,58.66,114,179,54190.68,103,212.18,1
11.04,29.68,1,2,1064.78,95,135.89,0
14.85,25.91,90,169,183792.02,134,359.19,1
7.28,33.01,0,1,4622.38,77,365.11,0
65.79,63.83,2,1,239616.82,100,325.88,2
57.89,66.29,85,148,95651.05,95,315.68,1
13.29,27.56,2,3,129.55,86,212.87,0
59.38,62.82,0,1,124535.98,89,227.71,2
8.18,34.87,1,1,345.24,79,180.51,0
8.09,29.93,1,2,613.01,76,228.92,0
29.21,44.69,0,3,42737.54,87,215.41,0
53.53,61.67,135,229,953301.86,92,271.95,1
0.0,25.58,0,2,3161.32,100,223.26,0
3.22,43.36,0,5,1425.5,85,178.87,0
58.88,53.51,84,200,275109.91,111,201.98,1
6.18,37.79,0,1,670.98,80,300.14,0
50.0,71.5,0,0,130247.61,105,300.85,2
87.4,71.2,1,1,3504.06,115,223.75,2
9.08,46.67,1,1,639.69,90,255.89,0
44.63,59.19,160,152,143321.2,99,210.18,1
36.05,52.39,43,179,125161.87,124,250.28,1
5.14,30.1,0,7,6055.56,107,208.33,0
10.05,17.34,0,4,895.51,51,118.71,0
49.88,77.85,109,180,114429.9,152,69.4,1
68.39,82.16,2,3,12996.87,69,222.88,2
54.99,60.54,0,1,16606.37,66,227.17,0
8.54,19.38,3,2,467.63,76,325.45,0
17.38,62.62,5,16,193825.92,104,189.49,1
77.03,87.66,1,1,113671.13,105,267.78,2
12.58,28.28,2,2,2015.89,109,327.85,0
65.46,45.96,180,158,1009708.11,147,240.66,1
42.56,70.47,39,109,819098.3,157,108.59,1
6.27,36.15,3,4,299.54,66,209.72,0
90.76,75.76,1,0,1986.45,73,344.86,2
6.93,41.41,2,2,3986.81,58,257.25,0
5.6,36.26,1,1,2305.54,94,243.47,0
98.45,87.1,1,1,116626.83,86,236.28,2
90.5,98.0,1,2,24513.49,79,370.71,2
3.65,36.07,2,0,257.88,92,331.46,0
79.63,79.82,0,0,34004.16,77,241.09,2
15.51,45.77,4,17,47329.58,126,361.09,1
1.54,24.0,2,2,2499.98,61,257.46,0
8.95,20.48,0,4,6861.5,88,282.92,0
10.0,54.07,103,144,599518.31,129,389.42,1
9.88,34.64,1,1,2291.12,81,360.68,0
9.01,30.58,2,1,307.77,64,330.26,0
13.27,50.13,67,165,629373.32,91,210.31,1
10.12,23.45,0,2,8615.44,72,166.59,0
54.11,50.13,93,218,151545.91,143,298.51,1
8.92,27.34,0,5,3602.06,72,399.92,0
0.0,21.6,0,4,3042.07,67,250.45,0
43.91,64.59,161,185,2553861.36,135,296.63,1
56.55,69.99,1,2,43078.05,107,132.0,2
71.49,66.22,3,0,62961.36,125,224.09,2
31.77,45.91,3,0,273501.72,100,259.49,1
36.22,32.95,95,160,5000.0,116,304.09,1
68.9,81.93,3,0,49848.03,101,125.5,2
82.38,94.98,6,0,122308.43,113,219.16,2
0.47,19.28,2,1,4420.96,63,303.93,0
46.95,75.0,94,143,597314.48,128,249.89,1
4.0,24.83,1,2,134.78,79,116.58,0
33.32,32.98,1,0,41776.82,74,83.16,0
10.91,28.23,0,2,3790.71,71,282.02,0
5.93,33.95,0,3,742.84,90,240.27,0
50.86,63.99,150,20,640765.09,132,320.94,1
32.74,47.98,65,118,230023.15,94,265.46,1
49.37,60.07,58,190,954209.78,142,305.29,1
84.41,87.57,1,2,14579.91,113,361.73,2
17.41,69.59,170,251,35902.77,135,292.95,1
3.39,21.64,1,2,1071.82,90,357.22,0
64.17,66.78,0,2,52954.32,118,273.89,2
4.36,20.49,2,3,500.63,71,176.33,0
82.13,89.98,2,1,8.14,120,427.84,2
48.6,44.42,139,146,521061.1,170,248.84,1
1.73,22.86,1,2,1763.21,94,228.26,0
31.45,25.94,6,5,215652.38,111,300.64,1
57.89,72.05,0,1,17478.15,71,365.85,2
1.88,36.07,0,0,2274.8,84,196.92,0
33.53,50.73,31,129,107212.82,92,279.5,1
40.39,57.62,1,1,12178.1,103,400.39,0
77.42,66.81,0,0,313501.68,117,232.91,2
6.44,42.99,1,4,402.95,80,351.77,0
42.16,55.59,146,104,40912.77,108,136.7,1
82.08,82.27,0,1,46616.82,132,147.87,2
20.6,48.77,4,12,566427.73,121,87.45,1
85.36,85.97,2,1,48046.04,90,187.63,2
38.05,80.62,136,174,138008.04,118,275.75,1
100.0,75.55,0,0,5446.06,103,243.52,2
12.78,60.32,50,51,1067614.35,125,167.03,1
55.06,54.96,99,136,507363.42,125,378.87,1
12.13,36.79,2,2,4009.16,80,156.28,0
13.26,39.11,5,23,86643.78,120,193.11,1
83.9,62.93,0,0,460696.79,109,301.99,2
12.47,32.82,1,2,847.71,88,196.49,0
27.8,48.46,5,1,105667.46,161,416.53,1
5.54,24.79,1,1,4041.36,90,231.24,0
12.11,53.43,2,19,197807.03,144,265.09,1
5.0,67.02,5,14,49470.9,110,305.78,1
38.59,56.82,137,192,301582.77,136,288.17,1
42.86,56.57,124,117,297098.66,82,259.95,1
20.08,52.99,4,10,127512.86,110,220.49,1
70.83,81.61,0,0,249048.81,117,164.37,2
79.76,80.25,3,2,95504.64,120,153.34,2
42.33,63.55,130,55,453709.73,83,124.53,1
37.06,25.0,177,20,112903.76,140,295.2,1
10.99,27.97,0,2,861.87,84,87.86,0
62.93,72.29,0,1,198070.24,94,401.56,2
15.15,60.88,125,111,755387.48,119,312.58,1
31.13,64.1,1,30,239781.46,160,230.45,1
47.8,71.01,136,161,143845.44,144,203.69,1
8.67,27.68,0,0,1846.42,53,257.48,0
35.73,68.22,173,127,242996.34,120,331.85,1
97.79,67.05,2,2,27423.22,77,296.41,2
32.66,49.58,7,34,8289.39,143,335.31,1
7.66,46.36,3,3,1925.72,81,178.61,0
97.46,77.01,0,0,8602.57,96,154.99,2
15.85,43.93,85,213,39786.22,109,377.67,1
15.11,40.97,1,2,1774.37,77,237.46,0
0.0,28.75,1,2,1600.4,89,168.56,0
8.31,15.22,0,3,4010.63,65,264.82,0
29.45,55.64,0,3,13030.59,90,114.66,0
62.16,88.21,0,4,154078.99,74,283.02,2
40.1,64.45,170,201,805425.44,112,430.45,1
1.55,29.86,1,1,5910.32,73,328.96,0
6.89,37.83,2,2,2517.79,92,281.95,0
5.65,36.91,2,4,6981.8,77,237.26,0
7.94,45.96,0,3,728.73,90,241.59,0
3.05,29.01,1,0,639.38,97,284.94,0
48.26,42.99,88,90,1085250.24,154,194.31,1
6.22,34.77,1,2,210.62,96,389.82,0
0.0,29.24,1,1,270.52,94,421.8,0
54.72,97.59,0,1,124480.31,96,301.94,2
73.95,90.37,0,1,88707.45,113,350.21,2
4.49,31.43,2,3,1004.29,63,155.77,0
41.15,37.95,90,182,67689.54,128,263.57,1
78.93,69.14,0,2,86323.54,90,124.11,2
5.82,26.2,1,0,1290.21,69,165.17,0
37.74,59.29,175,93,1031544.25,148,188.57,1
5.66,18.56,0,2,1724.42,73,332.74,0
17.9,47.44,92,224,902329.98,114,248.16,1
0.0,32.9,0,1,2206.05,92,258.22,0
86.0,59.31,1,1,13379.59,114,312.53,2
4.4,44.18,1,3,1354.03,90,172.53,0
3.66,31.01,1,2,210.2,92,195.45,0
2.38,27.21,1,1,1885.87,83,263.37,0
25.54,59.02,134,220,155949.93,103,191.4,1
0.54,37.75,1,3,1094.03,104,389.72,0
89.11,79.55,1,2,8524.26,95,285.73,2
1.92,32.28,0,2,2314.93,75,56.1,0
16.1,70.16,5,3,790905.25,98,259.02,1
10.35,22.07,2,0,2552.42,93,190.6,0
27.05,66.09,155,154,557141.28,110,262.53,1
92.51,82.14,0,3,332423.71,119,165.96,2
29.99,67.45,58,156,1198507.65,127,420.93,1
74.95,86.61,0,3,33677.08,90,170.04,2
0.0,21.98,0,4,3976.04,73,232.29,0
25.56,64.75,110,171,1217310.05,126,254.84,1
36.35,53.42,149,110,339887.23,103,231.75,1
0.0,23.06,0,4,1098.39,71,276.81,0
3.26,29.23,3,1,3122.4,63,135.54,0
91.89,73.69,0,1,46067.51,129,203.68,2
36.38,25.0,9,17,81298.71,87,150.46,1
4.89,42.46,2,2,850.86,55,245.51,0
17.28,43.28,4,12,386729.05,143,170.6,1
91.35,89.35,1,2,36849.16,135,199.38,2
33.88,49.23,121,153,659141.82,127,230.24,1
96.2,83.41,1,4,85051.45,99,392.8,2
56.49,33.92,176,140,408667.17,132,343.34,1
79.58,94.73,1,0,284695.94,107,241.53,2
21.51,45.48,125,230,501435.71,71,346.71,1
3.14,16.17,0,2,885.44,106,212.62,0
34.87,67.52,162,198,75123.3,105,394.07,1
24.23,59.83,4,7,106060.79,100,308.55,1
77.67,75.33,1,0,242776.96,91,379.72,2
88.94,67.09,1,2,35625.2,67,347.33,2
0.0,26.46,2,2,1083.6,81,338.8,0
1.29,21.01,0,2,1913.34,83,144.44,0
45.42,30.0,1,2,1513.74,118,194.49,0
24.01,26.53,1,13,168108.35,117,262.86,1
84.22,71.58,2,0,52218.12,106,181.65,2
4.55,27.86,2,1,10.44,88,422.66,0
1.13,26.43,1,2,4377.11,80,272.7,0
27.0,47.13,113,176,105869.72,145,266.68,1
81.44,73.14,0,0,157364.24,126,228.37,2
21.67,72.67,5,18,213420.84,100,323.55,1
6.26,29.37,2,2,996.46,77,156.9,0
35.4,60.19,219,132,1630155.54,141,280.43,1
48.79,35.05,1,3,28188.15,112,295.84,0
25.64,39.86,2,2,6052.27,91,168.02,0
18.25,48.89,12,24,538192.73,71,298.29,1
46.97,61.15,77,199,517687.73,111,217.04,1
5.38,22.17,0,1,887.21,92,337.83,0
4.42,15.9,2,0,547.71,72,262.65,0
3.44,35.68,0,3,3463.47,75,228.9,0
9.31,36.94,1,4,797.11,77,220.82,0
87.29,70.06,1,1,94562.99,101,343.91,2
70.69,70.7,1,0,47360.66,99,232.96,2
11.24,15.18,1,4,1176.73,87,299.85,0
44.46,65.48,160,119,168820.44,118,183.2,1
49.65,58.87,149,178,299912.79,122,241.28,1
77.12,65.48,0,2,5105.97,112,264.91,2
7.3,20.48,1,0,1035.1,64,325.05,0
5.4,46.97,1,2,828.08,97,331.49,0
38.2,76.8,69,203,49729.45,110,299.23,1
98.62,55.0,0,1,140845.95,82,364.78,2
50.4,51.95,95,201,950974.92,122,151.14,1
35.4,68.7,114,153,29410.07,106,283.28,1
75.88,69.55,1,1,517227.45,88,275.54,2
35.56,69.89,87,200,54341.71,121,162.04,1
10.0,60.28,92,302,367223.52,133,278.07,1
8.79,42.26,1,4,6159.33,64,280.7,0
61.19,73.59,1,1,16459.49,106,372.14,2
14.24,55.75,8,27,24765.9,117,236.2,1
8.53,40.3,0,5,569.58,107,314.0,0
50.54,55.4,154,237,1404409.09,136,269.33,1
15.37,45.64,178,205,706747.9,100,291.36,1
6.04,30.47,2,3,4905.74,94,253.83,0
41.4,52.18,76,197,975248.74,135,101.94,1
42.91,49.55,137,176,261292.29,105,322.47,1
42.67,44.16,111,179,743917.07,127,291.09,1
71.62,76.14,0,2,111703.57,61,258.16,2
28.6,51.77,117,156,534701.84,112,152.96,1
62.7,66.45,3,1,183314.93,94,321.96,2
30.24,62.28,9,23,65590.05,95,226.83,1
12.73,61.21,60,148,1812770.65,85,322.16,1
0.72,27.18,3,6,1311.68,81,195.6,0
89.91,61.6,2,0,76028.0,86,218.78,2
96.82,80.08,0,1,14582.14,85,237.16,2
9.01,37.23,1,3,3247.2,92,383.93,0
100.0,71.65,0,1,43163.22,110,233.39,2
76.51,66.99,1,0,116801.1,80,200.55,2
12.21,52.92,70,39,45758.6,109,274.86,1
0.0,41.88,0,3,1947.06,86,187.09,0
24.87,56.89,3,18,296320.6,121,335.33,1
0.0,33.03,2,2,2288.48,104,174.36,0
4.78,34.68,1,0,937.06,73,243.16,0
27.45,50.77,156,167,587420.75,123,375.67,1
13.19,18.66,2,1,1638.93,63,203.85,0
10.66,42.23,0,0,1114.66,78,135.9,0
10.0,41.68,105,156,955751.16,111,225.6,1
0.0,34.58,0,2,1596.88,57,323.67,0
20.9,90.0,138,137,92333.77,92,254.59,1
79.64,83.27,0,0,38459.82,112,294.48,2
6.01,32.88,0,4,1882.39,67,208.99,0
81.64,91.12,1,1,151227.22,67,191.7,2
16.04,59.7,121,172,535159.92,137,235.25,1
37.04,52.47,128,118,416540.73,135,196.8,1
4.22,42.0,2,2,417.58,77,312.76,0
92.47,84.57,1,2,284724.08,117,371.81,2
6.57,38.34,1,2,3459.1,65,248.43,0
9.06,45.99,1,2,1416.63,98,325.96,0
36.83,52.66,2,0,86935.38,90,86.03,0
71.96,55.0,3,4,33140.32,111,182.51,2
7.05,20.3,1,3,1329.27,100,259.18,0
5.13,23.48,3,2,816.9,102,247.61,0
35.9,63.43,172,188,95354.27,117,394.14,1
91.0,75.53,2,1,104324.43,122,326.62,2
10.46,67.82,3,13,249544.37,96,262.39,1
8.7,36.22,2,1,287.06,69,396.82,0
20.13,59.83,9,15,864213.06,89,364.92,1
81.54,83.83,0,1,110655.99,132,235.27,2
2.87,22.82,0,3,2992.69,103,281.51,0
36.85,40.3,94,73,613596.67,98,376.83,1
10.0,66.58,87,295,435509.37,105,354.43,1
2.94,26.36,2,1,917.11,63,129.91,0
6.61,29.32,0,1,661.59,68,304.51,0
63.83,49.17,30,180,10071.36,107,405.6,1
27.73,44.09,3,10,58225.82,116,205.21,1
24.42,27.91,114,65,65418.74,125,259.61,1
5.84,36.81,0,1,426.44,71,258.86,0
7.41,21.2,4,0,1101.5,87,477.97,0
29.46,51.58,85,220,298967.34,104,304.72,1
27.49,46.54,125,62,8111.7,105,354.11,1
0.0,33.91,0,3,3479.9,89,359.23,0
74.85,71.24,2,1,88456.48,121,243.16,2
4.81,23.11,1,3,279.59,93,207.49,0
50.99,55.06,119,120,180252.9,133,308.77,1
84.42,66.09,1,2,84302.09,112,500.24,2
43.89,76.28,92,85,76063.76,120,323.92,1
0.85,18.18,1,1,398.0,61,249.76,0
12.91,36.83,1,0,1758.38,71,262.94,0
4.91,28.65,1,1,4879.24,79,229.31,0
43.74,57.13,177,158,81647.82,106,280.39,1
5.55,36.36,1,1,840.3,67,218.09,0
7.16,17.35,2,1,1512.02,61,215.24,0
6.35,28.09,1,1,2124.08,85,176.64,0
9.41,25.0,7,24,69711.25,105,286.22,1
3.32,42.29,1,4,1163.92,72,194.86,0
43.11,69.42,41,155,57109.29,103,244.49,1
21.58,49.35,134,182,861028.51,98,376.62,1
8.9,33.16,0,0,285.73,70,104.22,0
3.1,31.16,0,2,679.15,88,154.5,0
74.55,72.11,2,0,43784.36,82,229.68,2
43.46,35.14,138,216,209371.1,77,248.5,1
34.47,58.79,94,66,20772.51,117,315.88,1
86.59,73.39,1,0,173025.85,95,141.28,2
0.0,35.79,2,3,1446.78,69,143.02,0
36.42,41.69,205,116,343115.69,102,333.82,1
17.62,40.94,0,3,1921.8,77,266.41,0
22.54,60.86,174,33,2112232.8,100,217.62,1
5.14,29.62,0,2,1034.0,82,229.68,0
36.26,60.05,131,97,88869.11,153,127.6,1
7.56,33.22,0,1,396.81,85,310.46,0
0.0,32.72,1,0,3478.62,46,278.6,0
2.24,33.84,1,3,9584.09,87,209.3,0
92.3,74.55,3,1,16203.88,109,186.15,2
16.66,32.27,75,149,1199570.03,86,238.72,1
39.42,38.57,193,105,498528.47,147,235.0,1
0.0,26.94,3,1,1573.82,84,279.48,0
4.51,43.77,1,1,995.1,79,316.34,0
73.45,48.38,107,115,51420.87,126,461.06,1
41.86,56.94,1,1,19716.88,87,125.17,0
75.4,69.13,0,1,14939.66,120,295.52,2
30.27,46.04,93,137,726210.59,137,206.37,1
90.18,81.49,3,1,156680.21,87,133.8,2
4.67,51.92,2,0,3289.74,93,224.86,0
19.33,47.61,13,0,305941.87,102,199.93,1
51.81,76.58,1,1,6681.81,107,260.21,2
20.17,63.65,11,19,59489.51,92,231.09,1
2.33,38.13,1,4,724.79,61,232.92,0
52.66,63.81,105,136,31077.88,91,309.83,1
21.37,46.07,81,235,91921.63,121,270.27,1
50.19,42.6,0,2,182199.93,103,289.57,0
0.0,29.86,1,2,2100.83,78,304.67,0
3.11,32.28,0,2,3686.19,92,272.15,0
3.91,27.04,0,3,1633.06,89,150.55,0
30.58,30.15,158,122,578236.4,106,140.28,1
40.97,25.0,187,35,1376955.81,82,369.7,1
2.67,35.71,0,3,2965.07,74,182.21,0
10.27,56.43,132,111,175454.33,115,202.22,1
22.49,43.15,7,26,699507.96,70,193.7,1
49.58,55.2,136,68,333782.2,144,176.89,1
78.98,55.0,1,0,5438.46,108,235.0,2
9.96,33.64,0,5,739.52,84,209.7,0
8.76,30.17,1,0,6105.19,113,170.09,0
56.13,53.2,110,143,303480.96,108,367.77,1
7.85,29.23,0,2,3785.01,61,336.48,0
19.67,59.51,132,166,5000.0,132,226.59,1
3.5,30.56,2,2,636.23,121,219.01,0
18.3,67.63,115,93,786926.16,115,127.61,1
5.18,22.75,0,2,1500.24,61,293.52,0
0.07,32.14,1,4,2473.71,78,280.17,0
15.55,21.61,0,5,98.74,94,300.06,0
2.36,21.32,1,1,529.16,87,326.48,0
10.7,21.65,1,4,640.51,67,269.95,0
49.96,59.67,125,293,738633.09,137,50.0,1
72.04,56.73,0,0,51207.06,107,309.86,2
10.0,65.7,122,104,1227134.38,135,105.83,1
54.21,53.17,103,70,726639.82,115,241.28,1
58.09,57.84,30,207,483630.92,131,203.94,1
83.67,74.84,1,0,29015.31,93,329.1,2
16.39,53.05,5,30,72338.51,105,217.43,1
87.1,64.62,2,1,11282.28,123,300.26,2
58.0,78.45,1,1,54116.26,95,260.36,2
6.54,45.31,1,2,1512.12,70,258.71,0
10.84,32.57,3,3,101.8,101,201.58,0
77.77,70.86,1,0,63847.81,120,220.63,2
12.29,19.11,0,0,6144.15,79,207.24,0
8.34,30.18,1,3,1979.21,53,161.65,0
29.33,55.65,137,186,396149.94,104,263.26,1
48.79,69.16,87,179,157223.71,126,324.0,1
1.81,20.2,1,1,1688.47,85,161.11,0
15.25,32.78,7,23,95714.0,129,216.4,1
17.73,75.2,116,198,141753.74,144,366.6,1
61.92,65.96,2,1,174270.36,105,268.51,2
92.72,70.64,1,1,32964.21,112,229.97,2
73.46,76.51,2,1,23474.42,86,400.03,2
3.47,27.85,0,0,3945.9,81,301.23,0
79.15,74.32,0,1,110044.91,115,241.44,2
5.84,33.57,1,1,816.48,59,214.72,0
59.69,47.82,1,2,150233.78,104,225.48,0
86.62,96.47,1,2,11150.61,78,279.48,2
69.91,55.0,4,0,90930.55,95,275.26,2
74.18,70.07,2,1,24191.88,115,270.74,2
27.63,55.13,8,29,149839.35,88,133.96,1
5.34,32.51,0,3,719.54,66,204.63,0
3.91,41.59,0,2,296.32,91,166.79,0
49.71,40.51,0,2,19202.75,91,177.72,0
17.88,57.86,145,126,825260.35,115,278.63,1
5.54,25.12,0,3,2050.93,57,358.68,0
6.38,31.6,0,2,3869.36,77,283.37,0
37.43,32.14,3,25,321915.29,136,220.0,1
26.8,56.15,202,133,103535.11,124,233.85,1
31.08,55.85,195,170,28099.02,119,296.6,1
7.29,34.92,2,2,238.41,74,158.45,0
1.19,29.54,4,0,2008.78,82,313.09,0
86.5,84.45,1,0,2651.49,99,340.41,2
84.5,91.59,1,0,2927.48,98,113.69,2
44.09,63.88,5,33,198693.83,88,155.7,1
5.0,43.2,4,0,97365.98,95,199.33,1
10.23,28.86,0,2,3030.5,85,501.61,0
18.52,51.04,108,156,437454.01,84,311.31,1
5.66,19.44,2,2,167.82,97,247.3,0
44.47,38.81,0,0,152403.08,74,372.0,0
6.05,41.89,0,1,281.79,83,146.27,0
1.77,45.12,3,3,5.61,68,319.75,0
50.2,43.83,94,139,994047.81,95,252.66,1
76.81,74.75,0,1,278919.09,108,210.18,2
2.53,30.8,1,2,18975.75,56,241.08,0
37.61,58.79,113,47,78804.15,115,220.95,1
26.56,25.0,144,134,64820.19,113,143.73,1
11.28,32.06,0,0,416.34,85,357.2,0
38.53,65.91,47,110,519932.97,111,226.55,1
92.76,64.24,1,0,227150.27,84,245.43,2
0.0,29.61,0,3,1400.14,92,331.52,0
8.48,19.77,2,1,1386.92,84,267.35,0
73.82,66.37,0,1,61315.58,71,267.26,2
86.12,85.24,0,0,25809.3,96,366.8,2
37.59,46.48,118,129,406168.38,84,220.77,1
22.09,56.91,164,202,1554159.52,108,134.96,1
9.05,40.25,1,1,1102.32,92,275.14,0
38.79,47.85,129,124,233688.38,95,273.78,1
54.71,45.92,2,1,16353.92,97,257.31,0
7.28,34.52,4,2,314.39,92,149.67,0
37.94,66.79,90,224,403638.77,117,278.73,1
45.97,52.87,70,168,391539.86,104,426.52,1
68.77,81.71,0,0,8404.91,81,177.91,2
32.91,35.29,85,256,1665942.77,125,145.52,1
47.9,35.85,2,0,50943.29,104,281.55,0
6.36,27.8,0,3,1110.06,96,355.25,0
3.19,25.14,1,1,95.7,65,163.52,0
73.03,72.52,1,1,454064.71,80,83.47,2
9.84,42.81,2,2,359.98,90,360.11,0
24.22,53.69,93,174,126363.26,123,245.46,1
37.25,63.24,3,26,146801.7,103,325.74,1
100.0,79.62,0,0,10387.39,104,247.47,2
10.29,23.52,2,2,5864.45,97,52.06,0
50.75,43.37,135,140,995584.7,142,279.69,1
36.33,56.94,118,193,598447.25,140,191.02,1
34.11,26.53,8,32,221543.56,129,266.7,1
4.8,34.56,1,2,2495.38,88,111.07,0
6.47,29.02,2,1,4986.84,90,302.59,0
28.11,47.55,88,175,69549.81,113,451.13,1
67.75,50.87,103,105,2188985.76,96,421.42,1
3.52,14.1,2,4,161.07,81,359.9,0
11.91,10.0,1,4,3703.0,77,341.93,0
7.36,39.25,0,2,519.4,104,206.26,0
2.1,36.21,4,0,3257.76,82,224.73,0
43.71,68.62,185,175,106068.07,71,137.13,1
46.03,42.52,140,148,238107.91,119,181.02,1
56.61,52.91,103,183,46587.33,116,282.42,1
75.61,69.13,2,0,18709.79,108,335.65,2
6.28,32.69,0,2,1349.11,81,223.51,0
50.79,57.04,93,109,221307.91,145,351.92,1
0.0,13.16,0,1,139.72,106,305.23,0
79.77,64.56,0,2,194464.0,111,165.16,2
0.88,34.82,1,2,46.65,85,231.37,0
41.16,41.8,129,205,406046.15,118,229.86,1
5.24,18.94,1,1,292.37,71,228.43,0
25.83,40.28,4,23,18898.42,119,286.6,1
41.3,39.03,134,97,968554.35,140,159.86,1
10.0,48.5,102,336,492598.6,115,245.13,1
9.52,12.44,1,2,2106.05,109,210.76,0
39.23,59.31,2,5,806.38,115,177.28,0
74.4,90.63,0,0,15866.67,73,175.34,2
34.57,36.86,0,2,106971.68,100,343.76,0
27.95,72.53,0,3,21833.03,69,239.8,0
5.68,31.93,3,1,1625.86,86,301.17,0
65.91,63.73,3,1,192703.13,107,271.59,2
32.07,48.22,0,1,35568.1,98,234.2,0
53.86,48.61,172,151,1276405.11,118,226.97,1
37.29,45.78,117,100,273406.55,129,334.11,1
32.3,59.1,98,117,489754.4,154,204.96,1
30.94,61.22,172,156,346745.36,143,267.19,1
11.89,14.49,2,1,238.19,87,164.81,0
13.45,44.76,4,2,259414.92,130,175.82,1
37.91,61.85,9,22,49237.45,96,195.39,1
25.97,81.82,125,194,520279.43,103,220.83,1
8.05,39.86,0,4,4910.66,54,259.53,0
18.88,51.42,49,124,356818.16,156,418.18,1
4.72,35.31,1,1,1562.61,71,370.87,0
5.42,24.41,0,1,2115.58,60,212.75,0
24.87,55.13,199,157,322413.49,102,413.51,1
13.24,26.23,1,3,2050.67,90,224.09,0
3.76,24.66,2,2,800.16,88,194.21,0
72.46,90.66,0,1,51535.79,102,383.96,2
68.86,93.8,1,0,60564.92,63,281.84,2
6.56,19.02,0,2,809.99,66,224.99,0
87.72,80.02,0,0,52081.35,98,101.36,2
36.26,60.64,2,0,160266.04,108,241.4,0
33.3,50.54,125,96,88257.57,107,196.9,1
8.41,23.23,1,1,130.89,73,267.22,0
45.56,67.37,156,118,6294.71,127,105.19,1
20.0,48.25,3,3,2202.44,116,74.0,0
10.9,69.5,9,7,78495.34,115,434.55,1
25.32,47.88,8,27,186433.3,107,354.52,1
29.01,35.22,113,78,5000.0,98,173.6,1
11.74,31.1,1,3,1543.47,85,242.17,0
27.87,79.88,125,307,581567.01,176,303.73,1
7.21,19.75,0,3,1951.79,70,219.42,0
16.06,44.49,6,6,504928.94,115,352.6,1
32.48,58.35,77,177,265501.37,128,384.11,1
34.23,49.04,130,164,484139.85,114,456.46,1
42.08,51.43,172,147,196603.56,128,328.5,1
74.91,85.17,1,1,3317.49,96,313.69,2
28.66,65.09,0,2,150251.3,81,271.17,0
12.48,36.39,1,2,1033.67,82,118.07,0
9.34,29.76,1,0,3831.38,79,279.6,0
82.43,74.87,0,0,211119.9,90,320.74,2
4.63,19.25,0,0,468.44,63,249.88,0
74.65,55.0,2,0,7637.46,119,295.17,2
2.67,45.7,0,1,1757.29,86,152.66,0
42.35,65.33,89,174,535876.89,128,116.76,1
22.36,69.92,41,273,464788.59,132,156.73,1
30.6,44.21,131,91,74324.41,145,257.75,1
6.91,39.51,0,1,1769.2,70,208.54,0
52.12,62.37,97,209,1188248.42,127,248.52,1
12.96,64.21,220,148,697506.43,125,238.14,1
55.17,58.75,161,124,357454.51,128,327.92,1
10.45,34.52,1,0,542.49,91,210.2,0
20.0,55.87,1,2,175804.41,116,341.14,0
21.52,33.69,6,27,182809.97,99,60.96,1
3.65,32.51,0,1,4241.39,57,207.83,0
11.0,38.67,1,1,356.96,99,323.59,0
45.46,57.28,76,121,97036.9,131,315.0,1
94.87,94.99,5,0,811.25,79,262.34,2
43.47,45.66,0,0,47641.9,97,360.7,0
2.93,27.97,0,1,449.25,91,344.71,0
33.63,62.51,71,125,2136142.38,150,260.93,1
66.89,58.79,1,2,8789.33,101,238.15,0
5.0,58.59,8,25,37428.21,100,199.9,1
29.9,43.86,141,133,65703.11,89,214.85,1
77.25,86.29,1,2,6468.48,127,230.37,2
32.19,53.5,75,102,963974.73,142,242.84,1
37.19,46.76,5,32,35559.48,116,257.15,1
24.16,69.62,30,137,857402.41,93,264.83,1
22.21,57.24,118,191,315378.43,130,329.32,1
30.35,55.25,167,127,26779.93,150,320.35,1
0.06,32.3,1,2,2925.13,67,198.1,0
76.33,85.51,1,0,40236.01,94,260.62,2
63.71,80.45,0,0,40188.3,127,158.39,2
54.11,70.78,100,163,990333.56,83,344.47,1
7.81,29.66,0,2,153.58,69,226.17,0
11.84,56.33,4,9,83333.28,124,105.1,1
3.49,47.91,3,2,294.2,84,259.92,0
3.73,23.18,1,0,1435.31,80,220.08,0
88.43,81.04,1,1,11027.78,132,241.92,2
7.84,35.78,1,3,458.77,72,414.11,0
52.74,74.99,174,129,12948.14,145,266.85,1
61.39,72.91,1,0,116122.35,101,294.2,2
33.8,42.51,8,28,180251.94,72,278.96,1
16.74,55.26,95,195,242544.88,123,71.09,1
0.21,29.67,1,2,5266.89,67,161.08,0
5.59,22.19,0,2,1181.43,98,190.29,0
70.3,64.17,1,1,35430.14,101,300.49,2
37.57,71.31,112,126,149371.19,119,353.61,1
7.31,28.63,0,1,371.39,60,245.83,0
62.16,82.41,0,5,52755.39,120,183.33,2
0.0,49.57,0,3,3200.64,69,140.05,0
7.81,38.62,1,3,276.51,64,129.91,0
69.51,86.77,1,1,9684.17,92,187.93,2
3.2,31.37,1,5,1592.17,105,277.17,0
21.26,62.11,142,168,642835.78,109,218.57,1
27.64,42.24,112,238,253909.09,133,160.63,1
79.02,69.86,0,1,184806.56,89,267.46,2
45.14,42.38,2,0,25502.12,115,181.12,0
20.0,54.86,1,2,84832.12,96,238.96,0
34.47,62.22,165,168,1156270.3,116,256.22,1
37.69,50.66,74,218,250141.29,131,200.19,1
95.51,77.59,1,0,68418.49,110,208.24,2
81.61,76.51,0,1,16295.49,91,298.26,2
46.34,74.41,0,1,81093.37,81,255.34,0
4.83,23.56,0,2,753.74,79,100.75,0
2.9,16.81,3,2,5933.67,129,255.45,0
83.42,63.14,1,1,40490.16,81,201.11,2
34.08,58.96,132,189,164116.49,115,90.69,1
7.57,37.99,1,2,334.59,73,244.42,0
4.17,41.57,1,1,1013.29,86,323.91,0
5.8,39.83,0,5,614.58,113,221.66,0
5.33,13.52,0,0,250.79,62,324.73,0
44.91,60.96,153,109,29141.3,124,307.16,1
79.81,86.18,1,1,125917.35,88,284.98,2
50.17,27.09,114,201,183217.26,105,227.76,1
39.37,49.0,34,83,567456.76,113,278.0,1
93.64,55.0,2,1,46949.78,135,339.53,2
6.87,27.25,1,2,4610.27,84,340.61,0
27.77,46.86,5,27,159088.37,91,92.56,1
9.63,27.57,1,0,1457.05,64,322.74,0
10.52,23.28,2,2,1302.05,62,313.07,0
6.44,20.5,0,1,1615.59,54,157.9,0
8.26,50.83,8,9,171984.5,98,292.32,1
39.75,67.4,4,36,2000.0,134,255.38,1
7.16,22.31,2,1,6033.29,79,203.69,0
0.0,15.18,0,2,2166.32,92,265.15,0
7.26,23.92,0,3,716.26,69,365.45,0
30.54,47.64,103,85,144101.55,115,347.56,1
42.4,56.24,138,42,875299.62,134,172.11,1
11.17,47.87,9,12,181001.06,107,195.48,1
87.62,75.71,0,1,196976.87,111,407.49,2
2.02,44.47,1,1,694.86,89,242.24,0
3.32,27.55,1,3,2685.94,105,74.59,0
1.28,33.41,2,1,141.87,84,223.56,0
91.91,65.63,1,0,209682.99,135,100.69,2
46.21,63.34,187,163,977236.31,100,264.0,1
65.65,56.04,118,169,94208.33,108,192.53,1
4.24,31.56,2,1,480.84,75,117.18,0
1.55,24.33,1,3,1911.67,42,284.09,0
2.75,27.34,2,1,2184.55,79,321.04,0
37.04,62.49,90,147,57011.49,109,128.72,1
53.22,92.16,0,0,12183.98,123,68.95,2
3.85,33.39,2,2,1674.72,69,220.75,0
23.37,66.8,197,145,68243.37,81,222.55,1
53.77,61.9,1,0,152606.22,76,278.95,2
53.69,84.94,1,3,24600.5,88,268.06,2
0.0,26.96,2,1,911.84,80,105.8,0
6.71,22.93,0,4,1031.73,97,238.99,0
6.96,22.34,2,3,517.82,74,188.25,0
3.87,22.28,2,1,3040.15,68,358.15,0
82.82,74.05,1,1,70578.46,100,184.21,2
44.5,34.46,6,17,438020.15,138,274.48,1
24.45,71.54,83,171,1152139.55,122,290.66,1
15.83,58.56,80,171,301958.63,148,329.76,1
3.04,27.85,1,3,2665.06,101,320.54,0
39.47,37.99,3,34,397248.7,111,171.47,1
64.53,72.37,0,3,22762.33,98,246.47,2
8.22,35.47,2,0,8283.89,96,297.61,0
69.86,55.74,1,0,178981.68,109,380.82,2
9.26,36.06,1,5,2803.43,90,206.71,0
2.37,19.76,1,2,890.89,63,260.24,0
65.51,73.48,0,0,43485.27,110,309.66,2
11.04,49.97,119,100,67212.11,126,193.72,1
51.81,62.75,174,103,288018.0,112,204.59,1
3.88,19.23,0,1,634.9,60,257.52,0
5.38,33.99,0,1,542.54,112,141.35,0
70.58,81.09,0,1,104285.48,105,125.41,2
48.68,61.15,149,115,1055607.9,111,362.02,1
13.26,55.81,7,25,76974.86,121,328.95,1
15.32,19.86,2,1,51.16,95,236.22,0
39.5,62.84,112,20,75056.45,104,395.21,1
36.81,69.23,53,187,590778.4,110,315.22,1
75.41,69.65,3,2,6852.28,90,91.88,2
12.82,21.21,0,1,277.12,74,265.13,0
4.65,32.94,2,5,3301.23,69,267.44,0
13.3,30.94,0,4,570.16,86,122.73,0
57.88,44.87,100,76,189916.41,124,121.48,1
49.58,68.63,56,136,371861.12,96,230.88,1
75.1,68.44,0,1,129332.89,103,230.13,2
8.08,36.38,0,0,56.84,79,132.81,0
37.77,56.49,101,130,1196180.96,110,288.89,1
83.15,72.14,1,0,99608.54,117,330.75,2
23.23,37.59,67,164,2206602.63,112,361.04,1
50.82,44.39,94,166,376377.16,154,177.23,1
12.91,51.41,125,156,114529.58,116,280.93,1
0.0,29.03,1,4,4061.6,83,153.63,0
31.12,90.0,170,112,181615.15,95,359.69,1
44.25,63.13,0,1,97509.85,79,108.06,0
5.7,32.65,0,1,1055.41,85,313.24,0
12.12,39.05,2,5,1431.78,70,146.22,0
2.53,21.3,0,4,373.91,67,263.52,0
23.95,37.27,2,27,2000.0,130,259.08,1
70.48,58.23,1,1,94293.32,92,50.0,2
70.29,75.81,2,1,13030.41,108,355.64,2
50.01,61.79,92,168,724365.06,79,354.81,1
11.35,24.39,0,1,948.27,80,253.85,0
37.5,44.16,0,1,68106.65,67,377.12,0
16.97,39.77,11,37,111261.21,117,252.4,1
80.78,67.7,1,1,57011.01,121,188.32,2
3.89,45.26,0,5,1085.15,81,251.07,0
41.37,60.53,1,2,142124.27,112,162.43,0
32.98,48.59,98,157,420637.02,102,349.66,1
6.34,15.13,1,1,3068.79,81,136.59,0
10.0,69.72,135,99,268198.87,104,280.57,1
6.46,24.97,2,2,1678.29,83,367.24,0
5.1,32.08,1,2,781.26,99,189.77,0
44.46,40.91,143,146,210776.27,157,271.58,1
35.68,68.88,117,136,668078.78,113,155.98,1
69.75,50.58,127,150,601159.24,106,152.38,1
9.87,40.61,2,3,1243.05,88,210.91,0
0.0,28.12,0,0,4050.07,75,281.02,0
30.48,40.61,8,7,233437.74,101,259.38,1
7.96,26.74,1,3,2632.0,82,316.43,0
62.42,42.17,100,129,885674.29,118,312.51,1
8.17,24.46,1,2,3985.16,76,109.62,0
72.86,68.21,1,3,123045.33,112,174.03,2
20.04,45.23,0,2,142966.42,59,264.44,0
5.18,29.89,2,0,26.04,71,261.75,0
9.63,33.86,0,3,5029.96,120,144.79,0
6.92,27.27,2,3,2177.19,101,162.34,0
80.02,75.15,3,1,286907.49,110,268.33,2
19.33,36.15,5,18,88609.51,112,220.57,1
14.79,72.28,80,142,418080.14,130,267.31,1
39.48,53.89,3,34,791301.56,152,195.98,1
47.52,70.88,84,94,15241.19,173,282.95,1
40.99,51.61,112,137,310704.35,101,249.91,1
74.82,71.92,1,0,46975.82,89,126.06,2
27.59,39.47,1,2,155449.35,55,301.69,0
50.35,69.16,58,95,118293.34,110,306.59,1
8.07,45.96,1,0,1105.8,68,327.91,0
10.37,32.72,0,2,335.36,76,395.48,0
8.36,37.2,1,2,180.3,85,291.64,0
7.68,28.85,2,5,1465.75,83,274.52,0
1.66,30.41,0,2,1544.17,68,158.6,0
0.0,20.3,0,2,1944.66,92,169.02,0
46.05,54.84,72,100,153615.94,99,183.56,1
22.56,40.9,122,106,344668.42,133,251.05,1
4.14,30.27,1,1,729.12,54,187.64,0
7.44,21.98,1,3,1074.2,85,323.8,0
16.85,28.32,143,140,705040.21,159,252.63,1
84.0,70.74,0,0,62937.14,86,288.42,2
0.57,20.93,3,1,4293.15,108,245.78,0
38.94,74.83,200,163,434869.06,123,219.09,1
5.86,29.52,1,4,202.88,88,205.89,0
9.01,34.98,2,2,1377.74,119,406.55,0
75.91,55.18,51,178,878939.18,123,267.42,1
8.55,19.24,1,2,704.78,80,261.43,0
24.34,68.09,69,116,555064.79,160,301.63,1
17.66,22.53,1,4,245.25,59,321.69,0
7.64,30.54,1,2,2972.98,94,282.45,0
80.26,89.37,1,0,85207.16,105,134.64,2
32.48,42.5,160,68,1647205.57,174,301.35,1
6.12,31.19,1,4,1992.83,74,329.76,0
97.35,76.61,0,0,71412.27,85,259.59,2
17.43,57.02,157,115,802782.96,128,239.21,1
62.07,54.92,1,2,20302.53,81,299.86,0
33.52,66.05,180,244,1567252.46,108,259.24,1
5.11,41.75,0,0,110.51,67,348.74,0
7.86,18.03,0,2,859.67,72,249.53,0
0.0,42.45,0,1,2197.54,100,279.92,0
23.52,52.79,9,10,34226.64,105,149.73,1
41.83,46.77,109,106,85450.99,99,229.54,1
65.5,84.03,2,1,192169.82,107,294.83,2
31.2,62.57,101,75,168346.59,114,58.37,1
31.08,67.5,92,114,264790.74,100,297.56,1
21.44,28.5,1,15,15337.13,139,275.37,1
44.19,41.8,141,117,59319.78,121,187.8,1
32.04,62.45,2,1,188706.42,132,124.75,0
27.53,64.45,69,133,656256.75,120,284.35,1
31.03,61.84,55,112,277904.22,140,221.79,1
19.72,38.22,156,154,621361.32,116,239.93,1
8.81,34.47,0,2,226.2,64,282.59,0
33.16,38.55,55,145,490466.57,153,185.01,1
78.19,72.56,1,2,22513.56,86,160.54,2
91.59,82.96,0,2,157563.33,108,223.82,2
59.19,71.07,1,1,64524.57,93,291.77,2
1.86,24.86,0,1,594.7,111,294.37,0
95.36,68.81,2,2,131057.22,114,102.3,2
6.27,23.32,1,1,2717.1,64,329.59,0
85.56,75.97,1,0,330220.16,91,115.68,2
18.63,46.93,82,144,773801.22,175,280.78,1
40.08,63.43,178,258,615474.27,158,416.32,1
1.14,25.13,2,2,2649.16,79,335.62,0
40.49,61.72,1,2,34723.07,89,226.12,0
55.72,47.71,106,122,141819.62,105,167.09,1
61.13,65.71,111,34,606876.28,95,393.03,1
71.92,81.49,1,1,4821.72,120,447.14,2
71.14,75.52,0,0,27084.78,91,150.12,2
5.0,51.21,6,38,1310682.89,91,216.49,1
6.12,25.36,3,2,326.83,69,341.13,0
85.82,93.95,1,0,39264.44,84,300.6,2
29.26,31.52,105,154,280836.58,100,237.17,1
1.06,41.43,2,1,558.05,44,226.31,0
9.0,37.29,1,1,3605.17,84,254.47,0
36.01,82.11,118,177,489821.81,110,306.42,1
51.92,43.54,129,144,882509.53,88,121.51,1
9.91,41.9,0,4,1286.92,106,175.19,0
6.13,30.57,0,0,4795.26,66,143.04,0
66.4,64.38,1,2,116850.34,80,257.77,2
9.16,37.37,2,2,4750.14,86,99.93,0
28.99,54.21,193,101,500490.62,124,204.12,1
10.48,46.19,121,100,683223.38,125,356.64,1
10.82,28.98,0,2,921.98,78,373.78,0
22.47,59.05,92,254,1267735.8,132,345.2,1
39.71,49.38,158,141,25487.34,131,287.51,1
18.89,40.88,6,0,2000.0,123,394.51,1
12.01,24.11,2,3,688.86,78,222.43,0
4.15,25.29,1,2,250.94,65,329.04,0
36.68,64.18,9,26,668869.42,131,254.57,1
40.41,48.83,107,123,711642.52,127,244.49,1
20.82,45.22,168,200,405821.5,115,280.81,1
91.61,63.83,1,3,91208.59,105,282.04,2
13.14,25.77,0,3,180.81,68,230.4,0
4.38,41.95,2,2,1238.64,60,178.06,0
4.84,30.62,0,3,291.14,103,251.57,0
64.39,67.83,1,1,174665.68,97,360.17,2
6.05,21.43,2,2,2618.06,78,170.97,0
65.35,48.79,127,178,410152.57,114,172.63,1
1.97,21.34,0,1,142.8,63,120.06,0
86.99,64.42,0,1,302240.48,110,223.89,2
4.21,24.44,0,3,7890.23,104,198.13,0
47.31,41.5,77,130,870650.48,107,239.05,1
24.35,39.78,1,4,23488.68,71,169.74,0
36.81,34.29,144,198,692199.4,99,304.32,1
72.54,73.37,0,2,409251.0,113,220.63,2
53.55,56.77,170,193,96133.8,131,265.82,1
5.82,21.15,0,1,4189.9,65,147.44,0
15.3,37.22,1,1,2719.78,56,349.58,0
8.76,28.87,0,0,2088.26,73,373.61,0
0.0,29.21,1,1,1823.64,71,291.51,0
25.16,63.35,88,137,33668.19,119,250.88,1
12.0,35.13,0,2,4484.78,66,160.22,0
4.26,30.16,0,5,1252.4,79,253.95,0
31.33,52.82,143,96,1205269.39,146,253.68,1
80.69,68.62,0,0,103435.44,101,198.99,2
41.51,41.02,106,131,125649.77,74,173.43,1
17.23,28.44,105,119,1429129.21,118,307.1,1
6.85,33.41,1,4,4256.69,57,404.17,0
55.09,59.69,73,161,69006.0,114,243.58,1
71.65,62.1,0,0,214977.34,109,389.21,2
91.12,88.07,1,3,139719.81,109,300.66,2
44.09,35.05,97,123,146120.7,135,285.38,1
8.9,17.79,0,1,569.6,97,174.62,0
29.14,69.79,103,112,144251.11,93,191.53,1
5.24,33.69,1,2,2182.34,86,319.25,0
49.71,64.68,7,18,153301.44,85,400.1,1
18.12,44.08,99,116,415360.44,126,176.23,1
10.08,34.99,3,1,3918.71,82,161.78,0
48.35,58.34,166,114,528189.97,143,432.87,1
8.33,34.56,0,2,1923.36,60,137.44,0
5.43,18.51,2,6,4750.79,76,296.17,0
53.51,58.65,87,123,1087605.02,112,405.15,1
28.76,58.21,3,8,402618.38,112,274.5,1
33.5,49.03,11,29,141453.43,109,202.77,1
39.62,44.64,125,97,283117.86,128,380.93,1
88.18,76.41,0,0,135899.63,96,305.6,2
81.0,85.45,0,0,120267.77,112,328.43,2
37.14,52.41,160,153,286609.48,103,244.78,1
70.25,73.7,1,0,11699.35,102,285.63,2
71.0,87.96,0,0,43869.17,114,210.69,2
2.82,32.85,1,0,1255.21,125,270.47,0
26.8,70.01,99,105,974086.84,95,241.14,1
20.0,47.82,2,0,41806.23,88,266.7,0
10.0,61.93,134,180,285326.99,102,223.46,1
17.17,60.65,82,20,1639179.39,150,124.3,1
43.08,51.02,90,150,2378432.13,118,209.21,1
9.72,15.27,2,2,3314.05,83,261.8,0
5.95,34.47,3,3,440.91,87,345.17,0
4.17,14.91,1,1,2824.04,106,307.88,0
88.6,71.38,0,1,17843.94,122,406.88,2
4.59,30.58,0,1,359.85,79,425.06,0
56.98,72.94,1,3,4947.5,103,323.46,2
38.85,65.75,104,85,512732.46,91,243.57,1
86.21,92.69,1,0,72911.57,116,306.33,2
61.15,47.5,0,0,181484.89,109,264.87,0
20.0,55.11,1,1,12371.09,88,177.69,0
42.18,48.49,210,235,95485.45,110,262.11,1
16.22,41.97,91,154,187318.67,123,217.64,1
12.63,28.68,3,4,6035.86,81,113.34,0
78.06,61.88,179,228,76868.91,114,259.57,1
28.47,72.07,174,205,304175.14,122,208.8,1
62.87,53.18,1,4,70062.62,52,223.71,0
7.62,22.94,0,2,632.9,72,126.19,0
74.2,61.31,0,2,31962.65,115,304.42,2
5.22,37.4,1,2,572.22,82,236.68,0
5.22,35.82,0,2,1392.88,77,208.71,0
40.13,56.67,190,144,1441688.51,102,251.79,1
81.74,86.3,1,2,65489.43,111,238.99,2
7.0,24.33,1,5,507.04,107,351.17,0
92.5,74.16,2,3,86198.85,98,331.6,2
81.27,80.81,1,0,76945.68,103,210.07,2
5.56,16.01,1,2,126.43,109,282.26,0
9.29,35.64,1,0,148.57,66,315.93,0
50.5,76.46,1,1,162076.84,87,276.41,2
40.21,37.66,1,1,107974.68,125,373.59,0
2.93,31.52,0,0,6512.19,83,71.56,0
12.88,31.85,2,1,819.52,89,216.49,0
1.59,25.67,0,3,2646.18,72,357.64,0
93.76,78.12,2,2,55604.13,81,226.29,2
43.32,62.45,0,2,14745.15,99,215.44,0
14.23,47.41,4,6,251739.35,94,368.87,1
7.35,30.16,2,1,255.75,73,338.92,0
44.99,54.5,82,163,24926.76,113,205.79,1
53.89,64.84,0,2,193929.84,94,257.46,2
37.75,49.41,151,191,82521.9,122,242.51,1
40.99,72.01,62,100,131069.03,97,272.06,1
43.01,47.58,80,169,502367.41,106,196.23,1
6.94,32.05,2,0,4255.86,74,271.11,0
40.16,37.8,135,165,1100453.25,130,319.15,1
50.37,73.49,1,1,172485.08,111,214.07,2
83.37,87.01,4,0,27703.42,97,113.39,2
5.58,23.94,0,2,8035.43,87,50.0,0
82.11,74.23,0,0,123636.67,86,257.9,2
69.7,50.06,1,3,97003.59,90,329.41,0
5.65,30.21,1,0,984.7,88,307.68,0
43.86,57.7,70,177,213718.46,153,154.98,1
4.81,49.38,3,2,3798.31,77,127.32,0
7.92,28.83,1,1,2664.28,77,279.45,0
62.11,70.26,0,0,79775.97,94,324.18,2
3.03,28.57,0,0,3729.58,82,199.03,0
54.07,29.99,65,172,320805.76,110,225.42,1
30.03,71.05,124,140,68294.56,122,110.87,1
38.0,57.77,138,177,1195475.02,118,399.06,1
8.48,21.3,0,2,436.14,83,342.37,0
66.35,83.11,1,1,31306.88,102,294.35,2
65.26,37.21,0,0,27092.78,104,348.54,0
96.32,74.79,2,2,68642.51,81,79.22,2
52.34,57.22,114,128,456358.64,120,183.94,1
3.48,22.11,2,0,696.86,88,335.49,0
93.19,71.23,2,1,75548.55,104,117.34,2
29.07,46.06,179,41,1733479.12,102,300.71,1
6.16,10.0,0,4,1632.74,74,173.09,0
69.83,66.17,2,0,52308.96,74,323.39,2
46.83,62.44,112,96,31004.22,124,365.13,1
9.36,34.84,0,2,780.21,72,272.51,0
26.88,60.56,167,39,324406.66,129,199.16,1
9.31,60.66,5,19,427821.67,131,387.97,1
9.22,18.82,2,1,1710.49,102,152.79,0
13.74,36.06,1,0,44.92,95,433.18,0
52.49,64.61,200,115,219705.09,72,94.84,1
76.41,81.37,1,0,94087.79,91,330.64,2
2.76,23.55,0,0,2810.6,63,316.84,0
30.2,66.35,37,182,122826.73,147,302.82,1
85.61,77.5,1,0,118283.47,111,321.52,2
33.06,26.3,130,136,885107.97,95,422.46,1
7.24,34.62,1,2,4846.46,86,244.05,0
64.31,57.97,145,169,466488.2,154,240.23,1
27.33,46.16,92,77,30806.36,127,270.57,1
8.81,18.18,1,3,4191.34,74,348.95,0
16.51,61.17,144,201,128944.89,117,242.69,1
86.76,74.06,0,3,91262.09,118,58.38,2
84.71,80.62,1,1,119687.21,105,233.72,2
48.11,42.68,118,169,539025.72,146,175.16,1
85.21,75.62,1,2,153489.04,120,332.25,2
2.28,31.36,3,4,3399.28,85,214.26,0
3.35,29.25,1,2,3535.41,73,332.17,0
52.35,76.18,154,193,62875.31,147,372.21,1
4.98,32.55,1,1,5272.38,55,303.0,0
61.64,41.49,152,197,669686.62,128,302.99,1
58.2,59.99,168,51,12066.77,146,240.54,1
5.32,32.58,2,2,942.35,78,202.8,0
20.2,52.26,92,195,10155.05,127,120.66,1
11.23,17.94,0,3,5.41,64,181.5,0
10.71,40.31,1,0,347.03,70,186.68,0
2.54,28.18,1,3,107.09,78,283.94,0
0.0,26.98,3,2,2339.19,103,212.7,0
25.93,60.33,118,129,77973.55,118,407.08,1
10.0,49.19,114,111,30069.22,118,320.69,1
18.5,33.69,8,13,111536.03,117,189.28,1
25.91,59.05,108,124,117151.33,107,349.19,1
17.1,85.76,133,97,576667.72,145,302.48,1
19.39,51.62,250,185,1467815.62,104,298.44,1
9.24,24.65,2,2,5127.5,74,295.25,0
18.75,54.8,138,86,77869.52,96,155.62,1
54.47,63.49,86,73,739935.21,124,247.2,1
10.0,62.76,168,134,54273.23,113,287.09,1
15.53,10.0,0,2,296.41,100,256.82,0
33.42,40.62,1,2,135078.51,56,143.89,0
43.88,53.9,0,5,199430.92,98,144.91,0
54.42,47.02,3,21,88660.39,117,334.3,1
75.02,80.52,0,1,160292.85,110,285.4,2
12.91,37.14,0,2,1006.98,84,409.63,0
54.7,71.85,112,50,1445960.89,137,319.85,1
10.32,44.11,2,1,627.97,86,222.44,0
9.34,35.29,0,0,2469.92,115,288.09,0
32.94,60.5,3,2,55902.92,128,220.45,0
15.05,51.43,7,31,218289.37,138,228.86,1
16.84,50.52,177,98,744943.69,163,335.32,1
33.64,66.3,127,106,1280777.19,120,130.51,1
0.63,23.61,0,1,517.67,57,311.58,0
31.57,68.92,133,90,116929.06,126,314.94,1
23.04,57.65,86,102,336221.58,123,232.58,1
10.0,65.39,84,116,1071444.26,94,181.48,1
93.2,85.44,0,4,16710.92,97,288.52,2
13.86,30.19,1,2,2561.48,68,261.24,0
6.94,39.83,1,3,342.2,87,251.28,0
74.14,94.18,1,0,52551.76,86,234.81,2
41.95,46.08,135,157,61640.32,118,265.63,1
10.81,33.67,6,28,157160.13,150,214.42,1
68.78,68.3,0,1,103866.7,108,357.3,2
31.02,51.4,87,214,446684.1,116,169.72,1
69.79,71.75,3,3,141488.7,87,447.52,2
79.83,62.77,0,1,224151.07,89,324.59,2
12.63,67.89,159,146,1016515.74,123,229.29,1
9.55,30.78,1,2,1077.79,70,212.71,0
66.4,77.77,0,1,239645.75,86,296.36,2
9.88,34.81,2,2,2893.93,65,197.93,0
1.99,21.56,0,0,1503.13,97,123.93,0
2.87,27.42,0,3,658.59,62,194.29,0
65.11,53.4,73,233,552487.05,156,210.0,1
4.59,25.23,0,3,6636.63,94,191.36,0
80.65,91.47,1,0,139862.09,107,234.49,2
29.13,64.1,205,217,2822101.61,120,152.21,1
27.9,30.76,116,205,957889.42,86,250.11,1
70.2,72.65,1,1,21475.89,103,211.23,2
6.97,37.74,1,1,7854.78,67,143.9,0
9.07,17.85,0,1,647.66,80,215.92,0
44.75,80.59,106,164,145478.69,138,245.03,1
4.96,33.08,2,1,1187.54,61,288.66,0
6.02,20.11,3,1,219.31,91,180.42,0
6.33,20.9,0,1,610.99,79,92.15,0
25.28,47.01,122,210,919809.75,134,178.68,1
21.97,56.18,143,124,1074068.33,84,150.46,1
16.2,68.25,156,210,545865.97,101,348.41,1
6.06,34.52,2,3,13978.96,63,364.34,0
49.03,41.32,160,192,367523.9,105,307.24,1
25.7,36.82,117,157,139983.49,126,221.78,1
0.0,20.53,1,1,4016.14,89,163.11,0
10.71,28.01,0,0,2139.46,62,316.51,0
14.56,68.16,106,125,152935.19,157,230.16,1
30.02,52.9,0,3,63510.66,91,235.83,0
25.02,55.67,177,75,5075.29,123,296.15,1
19.45,52.12,95,128,252048.76,117,385.4,1
27.58,50.87,126,40,267992.07,127,263.21,1
34.28,49.06,120,149,318747.31,85,306.75,1
3.77,18.93,0,1,5439.98,103,219.32,0
5.71,40.44,1,4,2687.79,99,126.23,0
16.15,62.98,5,14,97786.99,98,198.21,1
33.95,56.5,9,0,1156043.39,107,338.6,1
10.86,24.65,0,3,3436.98,48,280.17,0
58.74,25.0,102,177,249811.27,95,161.65,1
25.53,63.7,5,5,160529.19,126,418.63,1
7.92,15.28,1,4,3676.54,81,319.82,0
10.0,40.92,132,182,268806.49,140,303.99,1
75.7,71.04,1,0,15562.24,118,247.93,2
51.75,90.08,0,0,72906.52,89,244.45,2
34.04,80.0,1,5,28051.42,111,234.53,0
11.02,54.69,8,9,415809.77,114,130.2,1
32.92,53.92,0,2,41722.69,81,315.01,0
5.26,30.06,3,1,1248.5,71,321.15,0
0.0,38.58,2,1,572.91,61,71.4,0
25.82,47.39,187,86,339854.22,138,291.81,1
91.55,88.22,1,1,71576.79,91,279.32,2
8.64,25.72,0,1,5870.79,74,343.79,0
11.08,59.97,196,95,931610.08,144,342.83,1
9.38,32.89,3,3,1468.39,80,136.63,0
45.76,55.29,0,4,130989.98,82,71.48,0
7.0,21.73,1,0,996.16,70,298.8,0
7.02,45.82,3,2,5011.94,68,134.46,0
6.97,24.98,2,0,185.21,72,211.8,0
36.91,54.08,173,170,2136902.96,124,333.03,1
44.29,53.51,143,96,684980.18,156,160.07,1
22.53,60.55,117,178,291095.68,123,275.15,1
0.0,42.09,0,1,2673.34,76,253.66,0
2.07,53.97,0,5,1271.69,74,246.2,0
8.62,56.93,3,20,49666.3,135,180.18,1
26.52,77.24,125,143,709029.32,103,179.78,1
6.86,29.96,1,2,1426.74,63,239.53,0
3.69,42.68,2,2,5308.77,95,408.35,0
6.21,39.22,0,0,2316.08,74,252.86,0
93.21,77.17,3,0,411521.0,103,264.87,2
75.92,55.99,1,2,11558.68,89,248.26,2
5.56,20.7,3,0,1061.24,60,289.4,0
30.87,72.26,156,134,173895.49,129,191.35,1
7.79,38.14,3,2,653.6,83,238.67,0
31.56,66.7,99,203,277012.08,138,204.66,1
32.84,33.63,182,59,1300519.88,143,242.33,1
64.23,56.95,109,220,257254.26,120,296.05,1
41.43,39.5,0,2,73071.16,67,344.0,0
60.52,35.59,1,3,196176.4,95,155.54,0
9.22,28.77,0,1,479.91,84,206.51,0
32.71,39.16,166,184,15354.88,142,241.56,1
70.0,66.7,1,3,111785.01,116,393.14,0
4.17,21.26,0,1,4062.97,55,394.27,0
31.53,56.38,132,192,82790.01,91,470.15,1
29.13,65.79,140,201,19834.66,117,301.6,1
5.58,45.84,5,19,15386.56,113,212.34,1
9.93,33.28,1,4,1172.73,75,152.64,0
53.1,40.86,3,3,39641.92,100,175.92,0
92.46,76.26,0,0,58256.18,96,111.53,2
54.05,69.03,122,172,183660.24,148,297.38,1
12.14,46.26,1,1,733.89,90,303.81,0
4.34,24.52,1,3,4315.17,83,387.43,0
80.47,55.0,1,0,114054.24,107,440.62,2
47.05,48.63,66,127,858978.61,110,343.54,1
5.28,27.45,1,1,292.66,101,349.98,0
49.41,59.62,127,164,822023.31,134,220.24,1
90.44,90.64,0,2,176750.36,91,228.55,2
99.46,57.71,2,0,45309.39,99,208.8,2
5.0,41.29,2,21,142979.83,124,278.05,1
64.37,87.61,1,1,21039.4,125,246.2,2
74.14,84.02,2,3,20368.44,88,226.53,2
76.51,76.57,1,3,141243.87,114,262.79,2
45.29,38.27,5,25,351445.99,124,297.22,1
9.87,22.44,0,2,384.32,81,150.19,0
7.02,38.43,0,2,71.99,81,175.85,0
6.81,32.96,7,24,134755.4,111,125.85,1
9.87,36.18,3,4,273.71,91,270.48,0
33.27,60.64,8,34,323849.59,136,233.88,1
5.04,24.01,1,3,274.66,77,431.33,0
4.1,32.12,1,1,5798.76,74,169.86,0
100.0,87.1,0,1,137756.08,94,273.97,2
5.5,32.6,2,2,686.45,66,218.81,0
40.4,41.85,86,100,453661.54,132,219.43,1
42.42,40.52,80,188,426957.99,123,126.95,1
0.0,33.79,2,0,87.28,74,294.01,0
10.0,26.55,145,107,1777014.17,107,221.73,1
32.56,67.8,213,199,335103.5,143,335.56,1
71.28,87.1,0,1,8743.6,133,184.38,2
76.88,83.55,0,0,32371.29,94,232.3,2
5.36,62.35,3,22,325416.21,120,293.04,1
12.31,37.31,118,114,382565.01,106,274.1,1
0.0,39.04,0,2,2952.14,72,271.94,0
7.52,16.42,3,0,30.09,77,284.69,0
28.51,40.29,0,1,8348.95,109,324.23,0
78.24,86.14,0,0,74212.36,79,172.88,2
67.84,63.87,0,1,65434.22,105,399.36,2
62.25,90.8,0,2,39963.22,106,186.51,2
37.43,57.16,2,3,158936.47,113,191.61,0
13.11,10.0,2,2,1131.55,69,273.02,0
0.0,27.65,2,6,66.99,78,194.86,0
7.65,33.01,1,1,818.2,87,159.24,0
78.41,80.5,1,1,29889.4,104,134.2,2
32.17,63.41,139,100,665443.44,95,334.43,1
13.84,36.95,0,3,450.52,92,286.05,0
74.98,62.7,3,0,11986.85,89,229.43,2
5.89,22.33,1,1,1185.71,55,247.73,0
38.72,59.26,102,242,457016.85,110,302.35,1
9.39,45.8,0,2,2011.16,57,210.57,0
5.33,39.09,0,1,3195.83,67,177.2,0
68.82,43.43,94,99,13033.07,110,259.29,1
3.02,41.51,0,1,1272.36,76,193.7,0
31.18,68.94,105,165,450362.93,93,366.58,1
5.54,42.43,1,3,1030.83,75,212.37,0
11.8,53.12,113,124,228391.13,125,267.5,1
1.31,26.29,2,3,833.41,71,294.6,0
34.38,37.84,49,154,825161.43,141,215.49,1
59.39,33.28,113,114,909691.39,118,184.0,1
100.0,85.96,1,2,131019.76,80,121.13,2
0.69,23.88,0,3,3351.57,80,315.24,0
0.0,25.94,3,2,3069.8,52,50.0,0
6.68,39.18,1,2,301.3,74,303.9,0
28.62,59.34,150,87,1505089.35,101,295.88,1
9.1,29.63,1,3,2052.33,99,283.7,0
56.06,97.86,0,0,111546.94,115,297.6,2
56.28,41.84,94,213,1512692.73,121,198.73,1
1.01,39.6,0,8,202.01,90,221.75,0
13.75,43.31,2,2,1933.18,70,304.97,0
33.24,60.11,70,118,679774.39,141,209.04,1
4.95,16.18,2,1,2374.14,93,239.77,0
30.14,68.29,94,177,985798.4,88,252.99,1
94.61,81.81,1,0,190661.54,101,124.61,2
0.0,34.4,0,2,187.72,63,149.45,0
26.56,40.53,10,32,606607.37,113,254.06,1
61.51,74.27,0,1,41074.46,112,274.83,2
86.7,85.34,0,2,17839.45,99,280.33,2
87.86,87.02,1,1,109.31,89,212.66,2
8.26,25.33,3,1,716.09,72,142.81,0
2.44,39.16,0,2,1880.86,53,282.15,0
7.18,33.87,2,3,414.61,69,134.82,0
59.72,52.4,123,122,1844196.13,114,311.61,1
57.92,62.65,2,2,2832.68,115,136.93,0
9.95,29.77,1,1,2044.77,59,286.76,0
6.26,31.04,2,0,1123.53,122,202.08,0
71.57,62.12,3,1,225721.98,90,221.41,2
33.42,76.99,206,108,809781.12,122,260.43,1
9.0,32.05,0,4,7406.13,86,241.43,0
9.11,41.06,1,1,734.98,78,246.7,0
96.25,88.87,1,1,12360.57,110,344.22,2
68.42,92.48,5,2,207727.89,105,173.76,2
14.31,27.21,0,1,807.76,88,409.3,0
18.17,48.7,137,250,448643.16,100,247.56,1
7.66,33.78,0,2,2190.6,85,329.32,0
52.09,38.77,79,167,279016.92,70,261.13,1
77.67,79.73,1,1,97539.15,75,344.08,2
73.62,79.08,0,0,4278.19,98,143.97,2
17.11,57.03,118,149,572021.05,141,202.42,1
2.64,30.8,1,3,4860.27,67,260.63,0
25.9,35.86,136,103,248195.74,75,361.98,1
7.56,28.35,1,1,458.44,84,297.62,0
20.95,53.54,4,23,377218.87,132,115.81,1
82.08,80.26,0,0,282628.42,92,231.88,2
10.0,53.8,101,209,355357.34,121,124.81,1
6.85,13.69,0,2,956.15,62,216.48,0
25.45,60.89,5,10,303044.64,104,328.38,1
35.14,53.99,90,178,573376.88,136,310.89,1
77.26,69.72,1,1,55471.09,96,255.23,2
10.93,23.5,1,0,289.68,107,132.89,0
10.0,52.13,55,220,405020.58,107,228.29,1
3.31,27.0,0,2,5140.82,76,296.18,0
27.92,51.0,1,23,457281.77,110,286.74,1
0.0,21.93,0,2,655.73,87,217.95,0
0.0,30.54,0,1,556.65,50,237.87,0
7.14,11.46,2,2,2748.35,98,140.24,0
47.21,65.44,109,136,423257.48,118,234.02,1
10.73,30.2,3,4,1198.67,74,312.92,0
43.43,47.0,152,68,382512.79,121,407.43,1
37.84,58.24,136,161,18284.55,124,127.96,1
55.04,54.59,63,148,2078675.28,154,285.23,1
33.8,42.25,58,213,211652.3,142,297.53,1
95.97,57.61,1,0,220.81,108,401.44,2
39.85,49.74,218,182,42825.03,106,256.95,1
5.75,27.32,1,0,2634.4,82,340.99,0
54.4,70.18,125,166,409152.0,106,182.79,1
67.81,91.16,1,2,104468.03,101,350.71,2
5.0,67.78,8,21,371929.8,83,228.92,1
81.82,91.38,0,2,32353.05,107,244.56,2
6.0,22.0,2,0,1821.43,67,186.71,0
43.7,42.94,148,119,147905.67,120,204.65,1
49.8,30.0,1,2,99827.59,81,181.72,0
39.22,53.65,1,2,10380.31,83,291.32,0
6.08,27.23,2,1,2596.99,90,321.69,0
15.29,34.87,79,175,212546.19,103,263.73,1
79.38,87.13,0,0,115209.9,108,167.39,2
46.1,58.05,176,133,64723.22,85,171.83,1
6.58,23.26,0,2,112.5,73,332.18,0
27.02,56.49,77,176,1296396.65,131,157.1,1
10.0,53.3,76,135,2530716.16,114,223.78,1
20.2,46.03,60,192,1464173.98,118,225.16,1
6.16,57.38,4,28,225548.31,77,249.96,1
10.0,60.27,30,183,74835.08,111,309.89,1
49.09,30.02,111,208,5000.0,84,279.21,1
6.45,33.75,2,2,4876.18,97,215.43,0
12.22,53.91,201,103,572496.55,145,167.63,1
26.02,46.04,63,171,274606.8,104,139.55,1
8.23,38.79,1,3,915.02,64,150.08,0
2.76,33.95,0,1,2528.28,66,289.42,0
48.28,71.62,83,44,179897.02,121,218.41,1
80.19,77.99,1,1,27380.44,67,171.25,2
8.7,33.1,0,2,710.71,65,173.49,0
31.47,30.2,93,152,712322.31,133,265.38,1
50.56,44.73,0,1,4274.85,92,297.29,0
56.53,75.53,2,0,45795.44,111,270.48,2
68.37,89.01,0,0,288286.5,90,267.85,2
38.14,35.35,0,1,84373.16,114,283.75,0
48.14,44.71,82,179,738045.63,114,238.09,1
10.0,65.85,93,140,372288.79,112,146.11,1
28.49,51.33,99,170,66243.68,121,219.72,1
10.0,56.81,191,103,167268.22,115,273.22,1
31.48,32.26,6,18,737308.09,88,163.39,1
31.64,52.86,6,3,121002.77,87,368.07,1
4.32,21.98,1,2,1219.41,102,241.21,0
40.94,80.63,3,0,59132.98,117,272.71,1
98.57,87.44,1,1,66691.0,89,289.84,2
98.51,75.34,3,1,80265.14,92,260.58,2
4.13,28.28,1,1,2457.54,80,367.78,0
53.48,46.68,0,0,90831.46,86,223.81,0
10.0,59.11,170,121,364632.46,119,170.83,1
5.0,55.92,8,22,99689.4,82,223.8,1
55.92,67.75,35,80,564512.91,132,265.92,1
99.79,65.18,1,1,217850.44,77,396.23,2
7.31,36.03,1,0,169.44,72,317.38,0
38.12,59.68,95,88,88290.22,132,238.03,1
83.08,63.41,0,2,26699.56,75,213.57,2
74.24,68.61,44,158,1032341.96,127,194.09,1
86.58,79.1,1,2,215138.72,98,216.55,2
5.97,34.09,1,2,3564.42,82,279.01,0
22.08,52.93,4,34,77358.51,119,241.82,1
75.39,68.15,2,2,264747.93,110,260.7,2
96.47,68.65,1,2,2214.01,104,279.31,2
7.67,25.56,0,3,2872.18,87,134.34,0
72.27,76.42,0,0,276669.2,72,128.45,2
1.93,28.49,3,1,1754.16,85,382.26,0
39.82,69.0,1,2,131897.1,109,221.77,0
34.39,54.63,5,23,194114.64,94,243.66,1
4.48,41.26,0,1,2039.36,120,216.37,0
62.96,47.21,68,150,516287.42,118,262.95,1
12.51,18.8,0,3,3727.28,82,178.66,0
7.6,36.85,9,23,555020.95,195,134.07,1
5.75,35.75,0,2,6249.31,99,314.41,0
16.15,54.04,67,130,794303.06,83,348.04,1
45.24,54.44,8,2,454836.85,100,146.08,1
22.42,79.88,227,186,253429.54,113,210.5,1
1.68,25.25,0,3,10741.33,70,296.73,0
26.12,50.13,108,90,702510.87,127,322.3,1
52.03,62.64,86,169,18965.73,70,230.02,1
0.0,32.54,3,2,1474.86,68,231.67,0
57.44,90.23,0,0,76822.44,98,73.5,2
51.23,59.22,158,257,177495.34,109,207.38,1
72.5,85.49,1,1,494756.41,71,423.91,2
89.9,76.6,0,0,59154.22,111,238.11,2
81.36,78.38,1,2,124531.09,88,183.95,2
1.75,22.44,0,3,2948.52,74,178.1,0
2.29,32.64,0,1,3716.3,77,237.6,0
45.69,56.76,80,203,412494.74,113,351.41,1
52.81,71.91,5,0,331380.02,110,187.6,2
0.0,15.31,0,1,1098.56,78,302.99,0
41.8,49.5,146,92,587265.22,87,195.33,1
8.98,14.88,0,2,1634.8,75,387.48,0
33.36,53.49,78,110,768409.78,148,101.3,1
20.0,49.35,1,2,33564.12,109,228.75,0
1.35,37.14,0,0,1935.55,84,271.93,0
41.76,60.41,93,112,163227.98,114,277.0,1
29.7,54.54,4,11,307176.04,130,282.19,1
26.65,70.82,95,191,55849.26,121,284.76,1
3.75,32.87,2,0,441.95,107,168.38,0
70.88,46.57,103,137,135221.26,132,288.81,1
26.74,60.9,57,129,427681.56,108,318.31,1
36.31,50.59,112,202,1028321.1,121,341.74,1
49.53,76.02,104,167,2249569.01,132,160.11,1
49.07,40.84,144,194,412715.25,155,253.47,1
44.84,43.51,1,1,9015.63,107,211.47,0
43.88,63.64,0,0,44981.18,90,201.55,0
68.43,81.73,2,2,64072.46,141,165.22,2
3.57,38.66,1,2,749.92,100,171.75,0
6.43,32.95,1,0,264.83,77,217.36,0
36.43,66.44,149,70,953028.13,129,114.84,1
8.16,27.54,1,4,5589.49,70,237.91,0
12.88,28.8,7,19,791156.74,127,268.84,1
10.0,76.61,129,199,486901.27,81,333.31,1
2.69,18.36,0,4,2381.16,91,326.27,0
41.35,54.98,2,1,313255.51,106,221.61,0
7.32,27.77,3,3,1475.32,76,263.39,0
26.51,57.26,197,192,11645.46,120,245.08,1
5.62,38.74,3,4,1051.24,68,168.96,0
96.01,70.6,0,0,112946.36,86,274.11,2
8.35,46.86,4,0,463951.79,123,264.24,1
69.22,61.07,116,142,13278.15,92,251.33,1
9.3,26.38,0,3,176.75,109,189.93,0
0.0,19.06,2,3,4638.19,74,397.07,0
9.3,23.61,0,2,691.93,68,162.78,0
80.07,67.54,4,0,48691.73,105,355.52,2
8.56,38.42,1,1,196.97,75,249.67,0
11.71,31.81,0,3,851.5,61,220.88,0
42.08,40.64,69,267,136655.78,96,199.08,1
3.9,31.74,0,1,1529.56,69,282.38,0
7.64,18.63,0,3,1938.68,64,445.69,0
70.6,98.0,0,1,37234.58,97,187.61,2
31.41,48.39,49,79,167441.64,132,218.95,1
35.25,58.04,129,168,21368.6,96,293.11,1
7.64,27.86,2,3,149.1,86,156.82,0
75.56,84.3,1,0,116268.76,80,217.27,2
47.38,57.76,136,120,376643.19,109,197.72,1
9.4,54.72,6,12,184302.58,131,347.62,1
67.46,66.74,0,1,186564.96,87,303.81,2
7.69,28.18,1,0,63.56,88,400.29,0
0.0,35.36,0,2,2186.28,97,133.72,0
2.81,31.37,1,3,910.77,77,226.0,0
54.18,59.5,1,1,30925.3,71,255.53,0
11.46,28.71,2,1,5175.27,83,289.2,0
43.24,38.48,154,110,7773.94,129,342.56,1
8.43,24.34,0,2,982.2,98,305.3,0
20.12,45.91,10,22,81846.48,133,229.36,1
48.03,25.0,8,22,815918.26,90,179.32,1
27.51,27.36,58,146,524143.06,106,356.11,1
2.31,35.97,1,2,138.22,71,196.88,0
20.29,61.11,167,167,156286.24,114,152.55,1
75.59,57.1,0,0,1990.51,117,186.52,2
24.29,41.83,103,54,317716.19,104,274.6,1
5.61,31.51,2,1,1418.15,66,404.81,0
8.12,36.46,3,0,541.02,68,162.87,0
37.08,42.77,114,173,11277.08,141,242.22,1
30.07,55.62,130,159,127839.62,90,207.38,1
52.97,38.98,78,192,291575.73,84,234.35,1
47.13,36.16,107,44,1238371.19,115,366.22,1
79.64,71.64,1,2,88325.86,118,222.64,2
43.86,50.62,88,100,1071461.14,118,234.49,1
38.87,74.14,114,207,242326.56,99,315.72,1
82.58,78.88,2,0,120496.76,91,145.33,2
4.03,29.27,2,2,3323.34,109,139.59,0
43.65,41.8,164,153,427698.61,103,354.48,1
6.63,34.55,0,0,1553.35,64,341.2,0
34.55,39.35,10,19,324568.31,132,263.79,1
25.07,67.66,174,145,101621.22,112,254.96,1
31.43,51.41,100,174,348153.23,103,324.17,1
0.0,24.51,2,3,3624.79,91,195.49,0
32.11,65.67,41,46,804941.82,116,314.47,1
73.7,81.58,0,2,58898.02,89,317.47,2
6.14,23.21,3,2,52.26,94,265.26,0
63.75,89.2,2,0,128728.9,118,195.99,2
47.98,44.4,38,180,1037495.19,133,350.35,1
56.28,77.05,2,0,24372.19,97,406.84,2
36.59,62.56,132,147,471623.45,152,401.96,1
10.4,26.35,0,1,292.92,94,260.48,0
15.89,51.13,4,12,135572.77,108,175.56,1
84.62,86.6,1,1,39702.64,96,339.08,2
20.06,46.78,8,0,400978.84,132,184.88,1
51.7,47.99,170,158,22429.79,118,228.91,1
73.35,68.65,1,0,135321.35,105,294.65,2
78.57,60.55,1,2,290041.37,85,178.49,2
3.83,35.86,1,3,327.61,102,210.99,0
10.11,17.79,0,0,820.23,85,223.97,0
31.68,47.31,85,81,347796.01,122,337.92,1
53.67,63.16,1,1,1022.37,113,292.25,0
24.42,63.11,101,242,328887.38,85,274.23,1
10.57,27.19,1,3,2339.83,87,204.88,0
7.3,31.33,3,3,287.93,79,350.78,0
7.54,24.18,0,3,2194.87,76,288.4,0
4.45,28.54,2,1,359.14,88,171.78,0
32.4,41.44,68,143,340491.72,113,287.91,1
9.73,39.57,0,2,5189.68,54,169.62,0
51.8,48.53,146,157,155364.62,98,160.79,1
61.89,40.42,68,183,714792.62,124,286.75,1
7.51,45.13,0,1,5093.79,104,116.34,0
2.16,37.56,1,3,1078.72,77,181.2,0
4.19,35.81,1,5,2860.23,77,211.97,0
0.0,37.42,1,6,5559.81,75,263.59,0
2.61,34.48,0,2,6780.29,73,351.15,0
0.0,33.01,1,1,366.29,82,101.22,0
21.02,46.03,10,30,27931.97,128,101.54,1
35.39,53.68,189,194,637541.8,95,259.38,1
60.68,72.49,0,1,27072.69,100,277.64,2
88.06,72.48,1,0,13053.31,106,223.01,2
7.81,38.79,1,1,1727.16,84,121.68,0
8.54,40.46,0,1,152.41,93,183.44,0
32.44,25.0,6,50,132383.93,131,72.52,1
69.51,67.14,0,0,84393.79,98,261.55,2
5.86,12.51,0,2,3610.09,64,224.38,0
83.09,64.81,1,0,114627.46,110,335.53,2
19.87,52.38,30,132,101449.22,97,347.36,1
80.66,67.76,0,1,43044.38,103,253.98,2
30.42,61.99,1,22,856587.81,125,204.29,1
10.91,19.02,1,4,2485.42,71,328.96,0
44.08,40.41,130,122,1156863.53,75,50.0,1
99.83,72.61,1,2,14438.4,108,202.11,2
6.56,35.01,0,1,366.38,60,328.9,0
5.64,26.17,1,1,1227.96,68,403.16,0
10.0,56.8,97,164,758056.31,100,256.44,1
17.59,57.14,200,113,147184.83,129,208.79,1
26.36,69.19,127,138,653809.38,129,228.98,1
86.93,73.4,0,1,26080.36,83,223.25,2
28.7,41.3,6,25,89574.58,126,272.82,1
23.47,49.79,4,6,132077.68,87,215.42,0
7.74,19.41,0,3,2252.53,80,321.26,0
34.31,73.17,107,132,615873.76,89,223.46,1
5.37,33.92,0,2,2048.67,86,290.01,0
7.24,31.45,2,1,1028.2,75,283.09,0
39.57,44.75,70,158,934790.86,100,365.25,1
69.96,67.45,2,0,42089.38,97,393.74,2
36.92,64.97,108,229,175776.29,116,251.24,1
29.73,75.32,5,21,183200.14,110,200.77,1
78.27,80.49,0,1,87963.66,117,302.22,2
50.19,59.39,147,156,148037.07,97,212.66,1
79.88,71.47,0,2,61476.85,95,286.34,2
87.0,98.0,1,1,60832.67,102,258.61,2
26.03,29.93,121,149,30051.61,108,337.15,1
26.85,55.31,132,35,12773.99,81,316.65,1
97.22,66.32,0,2,116212.59,110,205.98,2
44.14,59.4,112,221,229372.59,132,295.32,1
74.71,90.99,1,1,19345.14,72,319.68,2
9.66,35.16,0,3,1827.42,48,309.84,0
37.45,67.5,62,111,592231.33,145,293.25,1
0.14,32.03,0,2,208.27,80,183.82,0
4.6,24.35,1,4,1097.43,67,131.12,0
24.93,56.14,179,134,21433.65,92,213.28,1
22.87,57.4,5,23,157581.29,124,284.99,1
1.37,38.63,0,4,3780.12,78,323.9,0
85.74,55.0,0,1,10231.14,102,153.42,2
29.77,62.7,114,108,211552.0,152,235.42,1
3.1,40.17,0,0,2392.29,70,287.64,0
68.16,79.41,2,2,9028.78,103,168.11,2
51.69,57.39,0,3,35124.57,122,202.83,0
64.65,82.08,0,0,197029.83,127,161.75,2
95.06,81.45,1,3,134177.94,111,287.69,2
22.68,50.78,200,126,10672.85,158,326.61,1
5.91,18.0,1,1,1579.27,82,273.32,0
42.31,60.75,197,114,889501.73,113,168.02,1
48.51,53.14,75,140,1221155.95,93,61.91,1
43.48,70.76,2,2,3071.92,75,261.83,0
17.0,63.11,139,233,54448.51,134,239.63,1
67.04,85.38,1,1,6507.87,114,123.83,2
4.58,28.8,1,2,2087.71,108,241.45,0
5.96,37.42,2,2,1644.5,70,200.14,0
67.99,66.55,144,150,516480.79,108,151.62,1
80.12,65.96,0,0,51759.98,116,365.9,2
51.87,74.81,30,118,227183.53,120,206.99,1
78.05,73.88,0,2,86821.13,89,307.56,2
13.35,54.42,77,65,23403.01,138,283.1,1
27.66,66.07,115,198,2366739.29,154,300.69,1
16.74,36.22,92,136,39461.1,147,184.12,1
11.48,59.0,4,7,450528.32,123,423.63,1
7.53,23.51,0,0,906.23,92,270.35,0
8.32,10.0,0,4,370.47,70,322.79,0
65.16,80.13,45,147,437425.41,130,385.38,1
5.19,30.27,0,2,889.45,75,179.03,0
18.76,41.78,108,109,247312.19,89,92.4,1
61.67,96.47,1,2,73453.06,120,282.39,2
20.87,60.62,118,28,122869.9,126,156.06,1
34.23,61.88,5,3,185894.63,117,453.66,1
38.08,47.34,42,147,370891.13,98,234.59,1
83.72,74.08,1,2,93763.45,129,414.73,2
0.17,34.63,1,0,2275.11,65,216.19,0
0.0,30.85,2,1,2359.27,64,190.33,0
10.76,21.32,1,2,4947.64,81,287.82,0
11.01,30.62,1,2,109.47,54,249.83,0
0.15,29.93,1,1,2819.23,58,241.18,0
80.06,65.48,0,0,152960.83,96,359.65,2
37.69,39.32,2,2,54438.38,102,248.81,0
48.4,52.77,48,144,946748.22,134,309.02,1
66.48,75.61,0,1,94093.66,69,241.78,2
47.19,57.28,7,32,163773.25,117,221.55,1
97.22,80.16,1,2,5911.8,86,250.37,2
14.47,48.47,4,0,101072.15,119,253.08,1
9.49,26.63,1,1,866.37,87,236.02,0
14.57,17.16,4,3,1153.38,89,281.76,0
76.87,58.36,2,0,94589.69,115,245.3,2
24.91,60.36,116,70,124644.85,146,148.86,1
0.29,47.23,1,2,2157.72,85,58.69,0
3.22,32.86,1,5,1222.25,81,298.91,0
14.92,45.05,0,1,1722.56,103,246.34,0
22.05,55.2,87,178,227556.14,132,314.8,1
42.23,52.72,101,126,1001967.6,135,168.98,1
4.16,31.42,0,0,2190.9,68,96.7,0
34.29,55.11,149,108,56774.52,110,174.16,1
83.96,73.7,2,1,221185.21,104,229.15,2
7.57,21.0,0,0,1438.85,76,167.17,0
17.11,36.51,167,146,470974.98,87,237.04,1
9.09,22.1,2,3,501.26,99,69.65,0
2.82,20.27,2,6,2478.38,94,224.88,0
0.0,24.65,4,4,1290.51,71,262.44,0
37.09,52.37,149,87,156427.95,88,263.35,1
6.74,20.3,1,1,3132.64,88,404.44,0
10.27,29.7,0,2,2564.48,97,298.02,0
31.69,41.98,168,202,574494.71,123,177.42,1
15.23,52.58,111,75,118878.33,102,215.64,1
11.89,49.75,3,2,8953.17,78,306.96,0
0.0,45.94,1,2,388.24,93,208.65,0
36.63,58.29,143,175,971493.73,82,173.47,1
42.78,49.85,59,194,394216.71,121,317.8,1
44.91,54.55,112,143,486650.64,103,381.77,1
3.69,32.4,0,0,150.35,76,233.4,0
34.22,59.52,164,205,17620.45,112,160.22,1
29.19,35.6,201,258,26086.8,70,256.35,1
10.49,24.18,0,3,1916.57,97,294.44,0
75.52,68.13,1,2,6407.21,116,263.48,2
64.16,45.07,129,218,293936.76,130,62.56,1
6.95,18.85,2,3,3231.93,82,287.13,0
80.88,71.24,1,0,22139.55,70,254.3,2
2.9,30.9,2,2,6498.98,61,450.85,0
46.47,55.18,6,20,264047.47,100,310.27,1
5.58,46.3,2,0,1864.64,81,258.5,0
1.29,32.25,3,1,703.88,70,175.04,0
89.5,68.11,0,2,198718.54,86,297.6,2
4.41,19.04,2,2,3345.7,94,257.29,0
0.0,24.76,0,4,531.29,48,278.38,0
10.0,41.86,110,91,300071.91,103,293.67,1
67.37,83.49,0,0,4826.38,94,119.6,2
46.25,62.56,1,2,109325.51,90,216.07,0
42.77,34.88,155,202,1010071.88,86,364.05,1
51.64,69.12,124,129,1792942.56,99,323.11,1
38.79,56.0,70,130,113611.8,147,216.32,1
27.99,52.2,5,17,994144.2,103,165.46,1
41.74,30.26,0,1,23198.09,94,221.42,0
6.44,19.25,1,2,3864.3,71,261.16,0
36.53,36.49,162,196,55662.61,155,404.26,1
87.8,88.03,2,1,44118.51,100,361.88,2
2.38,34.76,0,2,947.65,86,171.07,0
29.46,60.49,7,6,22919.98,86,257.98,1
15.2,18.27,1,1,2030.76,75,174.48,0
15.77,25.64,7,6,342407.19,88,226.38,1
15.06,65.06,136,177,376797.66,117,131.2,1
39.24,61.12,185,181,13796.48,85,298.77,1
46.92,79.83,140,113,21693.32,106,110.57,1
6.61,37.6,2,0,2454.2,104,457.15,0
63.26,46.25,1,0,38904.24,133,93.75,0
10.0,54.48,150,116,611807.2,167,235.91,1
62.55,75.33,1,2,69805.87,131,238.77,2
49.52,58.36,135,162,444797.36,131,206.45,1
9.0,54.36,2,28,177639.12,99,109.99,1
11.47,31.4,0,1,4041.32,77,165.68,0
0.0,30.92,2,4,225.63,81,329.72,0
31.96,72.86,173,182,917197.43,109,268.79,1
99.9,78.28,0,1,136140.69,102,146.21,2
36.92,34.48,0,3,18752.14,94,270.15,0
13.14,24.52,2,2,1475.87,93,287.31,0
33.21,65.45,66,102,744605.67,108,278.58,1
1.77,24.14,0,3,29.45,73,283.96,0
21.58,49.46,156,68,1086541.37,95,256.94,1
77.41,68.86,0,1,104550.27,114,232.18,2
2.7,33.32,1,1,2211.59,61,144.3,0
20.43,59.76,1,4,59070.69,113,306.69,0
21.78,71.41,0,2,233586.81,94,222.06,0
14.18,56.96,90,150,5000.0,110,235.27,1
78.72,71.53,1,0,107994.3,121,267.84,2
28.6,66.32,7,11,130272.34,101,121.99,1
87.5,64.87,0,0,20061.98,99,163.48,2
99.29,90.87,2,2,127716.8,69,183.64,2
51.29,65.15,97,229,331405.79,135,351.43,1
66.05,77.18,0,0,326804.91,97,195.55,2
12.4,35.26,7,28,197699.1,110,314.28,1
3.69,37.16,1,1,4824.35,87,113.65,0
82.69,64.28,0,0,153353.91,99,217.17,2
86.83,73.81,1,0,324205.48,132,302.5,2
44.17,64.74,165,141,208804.75,129,135.79,1
48.75,49.7,165,154,467804.95,154,424.34,1
59.08,75.28,1,1,84217.42,69,297.95,2
32.54,51.93,150,131,28126.75,110,289.27,1
2.95,30.81,0,4,582.35,92,290.24,0
33.5,48.69,7,9,513022.53,155,348.98,1
9.09,13.0,1,3,1216.06,84,237.63,0
45.52,50.19,2,1,420570.45,90,283.16,0
61.66,49.7,0,1,100640.64,101,142.82,0
11.22,35.16,0,1,1139.49,73,254.8,0
4.96,26.77,2,7,410.21,97,289.24,0
6.81,21.82,0,3,2299.56,64,423.14,0
11.89,30.25,1,0,852.7,84,296.55,0
21.91,63.98,7,35,413680.42,124,233.75,1
76.61,70.06,1,1,19057.01,93,172.78,2
3.54,27.43,0,0,3684.78,89,297.59,0
0.01,26.43,0,1,1488.76,80,159.68,0
61.79,55.0,2,1,40348.33,88,79.72,2
5.78,27.94,0,2,5617.93,90,223.89,0
47.7,48.32,124,160,145499.86,136,106.02,1
8.13,26.65,1,1,3412.59,112,204.15,0
35.96,42.98,120,169,74995.95,126,307.71,1
71.24,68.47,1,1,169538.66,130,314.58,2
20.0,30.0,1,2,154404.17,129,326.4,0
6.63,41.34,1,2,5301.34,68,212.42,0
63.39,57.64,163,101,243386.77,133,379.26,1
17.02,55.68,111,203,1353673.82,113,255.48,1
25.87,49.46,107,190,170690.11,120,153.66,1
37.22,59.11,87,137,436969.42,93,292.02,1
51.56,70.56,185,259,462573.43,125,272.11,1
60.93,67.69,0,2,150734.55,117,197.69,2
28.28,71.1,99,174,62275.59,115,293.03,1
41.11,74.33,155,148,355586.43,97,407.99,1
78.86,92.91,0,2,33098.22,97,294.73,2
4.73,14.55,1,2,1569.58,70,224.02,0
97.91,85.94,1,0,145893.19,91,238.29,2
51.02,41.52,192,206,313495.48,135,132.61,1
61.33,59.43,188,147,1635356.53,121,293.86,1
31.13,51.93,86,187,61459.72,134,254.4,1
7.47,24.2,1,1,1827.81,83,244.23,0
34.25,52.82,6,0,560970.57,124,213.84,1
70.92,83.56,1,3,187135.02,107,95.93,2
57.03,50.84,1,3,55449.61,72,87.13,0
13.09,28.11,3,2,2090.86,66,370.13,0
65.66,35.77,1,2,66324.8,87,162.24,0
26.58,60.49,163,124,138060.31,100,121.02,1
56.99,33.44,2,3,49062.7,100,237.67,0
5.82,41.0,0,2,6955.03,96,277.95,0
5.91,29.59,2,0,2626.05,111,329.31,0
0.31,33.43,0,2,605.5,96,335.55,0
12.31,67.77,8,0,223621.75,80,333.64,1
40.03,43.81,13,22,181832.37,83,387.14,1
44.52,77.43,209,200,72389.58,123,269.96,1
38.93,40.05,173,173,306130.86,146,278.4,1
52.56,62.8,109,20,1341537.93,104,348.08,1
17.9,62.72,39,57,310153.25,85,330.47,1
73.33,77.83,4,1,221305.75,114,230.48,2
20.0,35.31,1,3,13264.02,60,263.57,0
36.12,56.55,104,94,869253.65,169,284.72,1
5.42,22.77,0,2,37.4,103,260.84,0
41.83,43.39,86,171,96321.32,130,373.73,1
27.52,51.94,7,32,62509.42,130,367.56,1
20.0,47.7,0,2,2668.21,98,235.77,0
67.86,88.0,1,2,51067.01,101,256.91,2
37.46,51.87,2,0,42197.82,105,291.82,0
72.93,75.92,1,0,80330.32,85,394.09,2
13.65,44.28,1,3,2026.33,79,259.83,0
6.87,27.37,0,2,416.94,64,299.27,0
80.61,84.6,1,0,67833.23,79,159.75,2
4.51,29.07,0,2,1439.2,79,198.87,0
18.43,28.68,6,32,67151.27,99,55.73,1
53.74,46.1,83,193,51948.48,126,308.37,1
22.1,58.51,104,197,468121.87,101,158.06,1
36.99,81.53,84,140,254925.97,128,196.86,1
52.98,54.6,179,158,131279.82,108,158.37,1
43.4,73.72,1,6,60345.42,124,245.62,0
36.04,64.7,4,15,295935.57,142,199.68,1
35.01,67.33,79,258,502091.44,137,174.58,1
46.97,50.58,144,196,246289.81,151,332.53,1
10.0,65.67,88,80,210122.74,133,294.15,1
67.27,90.36,2,0,22767.89,90,364.61,2
33.28,43.88,120,136,52312.0,137,174.36,1
50.71,49.08,3,0,5890.46,106,193.7,0
30.73,63.86,9,15,23574.34,125,198.31,1
52.98,67.61,51,20,219837.17,103,285.71,1
8.16,63.85,5,23,117334.87,128,266.62,1
72.48,85.76,1,0,107658.07,91,298.28,2
80.7,90.98,2,0,102503.15,134,237.46,2
62.43,67.81,1,1,285288.47,108,287.16,2
5.67,31.45,1,2,981.91,94,253.33,0
4.92,33.78,4,4,1283.3,81,243.51,0
66.68,33.09,0,0,3084.06,91,212.49,0
43.08,56.08,0,2,23191.27,53,313.11,0
66.72,89.37,0,0,152792.28,84,374.64,2
3.34,26.64,1,2,4343.12,48,289.54,0
7.4,23.4,2,1,426.16,86,142.92,0
80.88,61.7,1,2,15104.45,93,373.28,2
63.83,50.15,133,139,853395.21,127,212.9,1
80.82,89.76,1,2,126832.22,101,239.52,2
4.92,45.39,2,1,286.64,63,313.58,0
3.65,36.79,2,3,929.53,89,118.29,0
53.12,36.57,128,198,258427.43,121,117.52,1
86.05,80.16,0,0,53649.42,122,280.38,2
41.8,60.55,1,3,36550.57,96,351.12,0
90.77,90.84,0,1,135319.93,80,271.8,2
39.92,64.69,133,141,1076275.33,99,198.24,1
47.17,52.72,60,174,199540.31,121,287.15,1
68.48,63.8,1,0,30798.11,128,258.61,2
33.38,70.92,69,268,24322.19,108,239.59,1
10.0,62.34,154,117,74537.35,152,115.75,1
16.8,51.38,149,169,148312.51,134,306.43,1
0.0,27.56,0,0,874.59,95,276.28,0
7.79,43.78,0,6,2275.55,73,337.6,0
31.02,34.26,133,97,212472.14,142,115.55,1
29.15,50.44,118,175,1358040.56,107,271.59,1
4.92,19.47,0,3,4820.77,62,184.25,0
10.54,34.06,0,3,661.94,74,298.42,0
61.54,72.5,0,0,241632.04,77,189.21,2
37.49,45.96,4,3,100400.45,115,180.54,0
43.86,49.64,127,131,300279.73,94,249.23,1
36.6,68.12,64,202,103825.66,108,177.78,1
9.98,28.82,2,1,2177.23,70,361.0,0
28.19,68.09,126,20,93540.64,123,242.85,1
3.45,41.44,0,0,20.53,80,241.46,0
4.5,34.47,2,1,4252.7,81,263.96,0
46.15,48.32,1,2,122750.56,91,326.41,0
21.09,52.96,121,168,12841.4,120,274.12,1
66.28,70.7,2,1,150095.0,99,131.87,2
13.35,26.86,0,3,323.48,60,280.36,0
82.69,75.25,0,0,6406.03,98,418.04,2
6.12,24.65,3,1,1582.32,56,81.49,0
5.57,28.1,1,2,1374.55,74,224.0,0
39.91,80.73,104,182,272835.21,104,280.01,1
5.35,41.17,0,1,683.46,92,337.97,0
5.32,30.45,0,2,428.53,75,288.16,0
51.35,53.7,149,190,227394.77,123,305.54,1
80.33,66.52,2,0,82426.66,103,228.21,2
6.64,15.02,1,3,1183.9,85,168.72,0
75.15,85.84,1,0,118741.44,77,283.32,2
87.63,84.32,0,1,150580.09,109,316.6,2
15.39,40.36,95,155,586439.96,108,112.69,1
0.41,18.62,1,3,185.24,116,208.72,0
55.82,57.29,131,249,771352.55,143,445.49,1
48.68,66.76,132,143,1574597.18,122,203.5,1
73.94,89.16,0,0,22190.43,110,398.02,2
42.29,42.54,65,156,398770.97,117,117.91,1
44.67,58.14,201,82,954739.62,138,221.23,1
10.24,49.25,152,170,369250.7,108,215.38,1
5.77,26.27,1,1,6898.53,76,355.91,0
6.38,36.27,1,2,5750.13,85,339.33,0
0.0,11.96,3,3,886.55,68,363.65,0
10.0,72.22,123,183,54822.69,140,245.36,1
5.42,29.65,0,2,628.58,85,183.45,0
10.77,42.91,0,1,50.71,67,227.57,0
6.94,24.78,1,1,900.11,105,250.07,0
76.77,64.14,1,1,362086.91,129,269.16,2
24.82,56.81,3,28,842417.12,138,266.67,1
41.48,60.44,85,298,738263.53,120,349.37,1
3.48,40.88,0,1,1457.3,78,208.6,0
0.0,34.79,0,2,6964.11,65,259.9,0
0.38,31.89,0,3,4534.5,98,153.03,0
58.48,44.65,111,96,368279.74,122,346.8,1
80.92,75.81,3,0,46471.08,66,284.78,2
7.36,40.16,1,0,989.61,76,207.16,0
29.87,50.76,138,144,627639.37,109,300.49,1
60.5,61.09,122,148,672987.0,134,234.46,1
38.88,47.9,108,159,494083.44,96,232.87,1
41.37,60.26,175,151,715965.53,101,255.64,1
4.49,29.65,1,1,72.18,78,297.84,0
39.99,31.87,178,127,638269.34,135,322.0,1
0.0,40.2,1,1,736.7,88,380.99,0
10.0,53.36,81,138,593259.27,165,337.77,1
4.85,35.05,3,0,5851.41,48,262.75,0
4.67,23.14,1,3,431.52,66,195.87,0
46.1,68.04,116,109,70929.19,138,265.07,1
48.23,45.98,178,324,848041.23,143,244.08,1
35.12,39.53,3,3,620049.7,159,333.26,1
33.48,39.58,4,20,283474.79,132,304.23,1
91.58,65.13,1,0,38332.73,85,308.32,2
4.66,29.69,0,1,2829.36,96,233.19,0
9.0,21.73,2,1,1582.04,59,195.05,0
89.67,79.73,0,1,224305.93,88,372.52,2
8.9,35.13,0,3,1478.28,109,249.9,0
56.57,43.03,97,131,212052.92,96,309.64,1
49.84,51.43,111,152,762922.44,103,331.53,1
6.29,32.11,1,1,4700.51,71,222.33,0
24.36,44.27,141,137,976447.4,88,144.18,1
7.25,42.36,1,1,27.59,93,202.78,0
56.83,55.86,145,104,1452686.36,131,285.2,1
26.99,43.36,47,156,147687.13,131,241.95,1
5.0,78.9,3,19,339622.53,100,239.52,1
68.95,62.83,2,1,171214.32,119,286.59,2
8.91,25.68,1,2,307.43,66,344.07,0
27.71,52.69,5,36,9362.33,124,255.78,1
54.88,48.85,153,133,88976.59,143,270.23,1
43.75,39.62,1,1,88621.95,97,246.66,0
42.21,27.82,76,245,2196715.9,143,86.1,1
7.99,30.1,1,2,3648.35,83,166.43,0
1.87,19.69,1,1,1128.56,77,98.96,0
23.15,58.41,95,212,487605.65,70,293.98,1
70.0,50.63,2,1,102603.8,115,168.0,0
4.9,32.49,2,1,2848.03,101,277.45,0
91.19,66.04,1,0,223425.91,72,256.9,2
0.0,23.81,2,7,370.41,55,220.65,0
21.67,47.46,123,169,246884.27,111,145.65,1
9.46,34.21,1,3,3775.66,96,217.61,0
7.47,27.74,2,1,6380.54,50,193.42,0
12.72,34.01,91,114,132422.79,104,323.41,1
30.92,51.84,90,150,83895.94,95,283.45,1
0.6,38.82,2,3,405.54,111,352.61,0
21.31,57.57,30,161,1842583.11,158,353.2,1
62.33,58.47,59,122,267608.27,125,203.17,1
9.6,28.08,2,3,3161.04,75,171.98,0
8.2,16.31,1,0,492.19,99,291.54,0
31.35,37.39,86,115,675047.75,109,253.03,1
6.21,29.34,1,1,2328.45,96,427.81,0
32.55,52.99,165,153,1524382.06,128,174.74,1
46.41,51.96,141,92,542796.87,110,215.19,1
14.74,35.39,2,3,4181.55,57,360.88,0
6.32,37.64,0,1,4366.8,82,293.89,0
5.83,37.36,0,3,1506.06,72,310.06,0
32.66,36.71,1,2,93204.31,78,187.25,0
60.51,51.5,146,167,261274.92,111,313.6,1
18.87,40.01,3,10,50350.69,93,301.54,1
11.75,34.34,0,5,3556.88,84,222.12,0
43.6,56.43,170,122,974018.05,112,331.4,1
8.53,30.23,2,6,1627.83,79,184.94,0
50.12,49.13,109,100,398528.8,72,254.53,1
3.35,37.11,1,5,583.56,69,287.02,0
0.0,27.15,1,4,1150.87,95,74.53,0
84.43,63.84,0,1,7692.44,81,244.93,2
3.29,32.81,0,2,2060.3,63,268.37,0
12.25,35.64,1,2,295.07,94,268.89,0
48.27,51.51,0,2,47832.72,83,210.34,0
61.95,69.79,0,2,20325.6,103,193.49,2
31.38,44.84,140,116,462748.34,145,324.99,1
18.38,62.67,87,159,1148944.55,107,339.24,1
85.51,55.0,0,0,165965.51,89,230.01,2
3.22,38.16,2,1,537.44,73,312.31,0
18.16,55.28,159,148,253087.54,133,258.57,1
98.23,74.43,1,0,63079.53,95,237.67,2
2.66,36.27,0,1,1634.55,42,299.83,0
0.0,42.13,2,0,921.66,80,334.57,0
24.05,81.27,159,203,675737.63,128,356.44,1
27.18,48.14,150,115,345141.99,129,213.31,1
45.63,59.25,108,72,147433.23,112,281.47,1
51.96,54.62,2,0,295447.65,77,337.75,0
4.26,28.37,1,1,665.14,110,218.65,0
2.43,16.13,2,2,1966.91,89,203.62,0
30.14,73.11,78,74,338072.89,112,205.56,1
12.37,38.88,2,2,1964.72,88,252.48,0
38.44,55.97,188,217,399227.46,123,206.49,1
74.35,66.75,0,2,102056.67,104,281.02,2
82.18,84.4,1,2,91369.98,99,256.48,2
30.31,37.02,5,16,496334.37,90,239.25,1
49.46,72.83,148,190,560303.32,102,308.88,1
10.0,66.33,110,196,869919.93,112,274.43,1
50.93,42.76,5,6,66317.65,121,333.85,1
6.02,35.52,0,0,3591.98,80,348.33,0
12.71,40.25,6,12,54424.07,103,268.48,1
1.69,42.16,0,3,1103.65,98,247.06,0
8.42,23.81,1,2,458.66,63,229.59,0
10.0,55.0,93,82,344743.76,151,306.88,1
75.96,71.73,2,0,32043.56,72,121.21,2
69.26,72.12,0,0,168977.74,125,223.52,2
22.62,56.99,165,137,968881.91,124,212.08,1
6.1,28.58,2,3,1918.85,70,213.07,0
4.18,32.91,0,0,1025.69,85,133.28,0
48.35,63.94,134,116,8874.34,99,79.33,1
4.13,24.37,1,2,4291.25,83,228.31,0
36.52,54.83,89,293,613344.7,100,186.6,1
22.9,68.04,92,118,177350.03,131,132.31,1
62.07,45.88,65,186,1013038.77,131,407.38,1
23.62,48.15,111,192,409941.64,82,291.01,1
23.1,70.37,156,179,506192.44,83,103.55,1
0.06,21.42,0,1,888.49,78,246.24,0
1.53,25.67,2,4,3239.66,100,236.42,0
70.94,83.39,0,3,75969.45,127,337.02,2
50.31,48.93,151,202,287780.8,132,162.14,1
59.9,85.75,2,0,49483.18,60,164.64,2
99.13,78.07,0,2,8405.53,60,263.54,2
42.89,55.42,158,173,231987.17,129,331.96,1
5.2,64.35,10,14,393863.94,70,233.8,1
95.71,80.35,2,0,48083.2,120,191.69,2
2.99,39.83,2,3,1185.79,84,194.72,0
19.54,66.07,167,185,351771.51,99,197.27,1
20.0,59.07,0,0,197361.95,89,141.97,0
73.51,67.1,1,0,47138.52,98,364.32,2
9.67,52.2,10,25,407652.13,124,351.46,1
36.42,46.08,2,1,12495.11,66,286.6,0
9.17,46.51,1,3,502.45,67,348.44,0
3.05,30.28,1,3,225.85,82,224.82,0
23.98,51.07,90,207,909059.19,123,253.78,1
73.35,83.36,1,3,112121.3,95,105.15,2
10.27,28.18,0,2,4265.93,85,246.63,0
91.87,82.58,2,0,7426.78,106,194.99,2
45.93,48.16,103,145,266995.88,128,158.11,1
82.05,80.8,4,1,45100.87,130,191.32,2
35.26,44.98,1,2,178368.64,108,196.96,0
49.99,51.65,158,162,196285.17,88,261.59,1
5.76,26.27,0,2,3014.43,82,241.73,0
37.1,64.43,85,93,292017.3,122,261.76,1
68.02,97.59,1,0,290961.13,88,229.63,2
35.79,34.6,114,20,121543.75,84,227.04,1
4.86,26.08,2,0,968.51,73,282.95,0
35.99,80.0,0,5,49550.61,129,209.85,0
79.02,85.65,2,2,154338.89,101,206.11,2
45.79,34.19,1,2,98111.35,114,323.83,0
3.22,32.29,0,1,5769.81,88,357.45,0
3.66,39.26,2,3,107.99,87,161.63,0
70.87,61.34,0,1,57840.3,89,395.82,2
92.74,73.41,1,2,21380.05,105,308.15,2
22.99,52.84,51,97,3338723.04,135,150.13,1
44.41,62.51,142,195,142599.35,83,306.96,1
7.94,25.25,1,1,706.65,108,243.73,0
17.54,51.89,187,155,634517.2,122,175.35,1
69.46,75.48,1,3,171650.86,116,365.07,2
31.43,51.5,124,125,219851.56,108,424.09,1
36.25,44.55,112,200,1413103.46,109,333.54,1
92.44,72.82,0,0,159203.64,93,276.6,2
6.91,34.1,0,1,922.57,46,143.72,0
6.46,35.87,0,1,2358.79,74,313.21,0
28.87,49.37,126,94,1400958.64,120,311.64,1
82.76,79.24,0,3,303177.74,80,234.28,2
31.34,48.03,5,16,399893.05,107,268.09,1
44.73,44.6,110,105,1580059.26,115,310.52,1
41.51,55.86,40,160,1103874.55,129,234.96,1
27.03,58.74,118,66,261163.72,162,270.41,1
24.8,52.34,6,3,33727.4,105,257.1,1
29.68,81.27,89,145,88308.19,108,207.3,1
7.99,34.4,1,2,241.92,73,138.48,0
10.0,45.47,102,111,236606.1,155,323.85,1
27.94,51.04,89,126,174655.56,138,234.6,1
47.5,56.94,156,184,341723.74,92,247.53,1
100.0,65.01,1,0,83977.31,81,308.63,2
8.46,38.68,1,1,3165.84,62,288.14,0
75.63,80.1,0,1,21116.28,84,282.14,2
5.0,53.92,6,12,244276.31,104,376.89,1
51.4,51.22,164,165,624054.07,110,303.34,1
41.95,57.27,134,133,823131.77,126,340.98,1
12.41,30.1,1,3,268.31,97,247.47,0
6.52,28.57,4,3,3239.77,63,275.69,0
92.47,69.66,0,0,114179.22,97,230.38,2
8.66,23.54,0,0,408.14,78,269.27,0
6.45,22.49,0,1,653.26,66,184.06,0
10.53,45.26,1,4,1049.73,60,361.9,0
73.24,81.87,0,1,5164.87,99,222.96,2
26.44,44.14,2,2,297875.66,95,329.78,0
11.3,34.73,3,2,6567.67,97,148.25,0
63.88,66.94,0,1,886.76,96,224.94,2
17.16,60.15,152,109,913886.75,127,461.91,1
3.85,21.36,2,4,926.28,81,418.53,0
8.94,37.72,3,2,6125.15,82,238.28,0
3.59,43.0,1,2,5752.39,83,207.9,0
36.3,54.59,220,202,651434.57,105,197.17,1
7.28,29.54,0,2,684.42,104,212.08,0
47.22,41.49,163,176,182872.03,135,282.05,1
1.21,46.75,0,0,2119.66,97,338.88,0
58.59,61.78,1,0,1051.8,89,330.4,2
6.64,31.49,1,3,1875.29,60,374.64,0
8.59,15.53,0,1,221.19,89,200.95,0
80.85,76.56,2,1,32320.02,107,236.33,2
64.24,37.84,0,1,32951.78,101,248.41,0
5.9,28.1,3,5,2692.07,64,289.08,0
10.19,31.37,1,4,881.41,76,121.19,0
66.35,64.71,1,3,83142.95,110,250.2,0
54.09,61.62,1,1,3799.67,72,251.35,0
7.91,38.02,0,1,4198.56,96,263.06,0
6.05,32.12,2,1,1687.05,104,51.54,0
9.14,44.51,2,1,862.6,104,358.16,0
78.02,75.89,1,1,66033.31,113,163.47,2
4.43,32.41,1,3,562.24,75,170.18,0
68.23,85.01,1,0,75319.62,111,53.44,2
26.6,51.6,157,197,1366932.39,126,192.43,1
32.07,68.04,160,122,35339.92,126,313.54,1
27.08,56.85,121,128,97755.34,126,211.14,1
9.98,36.24,0,0,1883.49,88,316.95,0
4.43,23.59,0,1,5163.92,79,339.64,0
2.53,36.17,0,2,1482.78,72,191.91,0
6.14,18.88,0,1,799.59,71,241.49,0
78.18,55.0,1,1,25648.22,105,111.05,2
5.16,24.62,1,0,222.47,105,156.64,0
2.07,37.41,1,3,730.96,85,268.16,0
39.69,58.95,148,188,1001406.14,111,158.37,1
72.32,88.78,0,1,41788.08,142,154.35,2
7.45,22.48,1,0,2278.83,53,261.07,0
10.0,58.82,155,182,27296.11,93,255.48,1
10.52,63.96,141,164,435511.53,156,250.74,1
40.31,32.13,79,176,24605.93,112,266.24,1
12.3,27.99,1,2,6644.29,67,160.74,0
11.82,29.57,1,0,313.38,81,229.12,0
49.76,54.92,154,119,37666.99,129,284.4,1
31.32,76.11,118,227,615436.12,91,160.18,1
43.44,62.34,128,192,313595.41,134,195.29,1
81.41,73.86,0,0,74406.43,109,212.65,2
11.3,30.21,1,3,512.41,97,257.5,0
84.91,61.19,1,0,270098.97,118,225.3,2
80.16,78.82,0,2,307462.64,96,233.96,2
88.33,75.61,2,0,55760.11,91,441.55,2
72.17,83.26,0,1,54266.56,93,240.88,2
30.64,54.01,69,189,50870.38,117,243.47,1
7.55,26.83,0,7,3620.19,87,330.41,0
40.55,63.41,53,183,1169777.39,148,176.18,1
80.72,77.05,0,0,277848.84,111,237.39,2
8.8,34.81,3,20,233207.47,107,362.72,1
4.57,35.09,1,2,1358.63,104,292.96,0
14.97,27.1,1,2,436.48,79,255.42,0
84.07,59.43,2,1,54287.34,119,284.3,2
43.82,30.29,1,2,92265.29,97,173.72,0
72.92,76.6,0,2,89510.27,123,180.11,2
33.19,43.53,131,136,137872.88,122,389.89,1
39.95,53.21,112,177,241259.22,139,219.54,1
7.16,36.64,1,4,1243.38,88,205.59,0
23.23,63.4,134,74,5000.0,140,93.08,1
31.14,42.68,2,0,98228.06,106,153.19,1
13.37,29.76,1,1,231.23,112,271.7,0
30.0,50.09,103,122,1219384.96,132,93.28,1
12.18,70.79,8,10,28125.95,144,249.81,1
50.0,73.9,2,2,83488.7,125,231.07,2
86.01,66.41,0,2,16400.22,88,413.79,2
35.63,64.64,59,136,369781.01,101,236.6,1
2.36,41.47,1,0,52.43,102,191.83,0
32.6,45.32,89,158,1472042.67,111,238.72,1
4.78,15.22,0,2,1181.04,79,372.13,0
28.1,33.41,3,48,71081.32,107,303.7,1
23.18,63.9,95,20,1783442.42,102,246.55,1
45.13,31.04,163,108,415479.3,101,181.65,1
29.5,56.56,89,204,254826.68,130,273.92,1
87.8,72.44,1,1,228050.46,106,262.4,2
10.0,72.75,159,193,28034.16,99,371.01,1
7.03,18.53,0,1,7568.09,54,247.35,0
6.35,20.58,1,2,1737.96,93,253.42,0
0.79,23.71,0,0,1839.64,86,222.58,0
44.21,54.09,144,118,609341.48,125,229.07,1
4.74,37.23,2,0,1643.08,74,262.94,0
82.94,83.15,3,0,257300.34,106,167.4,2
8.62,34.19,0,1,4062.46,75,56.14,0
64.95,58.95,2,1,43047.57,96,215.43,2
7.59,57.12,5,17,177219.02,111,352.18,1
37.4,75.11,122,178,56503.55,91,185.66,1
32.82,56.0,127,119,444295.82,94,149.95,1
6.93,17.05,1,4,3757.08,100,143.96,0
23.25,63.39,6,17,101393.73,132,156.34,1
18.63,50.49,4,14,173922.76,103,237.24,1
25.39,53.32,141,159,136292.18,119,124.17,1
99.25,68.7,1,2,100558.19,71,207.46,2
29.72,51.32,6,40,428895.91,90,239.29,1
4.27,49.58,0,3,2794.6,96,387.51,0
24.61,49.87,111,148,141438.48,120,283.76,1
31.44,66.16,110,120,953666.32,132,176.04,1
81.06,74.01,1,1,44536.08,97,318.62,2
8.41,32.8,1,4,2250.57,87,150.11,0
10.0,48.35,166,73,129749.79,115,204.22,1
69.96,45.12,84,295,469149.12,89,247.71,1
8.18,28.55,0,2,1598.34,77,162.34,0
8.79,29.7,0,4,662.39,89,248.81,0
4.23,27.4,1,1,424.96,82,195.02,0
29.51,52.74,3,24,92405.02,139,235.07,1
4.5,45.32,0,1,2106.44,91,250.3,0
5.0,38.76,3,18,26828.81,127,163.06,1
80.66,55.0,2,2,69835.89,87,50.0,2
25.68,45.25,2,30,892894.25,152,222.72,1
21.75,47.75,129,118,260877.07,72,158.47,1
7.87,24.22,0,3,1702.47,66,180.45,0
8.83,63.16,3,23,141712.07,95,236.73,1
0.0,28.15,1,1,5.55,73,331.07,0
45.66,65.93,160,87,598949.75,123,185.72,1
93.6,61.77,0,0,210708.89,86,299.9,2
15.24,32.02,0,0,102.95,87,294.17,0
82.59,70.2,2,0,43230.22,87,152.21,2
34.56,62.83,130,176,194101.13,135,115.53,1
5.78,17.26,1,4,16.03,90,320.95,0
16.15,63.83,183,160,747613.74,72,198.47,1
9.43,33.36,1,2,642.6,82,382.2,0
86.37,80.19,2,1,5420.85,110,97.98,2
4.98,34.15,0,2,802.42,80,286.59,0
5.62,17.32,0,1,1175.69,55,196.32,0
20.0,71.51,0,2,97846.05,62,215.85,0
83.21,64.98,2,1,151489.64,108,338.1,2
29.74,44.85,4,37,645867.61,103,313.82,1
10.0,49.44,157,136,731883.49,105,128.16,1
17.91,56.0,122,79,71417.32,154,299.31,1
100.0,64.11,2,0,161948.34,95,205.17,2
6.48,26.28,0,1,2316.43,71,212.43,0
84.2,70.22,3,1,21215.5,131,353.01,2
5.13,28.01,1,3,597.16,99,383.24,0
2.95,22.82,1,1,1012.15,70,191.45,0
8.23,49.07,0,3,622.83,90,152.26,0
6.4,41.36,2,0,6278.47,89,314.3,0
8.82,42.23,8,8,456641.05,97,261.94,1
16.07,37.42,101,135,92319.88,118,386.9,1
2.44,22.13,0,1,497.25,89,268.88,0
78.6,69.32,1,0,45947.08,93,327.74,2
29.69,51.33,0,3,23799.96,89,228.44,0
3.66,27.71,3,3,490.61,73,306.17,0
12.39,71.51,118,132,480922.58,144,290.71,1
34.23,42.47,5,11,72831.44,117,187.72,1
9.39,31.28,4,6,246280.36,103,186.77,1
88.38,95.82,0,1,47806.37,103,99.06,2
35.77,68.63,52,135,684590.93,94,232.82,1
33.82,53.66,153,184,1036933.84,111,284.53,1
70.2,76.21,0,0,38263.4,129,258.08,2
14.13,22.46,1,1,1389.0,77,167.8,0
0.0,20.52,1,5,763.64,87,257.6,0
6.58,29.84,3,3,360.44,76,239.1,0
38.78,36.29,109,170,759747.03,140,189.8,1
6.92,33.8,1,2,1825.23,61,347.58,0
18.76,49.35,172,219,70251.36,112,312.07,1
4.76,30.15,1,3,9370.37,86,295.17,0
26.34,50.32,160,159,79390.6,150,353.09,1
43.17,43.8,68,173,69370.25,102,276.77,1
77.41,73.15,1,0,32730.26,116,214.97,2
73.08,90.32,3,1,17560.74,79,254.52,2
6.53,30.86,2,0,167.13,94,149.03,0
50.38,30.0,0,0,121564.66,97,309.55,0
40.37,42.44,138,120,83218.05,105,242.55,1
52.18,75.63,1,1,4851.95,109,304.53,2
16.82,34.82,1,0,1347.14,90,224.62,0
44.5,54.6,111,73,29220.74,95,160.37,1
0.0,24.83,0,2,3359.57,90,300.0,0
0.09,11.33,0,1,2156.44,74,308.97,0
46.19,54.2,94,234,83805.08,74,257.98,1
38.13,60.55,156,223,261957.18,85,253.56,1
60.01,77.74,1,1,13206.52,80,285.52,2
24.72,67.11,30,97,10386.98,97,295.55,1
5.35,26.5,0,1,273.55,100,261.64,0
4.03,42.85,0,0,4348.57,101,236.68,0
5.72,29.17,2,1,1160.01,75,285.03,0
9.43,41.37,1,1,2415.27,83,358.13,0
4.35,35.14,1,1,107.89,76,190.98,0
8.72,25.69,2,3,4128.01,112,201.99,0
15.78,33.25,1,2,1935.86,70,50.0,0
17.68,54.95,95,128,93156.99,138,155.62,1
6.9,41.27,2,2,897.58,81,125.82,0
0.0,26.79,0,4,522.77,78,63.08,0
35.34,63.1,10,3,68784.09,101,224.48,1
5.48,18.59,2,2,892.78,40,77.53,0
39.17,54.38,85,104,123488.56,123,184.23,1
0.56,27.34,0,1,617.85,86,144.84,0
5.0,46.63,10,0,285601.05,148,63.06,1
32.65,67.98,62,207,299727.98,94,135.89,1
8.28,27.76,1,0,3496.65,67,299.38,0
45.3,50.52,121,65,23307.48,126,248.18,1
0.15,35.81,1,6,325.87,98,192.09,0
2.96,10.0,3,1,2097.31,55,323.88,0
8.17,30.37,1,2,882.36,67,326.58,0
7.59,32.69,2,4,2482.02,70,208.8,0
66.93,81.97,0,2,11921.26,121,283.94,2
97.51,76.78,0,1,287925.85,92,337.52,2
6.15,30.65,2,4,1423.95,75,91.99,0
56.34,55.57,1,2,39859.01,102,271.98,0
7.45,36.2,1,1,903.02,107,270.81,0
84.69,65.51,2,0,42577.47,104,93.08,2
18.17,31.78,95,93,563471.28,86,311.49,1
67.15,57.38,2,1,16460.2,124,269.04,2
29.3,67.39,8,3,411982.67,115,209.63,1
5.91,18.26,1,1,1020.26,89,152.84,0
76.78,84.91,0,1,79219.29,103,294.05,2
63.79,39.42,82,158,263988.53,138,162.69,1
4.66,18.7,0,1,88.86,91,226.58,0
33.63,66.41,116,161,235643.81,139,183.82,1
51.47,35.71,0,3,55589.51,113,242.32,0
44.94,56.02,111,143,748319.0,125,107.89,1
9.28,28.23,1,1,241.66,76,278.19,0
3.2,52.76,1,2,883.89,90,283.61,0
10.09,36.46,0,1,645.78,105,209.75,0
93.21,70.75,1,0,105862.68,82,173.59,2
9.35,41.05,1,1,2478.25,79,50.0,0
48.26,43.41,142,231,225624.61,114,198.79,1
6.27,41.62,2,1,1079.31,73,283.1,0
65.66,73.21,0,1,131475.0,111,327.55,2
27.29,54.62,4,10,525070.23,75,268.26,1
36.08,25.0,91,128,120563.97,134,288.54,1
25.56,61.19,147,131,85211.42,88,363.07,1
7.65,26.89,0,3,2354.57,70,280.83,0
81.16,72.91,0,2,42015.76,113,273.77,2
6.51,30.28,1,3,979.7,71,202.81,0
37.86,65.53,1,1,20869.99,101,50.0,0
14.2,23.29,1,1,4699.88,75,265.66,0
37.14,57.23,147,256,872301.69,127,184.76,1
2.36,10.65,3,4,334.53,60,367.92,0
9.95,17.22,2,2,803.51,77,185.81,0
67.91,82.74,0,2,40653.75,103,137.46,2
73.74,77.76,3,2,77075.92,92,137.88,2
60.37,77.85,0,0,13728.49,104,210.36,2
84.81,72.34,0,0,122586.21,92,275.92,2
77.03,63.74,2,3,44755.91,124,223.91,2
67.66,75.0,0,0,68302.1,75,262.91,2
8.31,24.99,0,3,381.81,82,262.51,0
1.16,39.34,2,3,1667.88,100,235.36,0
30.32,70.66,152,69,11458.53,129,315.52,1
33.66,56.94,1,3,25693.34,92,351.7,0
61.59,65.26,177,217,1165786.73,104,105.29,1
64.37,47.48,176,88,423780.65,143,349.76,1
71.09,71.29,0,0,238737.3,89,146.43,2
25.24,35.58,3,8,231459.25,113,106.42,1
10.0,68.11,97,213,608726.79,136,170.85,1
16.56,56.23,192,191,123765.04,116,105.17,1
50.0,63.47,0,0,38249.75,96,327.39,2
0.0,17.88,1,1,1181.03,78,265.88,0
2.42,34.8,1,0,1335.89,60,199.94,0
96.6,73.05,1,0,62896.45,125,282.72,2
100.0,83.66,0,0,104840.91,107,265.71,2
5.48,28.58,0,2,2534.79,77,315.54,0
2.14,20.12,1,1,320.48,102,324.24,0
39.58,53.5,109,240,352736.39,129,249.26,1
74.6,98.0,0,1,171033.98,95,186.83,2
77.14,63.17,1,2,84470.35,98,242.46,2
47.26,47.47,106,20,959656.28,117,272.44,1
9.0,27.66,1,3,310.01,91,359.3,0
18.91,61.5,95,106,162047.26,156,260.92,1
24.87,52.49,144,191,70641.51,154,386.84,1
6.83,31.99,2,1,981.33,75,188.74,0
6.8,30.27,2,1,656.84,92,110.91,0
12.45,29.22,0,4,797.86,108,202.88,0
0.94,28.31,0,2,911.62,67,203.37,0
36.02,51.26,1,6,68292.27,59,199.08,0
0.0,23.8,1,4,2380.43,82,284.92,0
5.29,20.53,1,4,319.02,91,321.54,0
28.69,51.75,108,120,227263.46,117,372.17,1
82.13,90.56,0,0,220860.46,119,203.18,2
2.27,31.29,0,1,2035.98,84,381.41,0
9.45,20.83,1,1,2444.55,78,146.0,0
7.55,27.82,3,2,4104.59,67,319.69,0
1.34,34.29,3,1,249.65,73,101.54,0
41.89,57.42,148,152,177930.87,116,175.56,1
59.51,56.3,0,0,48306.4,108,287.41,2
100.0,79.53,1,3,3845.2,94,234.22,2
16.45,47.67,92,167,1107519.89,79,267.87,1
11.75,20.89,2,1,1933.34,78,309.07,0
4.69,15.18,3,3,483.92,94,292.89,0
18.0,41.08,107,197,824934.34,117,165.84,1
85.01,85.76,0,0,57550.51,117,125.89,2
38.13,54.29,110,166,930026.66,113,241.39,1
10.0,68.51,70,251,13834.56,164,368.69,1
6.11,18.98,1,5,714.54,50,210.93,0
77.39,89.22,2,2,239842.47,112,336.65,2
71.59,82.21,0,1,155796.1,104,233.93,2
6.88,46.44,2,1,1627.77,101,331.24,0
33.28,46.98,113,111,648593.11,100,150.82,1
81.38,68.04,0,2,17498.58,100,196.91,2
4.5,37.7,1,2,307.34,91,249.66,0
58.89,52.72,74,159,189786.5,99,240.77,1
64.12,66.07,0,0,80446.33,114,211.91,2
39.64,56.25,150,128,2779762.2,100,304.07,1
35.06,50.27,1,2,104369.02,83,143.23,0
85.07,82.44,2,4,140357.89,138,273.96,2
7.46,51.87,5,4,192739.93,113,174.07,1
53.01,42.84,3,2,99600.44,77,355.57,0
0.9,17.64,0,3,1215.9,94,315.18,0
4.99,39.9,0,2,220.39,84,370.14,0
3.4,29.07,1,1,5626.52,80,188.39,0
0.96,25.65,1,1,1157.89,87,331.47,0
85.35,74.4,4,0,192402.18,95,207.02,2
77.6,59.98,3,1,43507.4,110,273.48,2
81.22,73.38,2,1,2753.75,96,250.66,2
14.41,44.42,168,151,22956.4,129,317.17,1
77.99,74.61,0,0,36073.68,106,179.75,2
33.28,57.72,103,105,582140.12,120,308.55,1
41.95,48.7,112,68,161618.4,101,218.03,1
73.0,66.57,0,1,912.22,108,273.92,2
5.12,28.08,1,3,4932.97,86,107.41,0
70.76,55.23,5,1,165172.41,112,195.91,2
8.57,26.58,0,3,1383.75,105,262.87,0
77.64,72.17,3,0,109508.56,86,211.66,2
59.14,48.46,95,140,1294766.18,164,79.0,1
80.63,55.0,0,2,37365.31,97,244.11,2
8.56,31.41,1,2,10.08,58,159.47,0
59.83,54.47,2,2,20346.41,92,374.84,0
73.24,69.01,0,0,68214.4,88,210.13,2
59.71,79.45,0,2,24205.41,114,274.83,2
82.49,70.98,4,0,239874.62,103,328.92,2
48.55,48.18,155,84,137347.18,111,200.35,1
16.24,58.17,30,171,325809.72,100,184.22,1
20.15,39.84,89,168,48929.27,136,54.69,1
5.32,29.61,0,6,2050.46,68,224.85,0
10.16,26.13,1,5,2486.71,74,178.69,0
95.72,78.9,1,0,44980.0,124,299.14,2
34.49,48.35,156,216,389139.29,137,342.07,1
31.6,53.65,2,1,127309.51,50,235.74,0
27.64,54.31,3,19,249543.25,132,163.33,1
28.64,39.85,139,191,1701552.95,138,274.88,1
27.99,43.26,0,0,39818.57,99,207.58,0
9.98,32.9,1,2,3341.05,87,180.09,0
44.91,40.93,93,219,500927.4,133,270.43,1
94.27,82.47,0,2,250576.0,113,240.58,2
13.89,27.45,0,2,28.27,80,160.52,0
36.66,52.57,99,134,1123624.31,122,159.94,1
5.38,32.79,2,2,10601.55,56,105.1,0
18.12,79.18,148,171,1632979.32,156,125.93,1
79.64,81.62,1,0,118552.38,94,267.7,2
28.11,62.59,114,228,871309.74,143,217.36,1
9.15,10.0,3,1,4131.24,88,276.53,0
0.0,32.99,3,3,1721.76,81,317.94,0
10.18,29.66,1,4,1758.46,86,301.78,0
6.37,37.67,1,2,2646.7,87,310.08,0
43.84,60.52,104,130,337257.05,126,282.3,1
3.59,34.99,0,2,3799.9,56,272.29,0
59.18,76.35,0,0,92059.56,89,258.03,2
10.0,45.35,201,100,139801.59,131,181.68,1
38.53,34.98,0,3,54714.32,69,197.47,0
28.68,52.41,118,197,150043.31,125,379.11,1
15.83,10.0,0,4,2302.36,73,318.48,0
5.02,34.99,2,3,8551.05,65,321.39,0
6.79,24.14,2,2,227.6,101,291.68,0
83.1,75.75,0,3,44208.58,77,239.6,2
45.89,51.34,1,1,103167.58,116,163.99,0
9.98,36.4,1,0,1504.15,92,300.85,0
7.77,33.65,1,3,85.36,87,426.43,0
6.38,17.55,1,5,558.97,86,255.96,0
8.35,34.58,1,2,493.48,73,207.38,0
4.06,30.35,0,2,700.14,60,312.93,0
0.23,37.07,1,3,1109.17,64,244.4,0
17.92,52.09,131,94,174279.91,113,195.62,1
35.01,58.54,183,113,180080.18,126,230.63,1
10.0,73.83,183,228,1476092.11,121,187.52,1
1.45,24.69,0,4,42.07,111,241.29,0
2.34,30.08,2,2,36.01,86,324.91,0
10.11,35.0,2,3,5645.21,90,362.03,0
1.31,32.26,2,3,302.31,71,232.54,0
33.92,49.57,132,80,182568.65,123,50.0,1
43.31,48.61,30,297,477586.98,84,245.27,1
10.0,67.08,161,135,330374.15,124,252.27,1
7.52,28.88,0,1,1493.78,88,327.44,0
50.0,66.61,0,0,922.99,80,187.25,2
68.48,71.43,0,3,160282.05,108,254.4,2
67.89,83.33,0,2,17539.01,96,302.31,2
30.0,48.85,137,158,229715.9,135,228.75,1
34.51,56.29,66,119,313658.03,94,286.15,1
0.0,30.81,1,1,870.79,62,274.93,0
7.3,29.75,2,1,998.65,69,95.53,0
4.68,27.58,0,1,407.24,71,262.97,0
3.3,44.65,1,2,2900.92,83,236.37,0
24.44,56.58,121,200,277397.13,141,259.08,1
50.11,78.32,113,118,1149186.68,116,191.38,1
28.67,48.16,5,31,103930.13,112,218.57,1
34.57,66.48,0,1,48070.46,91,241.41,0
0.28,33.99,1,4,636.96,83,332.4,0
76.87,65.35,3,0,347016.17,72,177.18,2
0.0,25.01,0,2,550.44,74,419.58,0
63.7,43.46,158,98,897157.93,106,295.84,1
0.0,32.41,1,2,24.11,70,257.76,0
0.0,21.86,3,3,1119.57,102,352.42,0
83.6,83.16,1,0,78098.0,70,124.4,2
40.74,56.09,3,2,73541.35,87,293.63,0
4.9,31.89,0,8,50.61,92,276.63,0
10.47,52.42,91,46,898309.53,133,272.31,1
72.58,66.91,3,0,328141.17,99,188.98,2
44.03,32.48,187,130,32149.66,99,239.27,1
0.76,38.44,1,1,172.14,82,239.41,0
35.94,58.56,108,234,134201.24,130,232.46,1
99.84,88.65,0,0,2265.42,84,293.67,2
13.69,67.1,86,177,1326950.99,115,239.86,1
7.22,34.51,0,4,1065.18,80,120.85,0
0.75,38.63,2,4,988.27,96,200.95,0
71.38,75.74,0,3,88844.14,90,52.14,2
23.15,53.58,152,125,705647.96,70,256.59,1
49.48,59.43,174,174,115972.65,116,241.57,1
71.25,88.19,3,1,153974.26,72,250.85,2
10.01,28.83,0,0,27.31,77,186.28,0
80.82,80.11,1,2,134085.02,93,322.63,2
6.77,26.59,1,0,878.18,89,244.17,0
11.62,30.1,0,4,4346.51,81,271.97,0
33.29,46.59,6,12,113583.32,90,204.25,1
25.44,42.88,121,119,1078462.22,125,230.42,1
30.25,51.3,97,162,90672.47,132,189.17,1
16.75,71.71,152,160,150659.3,125,231.28,1
10.13,51.23,3,0,8056.73,117,320.48,1
3.58,32.25,1,2,621.66,80,397.92,0
0.92,38.61,1,1,525.39,84,153.07,0
8.33,28.86,1,2,1734.82,86,270.42,0
3.46,31.01,1,2,1199.92,79,170.4,0
2.06,42.96,1,2,2183.27,89,377.13,0
43.58,53.72,172,117,2592038.35,93,398.53,1
77.03,76.73,1,1,56955.68,106,309.87,2
6.79,24.01,2,2,3301.09,76,306.08,0
65.97,58.78,3,0,135353.58,96,259.0,0
9.79,10.0,3,4,11.39,57,266.38,0
37.18,50.88,2,1,97038.32,66,442.7,0
55.47,54.0,127,181,233563.98,81,244.11,1
7.58,27.88,2,5,2353.24,75,344.79,0
79.54,82.69,0,1,10982.92,99,339.18,2
48.01,48.52,143,213,138720.13,135,317.21,1
16.54,61.01,113,145,320007.23,116,296.67,1
14.57,60.3,119,261,325279.45,133,256.22,1
4.83,51.01,0,1,1219.54,73,142.2,0
27.05,55.78,154,144,106424.28,102,277.65,1
94.45,70.39,1,0,141392.72,106,351.07,2
6.85,34.91,2,3,485.66,93,232.98,0
75.2,73.35,2,0,11846.35,91,316.79,2
10.26,21.01,1,1,1770.31,97,159.85,0
72.37,68.15,3,1,262092.6,99,317.31,2
70.01,71.55,3,4,78459.48,63,299.55,2
22.03,51.94,134,153,68315.09,151,198.6,1
10.86,24.5,1,2,1205.64,82,455.5,0
50.35,75.68,0,2,37304.26,74,181.41,2
9.23,31.61,0,2,1399.82,97,165.7,0
3.51,42.57,2,2,1176.91,93,288.44,0
74.28,68.13,1,0,43073.0,86,262.21,2
12.98,63.89,196,141,430042.63,134,189.24,1
46.41,58.88,104,140,5000.0,140,233.47,1
51.39,55.97,67,236,181821.0,144,225.72,1
38.38,46.61,77,120,55557.07,110,349.16,1
57.13,38.41,102,134,121288.68,113,189.75,1
29.11,61.34,121,234,459135.12,103,241.67,1
33.29,44.93,110,173,71700.53,114,195.01,1
47.56,40.28,2,5,30515.72,88,244.85,0
21.41,45.17,6,36,415360.49,160,260.96,1
2.4,28.52,1,4,1384.15,56,226.52,0
7.57,34.97,4,2,956.6,92,211.65,0
8.35,33.28,0,4,6560.26,72,393.41,0
46.84,74.2,146,185,316146.91,92,285.6,1
88.68,65.77,1,0,4000.86,98,294.44,2
26.62,60.02,123,196,65791.14,123,244.09,1
22.39,53.33,82,127,2433724.35,141,196.02,1
2.62,23.53,0,1,675.35,109,166.74,0
58.4,66.42,0,0,304553.38,94,221.29,2
29.7,66.73,2,0,45784.66,99,237.87,1
8.78,19.37,0,4,935.83,92,259.08,0
37.17,71.19,110,144,382511.24,119,253.24,1
5.23,37.49,0,1,3451.26,61,50.0,0
63.78,77.63,3,2,7618.34,93,293.82,2
9.49,37.91,0,3,783.52,72,227.96,0
87.92,71.86,0,0,10204.9,121,271.15,2
0.0,33.12,0,1,1211.19,96,133.19,0
24.51,55.72,103,123,28142.52,101,303.44,1
88.66,86.48,2,0,78593.87,64,280.74,2
2.35,24.57,1,3,5687.34,70,233.77,0
6.68,36.05,0,1,562.76,109,202.73,0
28.63,72.25,162,142,902788.04,126,213.33,1
57.99,45.04,112,187,1265174.59,159,243.3,1
78.01,74.75,0,0,62487.58,86,320.02,2
6.82,34.85,3,2,4893.91,87,314.95,0
28.93,46.19,4,31,24349.75,98,144.05,1
7.38,24.3,1,2,2484.38,71,72.94,0
53.23,43.92,145,193,1142973.67,111,160.75,1
44.4,45.42,181,143,797551.14,123,50.0,1
41.01,63.59,1,4,53584.57,98,311.18,0
0.81,33.23,1,2,1880.73,80,355.85,0
25.52,70.98,80,112,345326.58,88,203.61,1
50.63,64.35,62,142,419994.8,111,118.42,1
22.88,49.5,203,85,491717.01,116,226.23,1
31.91,42.0,156,166,34055.97,115,324.16,1
55.83,46.46,2,0,181244.51,89,253.8,0
2.38,36.25,1,2,166.08,54,384.39,0
1.43,32.56,1,1,826.93,70,285.79,0
8.97,27.39,0,4,571.93,90,289.35,0
33.47,53.11,137,193,40702.19,108,164.41,1
100.0,81.15,1,1,22154.92,93,366.67,2
6.84,41.15,1,3,1825.85,62,153.53,0
32.67,58.33,140,89,407189.21,108,358.44,1
4.8,41.64,1,0,1885.92,58,402.53,0
21.19,60.14,172,151,236891.9,88,270.9,1
31.8,65.07,145,64,127470.75,107,203.49,1
90.56,69.83,2,1,41889.62,67,158.37,2
50.7,71.05,69,148,1142234.18,155,296.06,1
36.31,57.72,114,157,315473.83,133,91.89,1
87.3,55.0,1,0,371325.12,114,230.58,2
75.52,82.42,3,1,20971.64,94,212.87,2
76.94,67.22,2,0,24500.31,93,235.5,2
47.95,61.14,87,183,648988.07,117,133.94,1
10.42,32.52,0,5,1712.98,68,210.62,0
5.05,45.12,1,3,604.4,86,265.12,0
24.4,41.97,141,82,1167279.4,114,442.02,1
3.24,21.19,1,1,10.25,83,297.31,0
70.19,86.3,2,1,554709.13,95,192.63,2
13.4,67.74,54,155,123718.5,148,79.09,1
4.54,35.82,0,1,3366.82,65,148.93,0
26.67,57.15,148,251,218020.39,143,302.25,1
71.79,85.74,2,0,126823.47,103,261.93,2
28.43,51.99,89,173,131914.29,97,292.11,1
1.26,23.02,1,1,825.77,71,278.22,0
18.68,56.22,10,24,1368391.75,111,370.49,1
40.67,31.23,2,2,96762.4,94,177.84,0
11.4,24.03,2,0,1911.83,100,367.47,0
39.36,48.43,83,165,289760.49,110,417.74,1
62.37,88.67,0,0,189047.35,117,401.51,2
13.51,20.77,1,1,1189.7,73,259.92,0
8.8,28.79,1,1,2770.64,72,155.19,0
33.05,64.58,134,82,1300559.5,107,241.22,1
63.12,52.92,1,2,63121.52,123,127.34,0
10.0,64.6,120,153,2047771.17,107,257.96,1
68.29,73.9,2,0,245610.11,122,218.33,2
11.21,22.66,0,2,1668.17,71,233.79,0
42.0,58.05,2,2,74623.18,84,300.86,0
35.52,40.57,0,2,330.68,96,360.15,0
5.13,26.23,1,1,1850.57,80,71.08,0
23.01,28.12,117,172,730813.67,127,397.87,1
38.38,32.13,1,3,4820.73,75,177.23,0
60.14,73.64,2,1,52759.8,104,342.32,2
23.26,81.41,177,256,426001.71,118,343.49,1
30.18,57.2,94,178,509744.21,125,213.55,1
25.63,43.3,78,192,528287.84,107,354.79,1
17.04,42.65,9,9,12495.34,95,304.29,1
0.0,22.13,1,2,8074.69,92,82.41,0
33.29,61.86,166,111,140437.02,121,131.59,1
0.0,34.76,2,5,1142.78,72,362.66,0
7.88,42.21,0,1,175.78,62,174.8,0
16.1,44.43,6,48,369412.96,89,223.97,1
17.25,40.73,1,2,2140.4,81,245.75,0
75.78,67.71,1,0,166873.38,110,235.14,2
76.15,68.56,2,0,57842.69,96,275.77,2
5.53,27.62,1,0,346.66,76,278.12,0
48.68,49.86,108,128,303447.75,83,270.17,1
10.0,55.9,164,97,1687111.36,112,180.47,1
66.08,76.62,1,2,373511.75,110,351.26,2
42.39,52.8,0,2,38507.81,56,134.53,0
88.87,91.58,2,0,141769.31,116,224.58,2
78.46,74.57,1,3,53501.57,92,321.73,2
84.98,83.93,0,0,204253.38,117,237.0,2
44.24,53.47,117,162,551293.98,116,288.03,1
5.53,32.49,2,0,493.01,116,253.51,0
55.01,96.3,1,0,63420.59,117,404.51,2
33.95,78.29,108,137,552672.37,118,213.49,1
34.97,41.92,84,153,944407.2,164,271.09,1
2.74,26.84,0,0,1484.03,81,243.17,0
0.56,27.86,1,2,3626.82,101,231.88,0
31.26,61.01,59,108,501943.41,105,175.23,1
23.19,71.06,129,223,281777.61,134,179.24,1
46.65,47.89,93,96,326731.0,144,101.78,1
3.81,24.97,2,4,919.57,64,302.84,0
22.75,53.05,2,2,261386.55,118,144.03,0
2.73,36.84,2,1,1103.5,95,226.38,0
19.77,62.38,2,22,2730.11,140,164.61,1
4.32,30.54,2,3,1664.03,87,363.94,0
60.21,72.68,2,1,224476.5,80,364.89,2
24.31,52.94,11,26,2440.91,122,187.7,1
44.7,64.3,93,114,1627199.36,134,272.5,1
10.0,40.67,88,177,806954.08,118,264.15,1
55.08,53.71,114,167,335425.23,114,225.06,1
7.25,41.04,1,2,5919.36,51,217.14,0
2.54,27.51,0,0,866.5,87,250.36,0
41.25,40.67,185,114,163697.83,95,427.62,1
66.19,81.63,0,0,30134.77,106,227.86,2
15.35,34.88,0,4,209.88,95,204.88,0
5.41,20.63,2,0,583.69,64,199.39,0
10.95,38.08,0,1,4385.35,92,271.33,0
19.51,59.39,102,277,948052.47,136,95.57,1
35.63,45.02,121,155,45088.35,133,301.25,1
24.5,75.21,170,215,622381.57,97,207.58,1
100.0,82.46,0,1,58207.61,100,306.41,2
6.88,27.5,0,0,525.77,82,249.15,0
7.14,19.3,2,2,2697.22,80,326.59,0
88.56,80.5,0,1,80441.13,99,278.92,2
58.13,78.08,1,0,6848.37,86,290.56,2
43.51,71.71,69,137,699875.44,137,155.44,1
87.02,55.0,4,0,49943.03,112,215.0,2
10.0,70.71,153,154,1414620.1,128,208.69,1
11.89,33.7,1,2,200.06,82,270.79,0
73.68,72.45,1,0,100208.97,93,50.0,2
9.93,43.85,0,2,2815.02,69,186.47,0
84.54,74.4,0,0,100967.24,97,231.36,2
26.99,50.36,6,11,69509.66,96,346.76,1
99.79,55.0,2,2,177909.9,108,290.74,2
2.16,24.65,1,5,1091.28,83,289.05,0
100.0,55.0,0,5,56050.08,125,214.71,2
19.28,61.57,99,185,461934.54,138,316.81,1
2.41,34.36,0,2,1210.29,84,327.26,0
26.14,39.15,124,121,643873.13,142,324.23,1
72.08,72.29,0,2,46242.56,92,167.68,2
7.27,59.11,7,15,1801290.79,114,291.66,1
8.03,26.2,0,1,986.27,55,272.35,0
21.21,54.39,4,27,119213.32,115,322.05,1
8.49,32.6,1,6,1425.94,85,289.34,0
86.11,69.17,0,0,59166.61,89,251.01,2
26.43,67.16,0,1,91225.27,66,221.13,0
2.8,32.86,1,2,385.49,110,192.23,0
7.8,25.67,0,2,1800.35,74,247.08,0
3.93,28.23,2,1,1769.53,92,231.78,0
41.44,84.39,48,58,227341.31,144,303.76,1
65.66,96.54,1,4,7161.3,95,231.35,2
69.52,79.6,0,0,184785.02,120,305.97,2
33.18,45.47,161,150,94767.92,122,401.08,1
27.81,63.51,106,200,8761.17,102,131.61,1
29.47,73.59,159,119,433170.35,83,259.91,1
58.61,55.0,1,1,97910.91,97,329.43,2
48.74,62.07,1,2,13209.41,74,199.97,0
70.71,79.99,2,0,187708.27,70,461.47,2
20.82,41.2,8,9,251290.05,142,355.33,1
20.0,30.0,1,5,2684.33,100,350.49,0
0.0,37.93,0,2,2862.28,64,275.8,0
4.77,13.98,1,0,271.5,75,214.88,0
16.13,59.91,146,192,351412.59,125,180.69,1
0.0,28.18,2,0,2923.39,62,220.04,0
5.52,18.49,2,0,39.02,96,287.91,0
38.31,47.6,34,243,100222.91,108,367.66,1
92.55,71.55,0,0,184468.08,109,244.5,2
40.59,70.31,96,83,148481.05,120,285.86,1
62.65,65.85,153,202,465285.72,158,180.54,1
30.39,69.58,142,138,429949.9,74,336.16,1
11.79,52.94,12,17,514418.64,136,321.6,1
77.52,55.0,2,1,12279.74,95,276.78,2
12.31,30.4,1,1,1264.81,96,143.38,0
25.01,90.0,145,130,1401931.12,139,174.29,1
12.91,29.6,3,3,992.47,76,343.26,0
72.68,64.85,1,1,42819.69,92,192.64,2
15.8,57.8,147,194,1636094.73,93,244.67,1
27.48,52.52,0,0,163794.27,109,352.54,0
17.72,73.42,101,134,759586.37,107,196.06,1
33.33,50.38,152,149,5000.0,105,151.78,1
4.64,21.08,0,0,1554.82,92,234.64,0
30.24,46.19,157,53,171460.7,99,223.83,1
5.09,35.44,0,0,3330.77,66,142.11,0
4.98,25.63,2,2,132.8,51,231.27,0
26.08,33.09,106,105,199653.26,124,275.46,1
76.42,76.48,2,0,32779.5,124,222.24,2
10.0,70.22,142,82,428567.26,118,236.95,1
2.88,22.15,1,3,4680.26,75,309.36,0
30.62,41.49,5,24,409029.1,151,209.48,1
76.46,72.82,0,1,43081.14,86,256.03,2
29.95,61.37,183,151,267761.49,119,212.97,1
99.2,68.12,0,1,98829.07,89,162.06,2
25.57,55.03,5,1,39424.77,129,310.53,1
7.09,24.49,1,3,1591.88,60,365.8,0
26.32,64.97,132,178,577733.84,124,298.28,1
68.51,79.59,1,2,47175.45,110,200.42,2
23.26,56.05,97,219,197145.61,101,139.37,1
88.57,87.74,0,2,32579.51,99,219.23,2
19.57,46.45,78,116,2255895.05,116,238.14,1
65.96,78.53,1,1,26790.97,99,199.37,2
41.68,48.65,78,111,35579.7,124,134.32,1
89.02,87.21,2,0,106150.34,92,375.09,2
72.13,66.79,1,2,106298.1,116,181.93,2
15.42,51.84,51,157,274599.1,118,192.14,1
79.52,77.23,1,0,70562.19,106,178.63,2
0.0,33.32,1,4,502.23,78,352.69,0
2.78,34.8,2,1,75.87,79,164.38,0
92.61,87.68,1,2,6164.11,105,200.67,2
89.04,93.16,0,0,9644.62,115,333.84,2
14.21,29.75,1,0,4512.8,81,237.74,0
78.18,62.05,3,0,31009.38,134,126.29,2
12.32,32.72,1,1,649.09,97,342.92,0
55.69,65.14,77,211,775474.61,141,295.16,1
72.91,98.0,1,1,213819.58,122,197.61,2
45.45,59.26,2,5,112414.09,94,376.83,0
6.18,33.2,1,2,4542.72,81,185.71,0
49.46,55.15,88,254,1082749.81,106,410.76,1
89.7,72.17,1,1,83621.31,116,238.65,2
69.77,79.54,2,0,129569.85,83,248.63,2
4.78,35.13,3,2,642.9,77,437.48,0
22.6,25.0,131,159,138725.1,109,140.54,1
20.52,70.6,7,2,45385.88,138,302.87,1
35.95,52.25,3,21,226293.86,110,402.66,1
5.61,22.36,0,1,833.02,107,151.28,0
32.15,55.55,98,220,454275.67,86,229.85,1
67.61,66.59,0,2,108727.66,84,236.91,2
79.37,80.75,1,3,266010.49,128,380.74,2
90.21,74.59,1,2,27736.67,73,195.67,2
4.77,32.46,1,1,2269.12,61,169.03,0
6.16,46.78,1,2,758.63,48,260.97,0
4.55,21.55,1,3,1909.65,88,269.03,0
33.95,57.15,4,0,102057.53,97,241.78,0
9.07,30.53,1,2,3139.46,81,249.61,0
20.62,61.86,73,245,235859.43,122,228.46,1
47.64,44.75,122,170,46329.6,157,303.9,1
29.51,54.59,89,130,84599.16,141,209.71,1
11.48,33.06,1,1,5123.57,92,213.02,0
6.9,28.62,4,1,1548.06,99,221.15,0
60.52,48.43,129,260,43060.61,110,202.62,1
9.68,28.04,2,0,291.61,65,153.7,0
78.28,63.65,0,0,72327.2,120,269.98,2
71.86,61.59,93,71,1566389.72,111,161.48,1
60.3,46.09,156,101,194278.82,98,279.33,1
67.07,78.79,2,1,331192.51,92,250.59,2
8.96,25.52,0,2,2972.35,72,261.44,0
5.0,42.97,7,27,24501.97,127,214.23,1
72.31,78.61,2,1,28385.23,98,183.3,2
64.48,67.64,2,1,64523.19,114,218.98,2
75.55,68.62,0,1,153608.63,114,343.68,2
74.88,70.5,2,1,27497.44,102,197.13,2
9.74,17.21,0,1,4446.22,78,122.92,0
36.2,62.99,0,7,51336.78,105,287.74,0
11.03,36.38,1,1,2240.97,74,127.64,0
10.0,32.71,128,249,381359.14,149,90.27,1
28.87,33.16,5,2,7994.15,92,364.1,0
1.86,20.52,2,6,6884.6,58,435.01,0
5.0,50.18,6,13,1112325.02,118,143.33,1
2.69,34.42,0,1,98.6,77,175.51,0
36.3,65.2,69,178,155329.53,94,336.52,1
44.77,40.46,136,152,428280.01,98,275.27,1
2.72,25.35,0,2,349.52,73,201.7,0
8.75,22.34,1,2,1544.46,80,334.05,0
7.54,20.48,1,2,544.77,80,249.18,0
23.73,42.1,105,187,167396.76,125,229.6,1
33.3,65.0,154,148,814272.65,90,256.18,1
0.97,20.82,1,0,542.8,70,199.31,0
94.6,88.18,1,2,83757.89,98,383.13,2
34.52,56.43,151,212,1601281.78,144,204.64,1
10.56,20.76,1,4,567.5,61,223.1,0
8.29,31.58,1,0,1505.93,79,50.0,0
74.22,66.23,4,0,22458.46,104,133.95,2
87.1,86.88,2,1,77419.63,82,330.42,2
68.81,88.94,0,1,32282.92,87,183.11,2
61.88,48.44,177,69,235934.79,125,152.18,1
17.31,85.0,8,18,167197.41,104,318.23,1
51.27,51.87,157,218,152825.29,97,221.56,1
0.89,16.83,1,3,625.66,93,197.52,0
46.93,45.83,184,142,333620.12,103,402.07,1
28.65,34.89,97,85,72713.27,114,206.65,1
17.21,44.04,5,8,710914.23,77,289.61,1
55.86,42.99,125,154,388822.61,125,377.24,1
30.2,48.09,137,144,241025.91,133,266.85,1
22.22,43.77,8,20,213922.75,84,285.98,1
0.47,31.88,2,3,5638.5,77,372.89,0
36.07,51.45,109,102,10584.9,71,305.68,1
31.79,59.78,116,227,1377995.15,116,355.02,1
37.8,39.74,104,183,273650.79,137,227.62,1
9.21,36.83,1,1,2650.67,90,221.11,0
2.82,16.51,1,3,2032.63,78,244.11,0
4.49,28.05,2,2,49.25,80,262.46,0
86.62,71.01,0,1,7224.83,103,257.16,2
8.82,27.25,0,1,49.3,110,189.55,0
3.87,30.58,1,2,257.6,105,265.54,0
34.28,42.16,119,102,325258.72,117,214.82,1
42.78,49.82,95,82,5000.0,148,94.63,1
10.0,56.53,88,196,199700.97,112,193.02,1
88.14,80.16,0,0,144488.75,94,228.21,2
0.56,36.55,1,0,1055.25,83,332.15,0
37.9,57.55,6,1,152520.47,110,327.71,1
38.27,51.79,3,27,150449.21,114,313.86,1
37.75,63.09,63,268,97476.13,115,194.31,1
56.15,85.43,1,0,18852.75,104,265.48,2
22.63,47.95,1,2,36531.96,62,241.91,0
6.16,30.69,3,3,322.7,108,247.32,0
37.97,66.24,4,9,43706.57,101,101.69,1
2.31,29.93,0,1,1924.8,93,343.76,0
8.68,16.55,2,0,4962.36,77,96.88,0
88.47,89.46,1,0,165571.48,105,232.37,2
41.03,80.82,105,165,755159.63,128,294.66,1
58.15,85.31,1,2,191300.61,76,325.71,2
74.85,60.38,0,0,217837.04,111,264.66,2
80.66,70.58,1,2,202216.08,93,350.79,2
10.0,86.72,111,152,1346476.25,102,246.46,1
90.08,68.15,0,2,1074.87,87,394.89,2
68.44,43.82,0,1,21163.73,76,333.37,0
12.95,64.99,51,144,479727.08,133,268.2,1
47.36,51.87,146,168,379083.47,93,220.46,1
80.93,77.16,3,0,123553.49,115,194.61,2
6.18,35.12,0,1,1424.51,70,257.97,0
27.56,45.56,184,133,1664494.66,107,215.94,1
70.28,90.83,2,1,37107.04,82,355.85,2
21.05,46.73,1,4,24377.7,89,125.63,0
42.67,53.42,64,138,18795.34,83,287.69,1
11.75,34.9,1,2,230.36,85,199.05,0
69.55,79.32,0,1,32024.54,106,238.49,2
5.31,54.83,7,29,187513.69,128,119.74,1
64.72,67.36,0,1,145358.82,109,187.36,2
21.34,52.4,30,143,469620.29,96,258.55,1
68.93,57.6,99,138,674296.23,125,180.57,1
39.0,59.16,141,94,159881.22,135,223.68,1
70.13,64.19,0,1,267197.92,95,246.29,2
11.85,66.02,146,188,1012990.55,109,213.79,1
16.03,45.54,6,24,49235.43,120,243.29,1
5.59,34.46,2,2,668.38,62,281.33,0
39.5,47.0,1,1,674474.85,102,183.56,0
68.97,52.85,116,239,14525.83,96,50.0,1
23.34,52.51,1,2,160122.9,105,269.25,0
3.67,46.18,2,1,290.75,99,289.04,0
7.15,14.58,0,5,3671.29,72,234.13,0
5.65,29.5,2,5,3902.75,84,144.27,0
20.36,52.02,8,0,152475.88,114,390.74,1
5.0,39.07,6,12,43407.82,93,434.98,1
80.2,79.72,2,2,47003.39,125,325.0,2
12.91,25.0,8,8,574669.17,114,212.73,1
13.37,40.29,1,5,6861.09,81,331.52,0
90.06,91.84,0,1,77844.28,124,317.54,2
14.82,45.61,146,157,211629.5,106,163.4,1
35.79,58.89,84,140,75831.18,158,358.2,1
26.38,39.62,6,6,320821.04,112,244.76,1
42.25,51.43,67,55,383955.08,118,219.98,1
11.41,30.71,1,6,1329.22,88,215.75,0
26.98,41.25,6,35,104523.93,70,176.54,1
77.22,68.38,0,1,337739.69,77,103.9,2
84.47,81.41,1,0,15440.74,90,234.13,2
10.4,27.94,0,2,6895.55,75,321.85,0
50.6,46.32,143,74,28414.4,128,335.57,1
44.21,47.99,80,193,615759.74,138,225.22,1
31.82,75.35,88,82,438472.18,114,169.15,1
44.42,44.08,130,149,310468.66,103,292.95,1
62.44,63.85,101,150,191492.76,102,393.74,1
83.64,95.45,0,0,44164.89,131,241.75,2
43.44,60.24,133,83,160635.16,128,277.56,1
12.73,37.05,1,2,3606.21,55,295.4,0
72.78,60.9,122,141,34935.71,140,266.63,1
38.83,51.83,99,128,134229.71,127,251.66,1
15.16,54.81,94,151,25921.04,119,329.2,1
1.97,14.24,1,1,1906.07,60,286.42,0
7.61,10.0,0,1,2524.2,98,435.56,0
65.05,44.34,145,154,175890.57,122,122.12,1
19.93,59.66,101,77,498023.36,129,245.57,1
8.13,33.05,0,4,2641.6,59,208.68,0
31.04,51.45,167,189,2043540.57,119,163.85,1
50.6,54.29,164,248,403178.25,93,363.2,1
9.62,35.73,2,3,457.72,99,300.88,0
0.0,23.51,3,2,4096.16,86,238.2,0
5.65,28.35,1,2,688.26,65,332.12,0
8.46,15.5,0,3,692.13,85,281.09,0
10.0,51.92,117,136,298761.02,70,189.1,1
19.68,49.4,2,31,24528.72,108,130.78,1
34.41,51.88,119,170,44330.8,120,204.69,1
28.22,61.83,132,218,385000.43,131,210.08,1
11.16,29.66,0,1,2923.5,87,383.71,0
21.61,60.68,7,32,70501.93,92,374.28,1
0.0,38.39,0,3,1808.26,74,376.14,0
6.05,26.83,0,2,782.18,99,187.33,0
1.72,28.9,2,0,578.89,94,325.86,0
56.64,47.51,192,117,216039.47,122,345.88,1
33.71,33.06,98,119,177454.34,117,251.75,1
3.52,26.04,2,0,111.33,64,285.48,0
2.01,33.5,2,4,156.94,71,226.03,0
17.08,48.6,9,38,470521.05,140,308.8,1
2.55,29.65,1,0,1384.84,76,221.35,0
50.0,82.26,1,0,60738.87,90,356.7,2
71.07,55.97,4,2,111462.66,103,50.0,2
29.22,84.16,68,181,72318.73,97,366.23,1
2.48,27.1,0,7,4673.04,61,194.54,0
10.0,49.52,112,221,160295.82,114,199.18,1
73.03,78.33,1,0,41152.24,90,344.83,2
7.6,27.9,1,0,2161.66,92,313.3,0
43.89,73.63,97,217,62723.53,118,178.87,1
0.0,31.83,2,4,107.73,81,297.11,0
8.71,22.3,0,4,1626.32,83,275.65,0
5.14,34.35,1,1,1415.22,102,258.15,0
52.38,77.43,79,117,57627.42,107,238.99,1
10.93,33.64,0,1,2378.77,69,147.04,0
6.01,29.34,0,3,105.61,81,53.76,0
8.53,33.82,0,1,6589.48,94,375.79,0
9.48,19.31,0,1,685.66,68,261.85,0
9.49,36.98,1,0,1878.06,88,322.1,0
34.09,32.38,103,136,84072.71,114,181.77,1
20.91,49.71,100,80,101910.51,113,353.99,1
79.8,66.0,0,4,38556.04,127,259.79,2
0.0,33.17,3,1,2461.89,83,372.7,0
93.81,76.3,2,2,14159.52,111,206.84,2
48.81,48.69,126,110,3829921.63,137,222.79,1
5.46,63.45,3,54,118603.17,91,223.97,1
13.99,25.02,2,2,7501.55,86,248.82,0
71.43,71.22,2,0,73576.01,97,80.86,2
7.95,31.65,1,1,1446.72,73,247.23,0
54.72,65.97,113,167,375460.13,117,144.35,1
72.79,76.18,85,190,33586.17,99,50.0,1
0.0,28.92,0,2,552.82,66,261.41,0
31.24,43.67,166,134,441683.39,113,243.94,1
32.61,59.68,133,138,2062733.74,127,188.1,1
7.47,18.69,2,2,379.21,78,331.4,0
38.61,63.03,137,134,866840.2,144,206.6,1
25.61,45.65,91,134,872151.22,141,333.11,1
8.22,28.63,0,3,1795.93,87,107.28,0
8.43,32.54,3,2,2918.45,100,183.94,0
19.4,63.15,10,24,362604.22,70,50.0,1
74.52,65.72,3,1,395564.89,104,277.55,2
81.18,88.86,0,1,54708.55,105,265.41,2
22.98,41.34,61,90,87022.96,91,141.9,1
80.92,69.81,1,1,178409.66,104,286.47,2
3.76,42.56,0,2,2289.16,89,203.94,0
88.07,84.63,0,2,55333.51,88,216.46,2
5.47,22.12,1,5,1667.01,74,201.75,0
3.54,36.07,2,3,725.36,99,277.42,0
0.53,27.07,0,2,1243.9,86,242.44,0
71.37,61.99,0,1,22568.93,86,305.94,2
77.84,77.94,0,1,126716.11,99,245.39,2
27.69,66.15,6,30,677006.48,120,420.77,1
27.31,56.08,103,133,198448.51,124,151.6,1
51.44,68.64,1,2,3529.34,113,409.94,2
28.65,33.33,109,42,735834.42,92,139.27,1
50.0,75.19,1,1,281475.58,118,274.93,2
8.22,33.62,1,0,2156.4,121,223.58,0
6.92,21.56,0,2,229.89,76,112.6,0
7.5,27.14,1,1,10098.84,77,207.26,0
73.69,62.37,97,74,261798.46,142,214.17,1
6.72,30.32,2,3,779.17,57,421.46,0
9.28,29.71,0,2,3383.74,91,191.23,0
72.28,77.56,1,2,207744.2,86,270.46,2
69.83,82.47,0,4,45869.45,108,272.65,2
1.35,26.72,0,2,4760.4,92,351.69,0
2.86,42.22,3,3,473.37,70,193.36,0
24.09,33.67,115,118,979932.74,138,345.41,1
40.43,54.69,10,18,723091.91,128,161.11,1
72.54,68.6,2,1,115662.72,85,252.33,2
50.39,56.12,2,4,42322.64,72,362.64,0
1.13,34.97,2,4,5201.03,59,318.1,0
11.22,26.81,0,1,3426.01,66,232.07,0
96.88,85.76,0,2,86015.81,105,283.28,2
81.88,76.95,0,0,338893.72,60,257.03,2
5.87,30.34,3,0,997.28,57,223.55,0
2.4,43.61,0,1,1229.33,111,117.26,0
39.72,41.89,0,1,31875.62,105,247.14,0
64.59,76.27,1,1,74154.95,101,213.32,2
0.0,32.5,2,2,35.15,88,260.86,0
84.95,72.63,2,2,255587.58,125,237.63,2
8.61,25.16,0,3,3121.11,77,153.09,0
8.55,31.67,1,3,418.44,75,370.47,0
27.5,61.33,123,156,88220.26,97,287.6,1
26.78,29.1,142,119,1925814.64,125,160.43,1
70.31,85.75,2,3,2676.9,88,225.01,2
89.72,78.9,3,1,150661.72,114,318.25,2
6.95,17.08,2,0,1703.97,55,300.25,0
33.75,54.08,134,99,274367.0,111,208.5,1
11.49,18.78,0,0,1201.96,83,231.19,0
83.31,76.84,0,1,42657.06,113,256.45,2
2.73,22.71,2,2,461.66,62,349.73,0
83.99,76.25,0,0,36602.99,93,452.0,2
32.64,30.0,1,1,103809.86,91,325.8,0
8.71,13.97,2,0,319.7,51,301.55,0
11.87,28.12,1,3,327.7,95,287.04,0
10.44,34.93,1,2,4160.21,67,328.54,0
68.68,75.8,1,1,38085.67,86,231.96,2
55.87,59.98,146,128,182609.53,119,270.23,1
13.13,43.66,2,0,3063.22,84,205.59,0
17.26,68.68,117,207,87968.6,93,201.78,1
0.0,37.41,1,7,98.5,56,304.03,0
33.18,78.66,118,184,8976.01,125,64.03,1
4.75,31.92,3,2,3071.97,40,241.47,0
8.53,35.63,0,4,850.36,110,265.36,0
29.55,69.66,171,161,704915.89,128,155.41,1
43.34,60.25,150,116,102605.02,106,258.65,1
36.67,70.36,154,133,160296.42,118,113.96,1
2.15,34.5,1,0,454.59,71,196.57,0
5.83,12.38,0,3,50.9,105,304.43,0
52.17,58.5,95,182,393173.77,85,179.74,1
9.46,69.49,4,0,29249.19,127,320.4,1
59.85,52.9,1,2,102863.89,71,323.12,0
14.44,38.51,88,132,222239.33,87,255.75,1
29.22,53.22,127,164,94711.11,125,235.64,1
7.57,18.1,2,1,1378.63,99,261.51,0
90.47,70.69,1,2,36693.42,82,241.01,2
9.32,26.18,0,2,15.07,88,231.73,0
30.46,54.7,159,162,287511.83,118,279.27,1
25.96,42.93,8,33,113362.32,92,177.03,1
41.2,57.19,97,172,264494.5,88,228.76,1
72.4,72.71,1,1,94031.5,111,154.11,2
52.99,59.5,73,195,719067.11,144,231.13,1
87.07,70.25,1,1,133509.94,119,180.35,2
11.7,65.43,31,114,286955.17,107,155.09,1
41.55,52.65,82,103,11278.43,100,289.49,1
4.57,27.95,1,4,182.84,100,167.4,0
0.53,23.6,0,0,1749.36,80,112.47,0
44.35,55.53,131,137,742783.87,110,178.72,1
43.77,75.28,75,103,271104.59,145,247.51,1
2.59,39.82,1,5,2017.12,89,164.79,0
27.29,49.81,5,20,679379.55,133,145.18,1
21.73,34.8,9,0,426346.0,107,269.1,1
8.59,32.84,2,1,3197.86,81,176.16,0
9.9,12.73,0,0,1966.64,72,239.63,0
46.04,56.56,134,181,208942.55,125,282.67,1
80.09,55.0,3,1,13358.82,86,351.88,2
42.35,47.9,105,219,702139.44,109,359.6,1
25.98,61.43,89,70,446809.24,146,198.61,1
4.37,21.79,3,2,2743.39,90,230.29,0
6.9,27.98,0,2,177.44,82,226.18,0
1.36,44.43,1,1,1827.66,89,412.91,0
76.29,88.13,3,1,26704.81,110,268.62,2
1.67,14.09,1,2,834.12,58,264.54,0
0.51,42.74,1,2,8531.98,93,238.42,0
84.06,93.09,1,0,388844.76,91,255.54,2
13.51,22.59,2,1,2028.32,77,232.68,0
26.7,45.18,3,6,427745.66,98,254.89,1
5.02,24.37,2,2,112.85,82,182.0,0
10.0,59.88,48,106,149734.79,129,187.12,1
99.71,76.33,2,0,31854.44,116,389.98,2
8.44,31.84,1,0,4037.13,60,398.2,0
44.72,41.32,9,14,845642.09,125,334.53,1
88.0,86.23,1,1,52962.15,115,335.46,2
35.39,52.57,96,131,881418.42,149,404.53,1
100.0,82.34,2,2,55529.35,82,147.9,2
5.46,28.99,1,2,1903.01,101,230.11,0
25.1,58.95,102,133,170560.52,112,277.73,1
17.43,66.69,8,2,443666.67,144,249.28,1
67.85,91.83,1,1,27662.31,102,307.51,2
51.53,69.0,102,210,54066.52,130,211.62,1
85.44,72.23,0,1,9454.73,98,195.1,2
3.12,29.48,0,2,456.25,102,287.26,0
23.73,32.17,1,21,55777.7,105,265.32,1
90.07,76.55,2,1,267736.26,65,226.69,2
4.58,50.31,1,2,3068.23,64,271.27,0
2.14,25.48,1,0,1362.59,86,213.35,0
6.58,40.02,1,3,235.25,69,394.35,0
20.12,59.85,93,95,224936.65,131,271.24,1
3.97,25.11,1,1,1198.54,72,264.39,0
56.15,50.86,62,125,343037.81,120,301.79,1
6.52,28.31,1,1,18.71,87,186.08,0
78.7,62.96,0,0,110147.92,90,187.39,2
36.18,54.6,143,207,1153119.32,113,352.81,1
2.33,27.05,0,1,3180.97,68,287.38,0
7.59,12.76,2,3,3047.75,66,241.39,0
51.89,34.98,1,0,157739.36,89,280.62,0
12.01,59.07,11,28,11328.38,106,155.94,1
42.56,49.54,140,212,49712.92,96,269.07,1
68.66,79.33,2,1,107838.88,99,167.47,2
82.16,92.35,1,1,15509.48,115,367.53,2
40.47,47.64,7,3,89692.71,127,178.36,1
22.97,56.63,5,29,195082.59,135,276.04,1
10.0,62.85,134,217,1247435.44,101,145.77,1
100.0,84.41,1,1,381.06,85,167.91,2
78.95,67.56,1,1,7948.43,83,364.18,2
33.64,56.76,107,161,323329.88,109,327.12,1
13.85,41.28,133,196,265167.53,151,318.92,1
14.84,28.27,0,1,1529.38,62,282.86,0
34.14,32.17,8,17,402918.36,137,465.88,1
5.54,29.57,0,3,1857.85,84,293.41,0
19.56,60.51,81,125,608156.85,147,181.17,1
60.84,88.71,1,1,34699.74,109,297.44,2
34.76,50.16,0,3,1148.19,121,391.7,0
54.42,66.82,90,166,68740.26,123,247.01,1
53.78,52.31,160,55,2835179.37,119,303.65,1
33.21,51.29,169,159,167986.77,122,230.31,1
25.46,62.62,174,139,719102.5,147,329.39,1
23.83,53.9,152,168,452388.36,137,339.3,1
39.14,60.99,100,195,1432106.64,101,313.28,1
0.0,11.81,1,2,3007.99,89,270.61,0
30.71,64.49,87,126,245502.06,133,255.67,1
9.41,34.01,2,2,3925.97,123,111.17,0
0.13,34.2,0,1,4354.92,54,203.38,0
9.76,30.23,1,2,1599.62,65,248.67,0
41.19,73.44,84,65,240811.31,115,134.62,1
74.81,68.74,0,1,248523.62,84,314.77,2
81.0,98.0,1,2,66680.91,91,121.04,2
84.3,70.88,2,1,135297.68,109,246.93,2
21.72,44.81,94,263,271845.96,125,123.96,1
36.39,66.99,141,99,486769.63,153,338.43,1
73.69,74.48,1,0,47895.67,98,227.96,2
2.32,32.89,2,1,5192.42,55,202.48,0
10.0,57.76,162,164,133259.25,109,177.6,1
11.79,36.21,1,1,1356.54,83,254.15,0
11.68,59.93,126,69,534319.59,121,263.49,1
90.16,76.74,2,0,1324.26,70,188.26,2
7.36,34.73,0,2,585.87,97,236.8,0
36.92,32.05,82,216,508914.48,137,184.81,1
13.73,25.0,119,111,30846.9,145,207.58,1
44.75,48.59,2,3,169019.97,88,294.38,0
11.48,25.95,7,20,543544.21,114,272.28,1
53.46,38.56,69,113,1907870.04,70,229.17,1
41.37,66.07,3,0,46513.5,94,313.85,0
89.69,90.33,0,1,6087.61,88,318.99,2
12.89,28.71,0,1,1454.27,62,185.87,0
8.65,29.68,1,1,1447.97,71,261.61,0
16.88,38.85,30,104,147048.68,86,300.4,1
4.32,37.95,0,2,146.91,77,230.19,0
52.71,78.85,0,2,11778.0,90,337.13,2
66.22,74.29,1,1,14180.7,94,233.56,2
8.0,55.0,1,0,7889.21,100,358.65,0
22.37,52.3,85,178,747415.89,114,273.64,1
1.25,20.06,0,2,414.45,91,251.42,0
30.66,44.27,86,146,850391.73,114,245.48,1
36.82,53.47,203,119,552160.52,131,138.63,1
61.92,76.78,2,2,382078.11,102,208.19,2
4.07,22.44,1,0,2244.57,74,211.87,0
85.89,64.18,1,2,151545.47,106,194.58,2
32.76,32.86,1,0,92909.1,68,324.64,0
37.22,37.81,2,16,591842.94,70,212.95,1
0.0,21.97,0,2,14702.84,85,249.83,0
40.91,66.42,90,140,665031.27,170,299.47,1
1.94,33.01,2,3,278.14,106,268.81,0
52.56,53.45,0,3,176568.47,79,184.2,0
60.09,40.23,0,1,39830.92,108,232.42,0
85.38,58.81,0,2,24532.21,99,187.51,2
6.98,32.37,3,2,1172.21,57,233.79,0
28.66,47.85,144,114,572523.64,160,252.73,1
9.39,24.95,1,1,726.11,102,252.09,0
8.19,34.0,1,0,612.37,83,82.89,0
36.27,62.37,116,172,669037.15,123,364.12,1
76.33,64.03,1,3,11637.23,87,351.02,2
20.0,47.21,1,3,162825.54,102,206.43,0
23.29,48.23,130,88,59826.43,130,169.93,1
5.02,31.37,0,1,1422.77,58,248.11,0
40.34,57.65,2,2,92556.27,91,230.1,0
36.54,63.44,85,171,128260.26,97,205.72,1
37.03,41.41,5,24,265300.11,81,248.27,1
7.34,40.72,0,3,7988.68,67,337.5,0
14.94,38.29,1,1,1394.21,81,250.14,0
14.05,33.61,0,2,359.6,87,201.95,0
32.59,58.96,160,180,525482.4,109,273.93,1
7.08,30.04,1,2,2128.13,94,97.84,0
38.81,48.45,163,187,311763.38,103,211.78,1
44.4,39.09,141,114,734326.19,134,289.96,1
55.28,74.01,105,135,208867.02,118,365.51,1
46.67,34.96,96,166,32646.91,147,151.95,1
51.49,54.12,0,1,244546.19,87,421.55,0
16.89,76.67,153,154,90973.82,109,370.38,1
57.97,57.85,70,70,64426.98,116,50.0,1
8.17,30.15,1,3,784.36,89,319.29,0
3.0,30.24,1,3,2777.83,96,310.27,0
6.16,26.85,0,0,217.79,79,50.0,0
2.5,39.36,2,2,1121.14,79,90.1,0
4.86,39.19,1,2,1739.03,82,241.42,0
2.81,27.83,0,2,185.84,52,172.89,0
78.94,72.11,1,1,26227.95,116,235.85,2
21.02,39.2,4,26,41588.77,128,204.06,1
36.61,49.91,67,130,582262.64,129,134.69,1
55.22,41.54,146,131,355126.8,131,246.56,1
54.46,49.47,71,170,921924.13,128,160.22,1
20.17,59.33,5,13,59338.77,83,316.51,1
0.0,30.77,1,4,1755.5,79,202.46,0
3.68,28.5,1,1,1583.47,75,262.55,0
44.33,51.23,96,160,312729.76,93,403.73,1
83.6,69.79,3,0,64829.04,95,311.36,2
1.64,33.09,1,3,2444.56,84,275.42,0
3.19,45.2,1,0,1833.35,80,251.05,0
0.0,29.86,0,3,88.12,96,238.55,0
45.07,34.34,125,179,440312.72,126,125.74,1
6.1,25.0,7,0,222030.81,118,150.53,1
52.57,35.33,35,143,515565.93,94,145.54,1
3.35,27.38,0,1,305.79,75,336.69,0
0.67,35.72,1,3,1475.53,68,431.79,0
11.17,24.54,0,3,1637.21,85,294.1,0
5.83,22.3,1,3,4075.85,76,290.77,0
12.15,28.83,1,0,638.78,64,299.34,0
77.27,34.06,201,136,79062.33,102,237.95,1
77.15,69.93,1,3,14205.58,114,269.82,2
3.76,22.75,0,3,1758.74,92,257.47,0
13.01,21.61,1,1,53.71,76,154.97,0
7.89,10.0,0,0,1790.07,115,207.04,0
46.34,50.5,2,4,18354.44,114,269.34,0
10.0,59.47,191,244,180914.42,116,148.7,1
98.46,69.52,1,3,109524.73,92,206.57,2
86.92,88.65,0,1,21466.2,79,252.6,2
11.48,25.0,80,94,1021860.32,93,294.65,1
0.0,43.14,1,1,5656.98,93,178.81,0
10.4,35.29,0,3,154.91,66,245.59,0
64.65,49.38,1,2,2408.89,114,206.34,0
6.78,47.61,9,19,136401.74,123,338.41,1
63.48,70.2,1,0,68809.71,110,391.0,2
17.67,29.76,106,143,5316.84,109,423.02,1
25.62,67.11,136,187,345760.22,162,361.53,1
84.79,80.27,1,0,4293.43,83,247.71,2
12.42,29.43,1,2,141.43,77,165.27,0
9.03,25.53,1,4,1224.59,81,402.54,0
100.0,73.31,0,0,925713.76,105,253.04,2
13.44,29.97,0,3,861.2,91,338.51,0
9.13,36.77,0,2,333.31,97,297.67,0
57.49,44.3,0,2,86482.15,85,222.83,0
6.46,19.49,0,4,1623.71,75,339.82,0
17.99,50.55,89,108,334247.96,114,307.76,1
4.82,46.56,2,1,668.74,75,132.5,0
4.99,36.93,0,0,938.06,81,249.22,0
7.73,33.45,2,3,562.66,89,165.24,0
17.72,49.58,119,121,340936.16,125,206.61,1
0.0,35.92,4,0,105.17,71,260.71,0
55.59,28.1,100,183,457821.77,113,262.84,1
8.25,32.0,2,3,673.87,82,229.32,0
5.16,66.99,3,20,232509.99,108,258.98,1
71.13,65.63,0,0,157905.36,118,330.13,2
4.93,30.82,1,1,381.33,94,288.45,0
43.84,68.15,132,166,1089070.38,151,214.83,1
8.96,23.57,1,2,1627.7,97,164.75,0
39.92,43.4,0,2,138569.23,83,125.1,0
53.42,48.46,92,131,475448.92,79,210.45,1
45.69,53.62,1,1,18942.2,73,229.16,0
50.93,61.79,155,189,254242.78,70,254.72,1
15.12,63.75,5,35,42491.46,95,324.03,1
5.26,26.62,0,4,5299.56,60,195.2,0
5.44,26.33,0,5,6775.91,79,262.62,0
36.66,40.43,0,2,126507.69,83,159.77,0
7.92,43.42,1,5,1503.44,111,215.6,0
30.8,40.86,112,121,946514.9,85,230.09,1
78.29,75.54,1,2,260120.2,96,269.47,2
13.26,55.19,102,20,378467.59,149,154.94,1
62.69,59.94,4,0,38581.66,80,165.81,2
63.49,42.73,1,0,114491.65,108,327.15,0
22.99,49.65,2,0,36949.84,78,212.23,0
92.63,83.16,0,1,2697.52,71,281.14,2
82.37,62.74,4,0,17340.68,79,360.13,2
81.24,81.29,0,2,14732.41,89,220.98,2
39.58,56.96,5,18,53572.79,82,306.28,1
40.76,56.61,0,4,20725.68,80,217.87,0
47.71,62.92,194,141,1006808.57,90,198.14,1
53.33,60.58,2,3,45762.31,81,403.5,0
7.04,40.97,1,2,669.8,91,109.19,0
44.36,85.0,10,24,1039643.95,106,246.73,1
6.55,27.89,0,5,1715.79,46,199.82,0
81.81,96.56,3,3,7691.97,124,50.0,2
62.15,52.8,73,140,644509.11,130,331.69,1
2.71,18.24,0,2,405.26,43,203.85,0
33.14,54.79,8,27,207925.56,135,274.33,1
40.98,58.06,1,2,149163.49,59,407.26,0
32.96,62.18,59,174,872357.23,128,279.33,1
10.75,29.57,3,1,10422.16,60,276.1,0
18.39,36.63,10,10,123343.11,98,431.42,1
33.49,60.76,9,6,366585.73,152,181.78,1
54.17,72.6,3,0,117900.37,113,290.34,2
95.29,94.1,0,1,7883.03,127,198.25,2
36.05,67.84,83,71,179298.47,105,246.59,1
65.55,39.46,160,172,36408.43,133,118.98,1
24.24,43.71,10,11,52056.83,86,321.14,1
8.52,22.99,2,0,2916.09,85,160.41,0
22.51,47.5,6,6,10841.5,95,237.92,1
42.74,61.44,106,126,1028828.64,102,223.17,1
3.64,39.52,0,2,6432.18,72,137.66,0
83.48,64.78,1,0,16342.33,76,98.95,2
7.74,34.09,1,5,1574.88,84,225.12,0
40.38,65.99,164,198,935069.94,142,145.29,1
50.12,78.07,152,111,232628.96,116,243.27,1
6.49,34.22,1,0,2286.27,73,98.23,0
21.7,61.76,203,178,194571.3,124,324.97,1
22.64,61.41,41,153,105659.37,117,278.57,1
24.75,68.74,141,202,240446.69,118,175.75,1
13.32,25.74,1,2,246.05,73,146.51,0
80.2,74.64,1,1,285835.61,84,271.33,2
5.76,33.08,1,1,431.1,64,229.03,0
7.62,26.3,0,3,3699.85,91,308.89,0
57.9,68.55,103,108,1870075.97,106,112.57,1
30.87,66.43,157,181,704400.92,109,237.03,1
26.87,47.84,70,180,352946.24,110,269.67,1
6.84,30.82,2,2,335.83,56,174.92,0
8.15,39.53,1,1,551.47,80,176.32,0
76.75,55.0,1,3,79782.04,98,341.35,2
77.72,78.1,3,1,297946.14,90,284.24,2
65.31,61.97,0,1,169890.29,109,199.21,2
5.22,32.29,1,1,4539.93,56,302.98,0
17.81,49.82,139,177,372456.5,102,174.67,1
21.78,73.09,115,80,21448.91,160,310.41,1
86.97,74.84,2,1,12707.23,96,213.27,2
46.15,49.03,137,143,242213.53,121,159.25,1
6.15,40.25,0,0,1498.04,90,287.64,0
3.53,34.47,0,3,251.06,92,257.77,0
0.0,18.95,2,3,5733.67,109,286.98,0
3.43,29.22,4,3,1960.17,59,352.11,0
46.15,59.44,99,189,1696445.67,120,160.45,1
23.02,53.62,127,168,916396.82,133,187.92,1
13.28,29.19,0,3,318.96,101,430.23,0
0.49,43.27,2,1,314.52,70,223.69,0
9.23,25.52,1,5,3183.87,68,204.35,0
10.23,15.73,2,3,1884.96,57,265.68,0
47.04,52.66,0,3,86968.79,124,236.77,0
75.92,55.0,1,0,30416.94,101,290.06,2
43.94,36.85,98,228,441538.12,124,427.81,1
11.93,55.51,5,7,24766.57,112,110.58,1
82.27,60.94,1,1,58414.29,104,171.79,2
36.56,30.57,171,233,23147.18,134,269.19,1
75.24,78.88,0,1,47808.77,106,331.83,2
0.0,41.45,2,3,124.75,66,196.53,0
83.73,72.33,3,1,130871.4,99,234.21,2
1.92,22.64,1,3,90.46,79,160.0,0
42.87,50.34,1,1,277443.47,70,200.79,0
21.42,51.79,7,11,432750.76,86,308.09,1
88.76,89.9,1,0,223361.01,130,295.51,2
34.85,63.03,0,1,75762.7,98,171.42,0
69.0,34.7,87,195,433828.39,113,299.65,1
2.49,36.29,0,1,2126.73,83,248.52,0
4.52,33.38,0,2,590.66,84,151.12,0
8.7,28.89,0,3,2824.03,65,263.37,0
51.52,55.94,75,237,305406.45,138,281.11,1
83.73,59.24,0,1,59627.46,84,360.29,2
10.1,13.67,0,4,338.51,72,277.43,0
88.14,63.97,1,0,806.6,105,306.4,2
7.11,21.58,1,4,560.08,84,259.53,0
7.97,39.04,0,1,846.87,115,127.39,0
5.53,34.46,1,2,3625.57,92,341.42,0
54.11,45.98,129,149,464139.29,107,260.48,1
44.75,67.79,68,200,93581.49,131,126.52,1
5.66,38.36,3,2,4416.22,86,254.18,0
22.04,44.47,103,164,671473.17,96,133.03,1
54.12,26.23,172,139,351012.0,119,139.18,1
6.23,17.31,4,6,170.53,81,192.32,0
24.98,45.62,6,30,269791.86,110,132.77,1
92.0,80.11,1,1,85050.57,107,280.88,2
23.21,63.14,3,30,43907.8,126,303.21,1
64.06,78.81,2,1,46605.93,77,349.74,2
93.09,76.17,0,0,427410.02,126,212.26,2
5.98,15.8,3,0,2769.0,59,261.49,0
37.85,46.9,5,20,96195.76,95,320.07,1
35.96,70.22,101,209,59874.41,126,126.81,1
66.91,75.27,2,3,60296.36,106,247.71,2
7.98,12.78,1,3,1088.65,62,295.26,0
8.83,29.56,2,0,5093.77,77,327.05,0
28.86,71.23,97,130,198504.03,128,236.4,1
82.75,77.25,2,1,94609.9,94,221.09,2
19.46,50.08,97,163,1229168.14,135,304.42,1
14.39,50.13,63,177,401672.09,151,304.93,1
6.5,18.81,0,4,716.99,73,181.22,0
15.0,48.95,1,0,72172.33,156,173.44,1
6.98,28.05,1,3,563.51,58,168.2,0
19.67,53.18,107,98,1514921.35,96,50.0,1
7.98,17.93,1,5,1179.07,99,271.24,0
28.31,53.12,167,178,430858.92,109,346.77,1
43.36,49.87,162,180,466740.26,119,155.51,1
45.73,48.71,113,179,598334.11,124,260.78,1
3.86,27.69,0,1,4100.87,82,271.81,0
58.34,30.0,1,1,17332.66,97,143.87,0
29.5,33.61,1,4,54085.5,70,316.2,0
58.3,49.88,144,20,176933.17,116,187.63,1
4.61,40.9,0,0,539.22,40,251.59,0
24.14,54.71,2,22,48512.02,100,319.36,1
8.86,42.07,1,2,574.1,113,50.0,0
7.41,27.69,0,2,1741.25,111,275.53,0
6.43,45.73,0,4,1719.9,92,417.0,0
42.66,66.53,0,4,93884.84,78,180.8,0
36.91,51.37,4,2,39648.06,96,313.69,0
5.65,26.23,1,3,1959.06,100,149.41,0
28.67,47.13,30,147,10288.73,131,173.03,1
11.89,28.4,2,1,3513.0,94,365.45,0
11.66,69.54,8,11,40554.49,97,311.24,1
25.9,43.2,159,76,394637.07,103,452.02,1
7.08,19.15,3,2,1851.69,84,299.66,0
1.9,24.89,2,1,86.09,74,321.51,0
14.83,33.64,0,3,2179.29,66,272.47,0
5.19,27.06,1,3,459.67,62,260.5,0
0.0,27.35,2,0,3167.06,81,112.55,0
20.12,48.75,5,18,468666.78,114,160.44,1
9.18,24.12,1,3,94.62,75,280.84,0
67.44,89.06,3,1,233084.54,103,117.13,2
64.9,53.55,158,109,156054.97,126,177.48,1
90.59,85.91,2,2,59435.8,90,293.72,2
10.0,35.98,187,123,303986.32,100,286.88,1
12.97,34.64,2,2,1209.84,73,295.33,0
56.92,74.16,2,2,113808.71,99,404.58,2
5.29,40.74,1,4,217.78,97,378.11,0
1.25,35.15,0,2,7236.63,62,256.57,0
50.27,42.71,112,20,5000.0,113,234.18,1
48.17,43.07,0,1,147183.6,82,201.28,0
51.05,33.19,1,2,17587.13,83,152.42,0
73.57,76.1,1,2,14870.82,115,157.38,2
33.17,63.79,127,190,253617.82,142,84.26,1
26.35,47.83,126,83,439766.32,140,209.62,1
6.03,19.59,1,0,3762.31,80,275.1,0
0.83,34.04,2,2,206.82,48,347.63,0
47.57,43.59,166,85,155609.87,140,313.64,1
39.22,48.83,193,140,524909.43,114,148.58,1
3.95,25.73,2,2,31.53,90,319.47,0
73.24,71.3,1,1,5447.9,82,50.53,2
76.73,89.68,1,0,21227.07,96,168.63,2
30.46,63.99,4,12,373320.44,132,147.87,1
70.62,82.39,1,0,22980.79,115,303.66,2
8.5,26.03,2,2,3573.14,64,228.85,0
7.94,33.02,2,2,1429.71,79,289.11,0
38.25,65.62,84,35,472525.88,153,226.23,1
25.22,59.06,81,199,83518.48,150,171.59,1
0.0,31.63,1,1,1506.84,69,114.87,0
21.19,53.28,128,209,531493.17,112,216.79,1
26.15,56.46,110,244,86425.51,93,108.2,1
82.03,80.41,2,0,369951.46,100,250.18,2
72.72,83.67,0,1,109593.47,88,252.78,2
31.21,44.61,6,15,263537.81,111,266.79,1
29.05,65.7,62,98,155034.4,128,243.59,1
44.68,71.74,142,195,189069.66,109,217.62,1
42.46,62.27,1,1,59816.57,91,333.77,0
65.24,57.02,0,2,204728.51,120,277.3,2
29.44,49.98,2,5,157481.45,99,230.74,0
38.93,47.78,1,3,43625.56,129,305.05,0
2.35,24.8,0,2,637.45,89,215.97,0
79.07,74.24,3,1,767812.94,96,243.92,2
9.65,37.82,0,3,729.27,86,340.92,0
43.15,61.28,1,2,33298.43,131,151.48,0
3.75,38.87,0,3,10348.29,44,338.24,0
55.84,38.9,138,143,268250.17,103,266.55,1
6.89,26.09,1,2,1220.43,64,314.13,0
39.28,57.89,91,222,480754.63,88,134.84,1
83.97,74.26,0,0,11010.96,118,293.55,2
4.41,30.59,1,1,353.26,60,299.69,0
40.12,56.54,176,79,251699.05,169,246.31,1
22.42,43.8,190,192,493236.43,79,318.86,1
6.53,18.63,2,2,2311.62,76,105.38,0
27.03,62.05,73,153,681837.8,119,272.68,1
0.0,22.0,1,3,1562.43,88,209.82,0
10.0,42.05,163,195,14682.99,127,444.26,1
29.47,54.96,102,86,365622.93,159,323.81,1
5.1,32.63,2,3,515.37,96,226.75,0
63.67,68.93,0,0,19615.32,135,270.89,2
12.42,21.52,1,1,623.0,92,184.76,0
12.46,52.4,1,1,9492.44,66,315.83,0
86.15,76.21,0,4,405911.62,120,109.2,2
81.11,78.11,2,0,2802.08,90,219.65,2
43.38,52.25,114,83,127350.87,124,259.36,1
76.49,55.0,0,4,82372.25,116,286.77,2
77.16,79.55,2,2,131661.09,88,241.33,2
80.71,86.83,2,2,6237.35,108,262.32,2
45.44,54.34,133,145,370791.47,128,233.95,1
86.32,77.61,1,2,32924.17,91,229.74,2
28.97,36.79,83,183,26182.42,125,200.07,1
35.41,32.22,101,192,944802.61,125,365.61,1
28.81,62.11,148,199,778626.34,138,258.48,1
8.82,30.23,1,2,1530.92,70,258.74,0
13.64,38.54,123,238,86910.65,124,278.56,1
27.16,42.17,61,141,46278.22,88,336.01,1
16.32,41.5,139,200,371600.37,104,219.9,1
4.99,33.03,0,1,6421.38,89,277.37,0
88.74,78.31,0,4,20659.77,92,171.39,2
0.5,38.98,0,3,1768.63,99,191.92,0
31.36,43.99,182,105,289156.52,97,282.84,1
83.45,65.92,2,0,152264.58,110,194.03,2
79.42,85.99,1,0,4171.34,97,199.91,2
17.05,53.51,4,26,1202473.34,143,268.77,1
46.47,75.97,70,151,629194.59,123,210.99,1
10.0,48.97,92,164,35694.87,104,253.05,1
9.58,50.58,1,1,8724.35,77,188.36,0
7.46,30.56,2,0,541.52,101,309.47,0
34.63,50.27,134,108,219273.93,132,356.89,1
3.06,32.33,2,1,3382.62,80,144.75,0
6.41,38.77,2,4,3951.3,62,292.73,0
29.7,58.42,132,158,658014.82,136,155.61,1
14.31,50.75,2,0,1522.76,95,219.46,0
16.29,31.99,1,3,949.17,90,339.54,0
43.96,65.24,200,266,1412880.46,94,321.47,1
45.23,51.69,137,95,153633.78,159,354.56,1
7.18,24.41,3,2,3181.89,59,258.3,0
84.94,80.15,0,5,16807.6,98,280.87,2
11.98,22.45,0,2,2483.08,44,200.21,0
15.89,34.6,6,13,309788.39,98,216.89,1
37.98,38.37,94,144,872345.46,83,266.11,1
0.71,34.1,0,2,5023.0,86,50.0,0
7.46,34.2,0,3,2130.38,81,274.08,0
44.34,58.52,114,106,33647.22,100,307.82,1
85.84,73.35,1,1,95040.17,71,182.59,2
12.26,46.44,2,1,210.05,64,143.54,0
86.82,87.73,0,1,10570.27,89,268.58,2
20.43,57.98,176,143,26743.15,114,149.56,1
32.6,52.15,118,166,222442.96,120,232.24,1
34.12,48.37,130,85,191930.47,120,174.68,1
9.49,22.28,0,3,2269.36,92,280.54,0
49.91,58.43,195,126,108723.71,132,245.5,1
61.33,61.91,3,0,71297.21,109,271.99,0
28.85,31.62,5,0,93649.28,167,50.0,1
6.71,23.68,0,1,974.97,75,245.96,0
8.19,16.08,4,3,2764.0,70,373.62,0
2.04,24.0,2,4,3137.96,85,343.28,0
43.28,50.83,2,2,136826.68,106,253.16,0
73.82,58.39,0,1,73556.26,80,228.17,2
37.02,60.62,33,121,55707.54,110,226.64,1
43.59,40.8,65,171,72101.03,97,338.41,1
6.66,28.58,2,2,157.83,51,375.07,0
0.0,31.6,1,2,5053.13,47,203.24,0
76.76,83.14,0,1,13573.21,77,135.25,2
20.91,43.31,107,57,356462.88,99,225.6,1
23.47,49.99,115,173,240595.93,119,224.78,1
83.0,78.13,0,1,44997.66,96,300.5,2
49.61,29.56,106,196,609945.69,86,302.53,1
32.26,60.56,178,110,221502.29,103,471.41,1
8.5,36.88,0,1,4344.9,69,228.94,0
9.71,41.45,0,3,1771.87,58,237.02,0
87.12,65.83,0,0,192329.85,130,173.94,2
36.21,71.7,128,81,144476.53,123,154.94,1
73.8,81.57,1,1,63309.94,95,250.02,2
3.21,28.67,1,0,694.76,75,246.02,0
6.71,39.43,1,1,3207.4,83,164.7,0
12.34,17.96,0,0,2086.99,67,128.69,0
7.01,34.43,2,3,458.19,74,348.93,0
4.17,22.04,4,2,4692.63,88,260.7,0
75.11,73.0,2,1,9791.04,113,284.53,2
43.13,70.61,170,157,72468.35,133,355.57,1
83.43,71.47,0,2,14717.86,90,328.11,2
0.9,31.5,1,3,157.41,99,184.37,0
7.77,27.69,0,1,84.87,90,268.58,0
20.0,45.0,1,1,101593.83,78,384.76,0
58.14,60.42,75,113,392191.55,115,246.34,1
57.31,41.92,2,1,53954.84,90,351.27,0
52.81,40.59,139,132,103181.25,139,213.62,1
5.83,18.71,0,2,2066.9,70,164.17,0
9.42,36.41,1,2,2088.54,77,191.27,0
7.46,35.72,1,0,123.09,78,316.22,0
83.17,66.76,0,1,50905.32,113,237.3,2
40.09,43.23,1,0,6784.86,92,284.39,0
11.82,45.37,11,32,302855.09,85,360.95,1
45.19,46.75,30,162,285661.2,123,50.0,1
8.34,18.95,0,4,539.87,67,388.23,0
4.35,24.85,1,4,579.1,77,289.07,0
57.48,58.54,167,241,41312.87,99,107.61,1
3.21,39.76,2,0,461.49,90,244.63,0
9.64,17.67,0,1,182.96,76,380.52,0
28.23,55.55,120,158,39187.66,102,238.32,1
85.4,56.17,1,1,12449.36,111,267.8,2
44.03,76.38,161,197,11209.94,153,404.24,1
36.16,70.9,45,165,280138.8,108,233.12,1
16.07,33.47,10,25,819909.5,119,309.27,1
1.22,36.99,1,0,894.2,90,252.84,0
82.23,76.02,0,1,115075.63,102,223.87,2
2.58,35.33,1,1,3489.49,90,174.6,0
7.11,23.0,0,2,462.87,65,154.92,0
6.57,22.35,1,1,1672.35,69,320.67,0
23.78,62.43,78,163,654821.72,113,200.29,1
4.26,38.21,2,1,1849.44,64,195.39,0
55.86,73.51,106,123,2162851.49,127,352.58,1
5.72,42.48,2,2,393.13,91,89.81,0
46.48,46.91,189,91,5000.0,119,173.37,1
33.46,51.82,140,76,10966.94,136,324.79,1
5.55,24.23,1,3,3542.53,95,163.14,0
7.3,28.49,2,2,1076.31,78,259.04,0
71.32,81.94,1,3,136995.53,100,304.83,2
1.49,22.09,1,3,6183.63,82,325.25,0
33.15,62.09,143,107,942092.33,116,339.03,1
70.0,47.72,1,1,42353.35,116,296.66,0
0.0,19.42,0,2,723.44,64,145.99,0
3.66,36.06,0,2,1280.26,73,253.84,0
82.67,69.53,0,1,59550.45,84,284.11,2
0.0,36.28,0,1,2310.36,78,270.6,0
70.25,66.76,1,2,274654.2,108,185.47,2
19.13,39.87,7,24,327653.21,97,270.0,1
7.13,38.11,1,0,556.15,69,120.5,0
3.58,29.83,2,0,4077.51,80,269.31,0
65.05,70.03,0,0,105339.33,109,164.94,2
31.25,60.96,150,129,104626.97,161,326.56,1
84.56,70.93,1,1,31118.2,119,290.03,2
4.04,27.77,1,4,2734.32,77,236.38,0
45.15,72.52,66,98,466825.43,90,260.21,1
4.39,40.04,0,2,533.44,53,214.13,0
1.41,26.1,0,2,340.46,68,127.28,0
36.78,47.74,105,132,174026.14,87,401.36,1
81.16,77.95,0,1,34238.33,96,428.71,2
33.82,64.86,12,6,18512.7,111,231.71,1
7.95,37.94,3,2,149.93,74,183.73,0
6.41,37.27,1,1,1672.67,82,292.18,0
36.0,46.4,2,4,40538.87,90,206.0,0
3.38,27.45,1,2,4144.73,80,237.3,0
58.13,54.2,126,130,53631.76,109,236.49,1
35.47,57.21,111,106,245192.76,139,336.8,1
44.28,44.9,163,106,566928.56,140,410.74,1
47.55,46.92,2,1,87148.8,102,237.51,0
74.03,77.38,1,5,161827.12,91,232.74,2
73.84,87.23,1,1,19196.89,68,208.51,2
65.4,55.77,128,158,767593.77,118,128.11,1
14.49,48.25,128,126,1674131.11,116,346.68,1
6.84,41.88,2,3,2411.34,63,246.4,0
10.0,43.55,4,0,268602.41,114,247.16,1
10.2,27.19,0,4,2157.35,64,194.34,0
10.94,25.75,1,3,1476.85,63,256.33,0
50.0,83.08,0,1,49797.84,79,253.89,2
27.76,48.81,94,175,188178.44,98,305.91,1
22.67,68.66,160,133,331343.16,151,372.65,1
9.37,34.37,0,2,740.56,63,176.31,0
36.22,64.68,173,175,2046081.41,120,262.28,1
67.91,77.22,1,1,16540.95,76,244.88,2
9.98,34.55,2,1,923.85,101,184.13,0
9.51,47.93,1,1,664.24,87,122.7,0
56.86,81.35,1,0,142285.73,103,219.23,2
54.49,50.46,187,125,351816.26,118,182.57,1
82.93,71.05,0,3,288832.67,128,217.88,2
71.39,66.43,2,0,177000.11,93,378.49,2
72.77,76.78,0,0,76260.83,111,258.66,2
8.75,21.38,0,1,518.8,82,282.74,0
3.15,31.3,2,1,568.42,92,89.57,0
4.77,35.02,1,2,1038.09,94,209.09,0
22.96,42.8,3,22,154654.2,108,166.32,1
0.13,25.5,2,1,3921.41,80,259.34,0
24.28,60.78,8,33,1050708.95,99,198.32,1
30.51,59.13,58,145,1067805.34,129,195.77,1
20.42,56.79,155,101,57154.64,135,317.34,1
6.31,30.9,3,2,247.13,103,255.64,0
3.03,37.4,0,1,1708.92,77,296.57,0
9.88,41.73,0,4,4004.5,88,153.24,0
39.44,52.41,2,4,660156.01,86,261.02,1
74.38,84.51,1,0,77921.25,95,227.8,2
25.22,44.41,184,159,37630.27,98,172.5,1
2.69,45.91,1,4,7.31,70,376.92,0
35.5,61.45,0,0,78836.92,138,212.88,0
9.36,25.83,0,2,79.91,55,254.2,0
62.32,46.27,83,204,1422006.45,108,217.55,1
86.26,84.87,0,0,151573.72,102,336.65,2
10.68,37.48,3,3,1012.44,69,357.73,0
4.03,32.52,1,1,368.18,75,359.22,0
3.98,28.94,1,3,1694.33,76,211.47,0
68.03,63.68,1,2,217466.14,104,155.57,2
91.47,59.91,2,1,13556.02,106,263.9,2
11.74,33.11,2,1,1994.5,73,319.51,0
6.6,33.22,2,1,227.96,77,314.8,0
57.3,69.64,1,2,153577.64,105,375.18,2
85.92,76.61,0,1,30069.62,91,193.63,2
5.3,31.4,6,0,1915.05,86,232.62,0
19.15,81.09,101,195,1236957.49,117,319.78,1
29.45,81.1,6,0,1198674.82,111,152.92,1
2.06,34.01,1,1,256.22,49,252.29,0
1.63,49.55,1,3,411.97,92,206.85,0
45.86,53.65,89,167,239280.38,104,276.1,1
4.7,27.43,0,1,447.47,90,215.19,0
33.03,60.15,0,3,53949.72,101,224.99,0
38.77,51.77,76,133,638565.03,100,164.13,1
86.13,64.82,0,0,48202.28,134,262.58,2
26.76,54.29,143,207,224090.01,152,341.53,1
34.25,41.89,138,147,856804.16,101,159.19,1
76.01,83.98,3,1,31778.72,76,151.17,2
10.0,38.59,171,155,508635.29,115,321.07,1
100.0,68.26,1,0,29080.81,93,232.95,2
47.46,44.51,57,79,1597106.64,93,206.19,1
37.06,40.66,208,144,5000.0,145,274.64,1
73.94,69.15,0,4,211263.14,119,186.13,2
4.66,35.77,1,1,1310.95,77,125.2,0
85.79,73.56,2,1,118949.09,113,282.77,2
1.51,17.48,2,2,7056.07,120,306.32,0
0.0,39.57,1,3,4228.13,77,179.59,0
6.22,50.56,0,0,144.11,75,302.2,0
8.04,28.39,0,2,381.55,76,165.99,0
25.88,48.74,66,88,64314.72,131,102.59,1
10.0,25.0,172,144,1262108.53,122,325.48,1
100.0,72.91,1,0,236897.85,117,214.37,2
66.41,44.95,150,115,471190.0,130,331.96,1
13.35,29.37,0,2,1718.97,84,341.5,0
72.92,68.61,1,1,50611.44,96,273.06,2
80.12,65.94,1,1,93818.66,95,208.1,2
29.78,54.92,139,144,218174.04,121,250.03,1
73.29,67.32,0,1,61602.83,97,262.52,2
35.0,54.97,0,1,6000.6,95,247.1,0
91.55,65.33,2,0,7696.57,88,272.61,2
2.38,29.77,1,1,6433.24,55,258.5,0
88.36,71.88,0,0,5206.04,71,285.42,2
1.95,43.17,1,1,1389.22,58,104.66,0
8.44,26.21,3,1,2308.43,110,285.32,0
93.71,74.75,0,1,41767.0,111,201.0,2
40.68,56.82,105,145,94230.67,144,103.1,1
75.53,81.12,2,0,48005.54,97,384.52,2
88.74,68.13,2,1,6828.77,112,181.58,2
59.01,65.6,0,1,10448.68,96,207.86,2
6.94,39.57,1,1,1110.84,86,88.64,0
0.87,24.94,1,0,448.2,87,271.86,0
8.76,21.33,2,2,1042.76,78,250.88,0
37.35,35.54,2,5,31053.06,75,191.79,0
8.46,19.77,0,3,1055.72,66,214.01,0
7.65,45.02,0,2,192.66,57,155.22,0
68.89,73.82,0,0,51970.38,109,341.1,2
97.32,71.85,0,1,1548.52,67,174.08,2
2.6,36.92,0,1,303.88,94,256.83,0
91.11,82.55,1,0,58628.42,120,140.1,2
30.79,68.61,112,193,585264.04,108,182.8,1
0.0,33.31,0,2,848.04,93,334.07,0
10.0,52.39,130,168,596236.02,111,271.59,1
6.66,25.32,0,0,4981.78,80,223.89,0
83.8,82.0,2,0,124792.18,132,419.3,2
40.66,58.32,1,3,67255.71,85,192.3,0
52.89,68.06,111,143,177556.32,123,439.13,1
89.84,60.24,0,0,83221.89,109,398.48,2
37.14,51.86,101,154,364732.2,114,354.36,1
48.8,64.35,0,1,18829.11,133,211.05,0
87.6,82.28,1,0,61108.98,92,205.97,2
44.02,44.03,85,139,191873.89,114,266.23,1
5.05,30.25,0,6,1746.16,59,281.88,0
35.7,56.72,171,168,773440.23,106,326.93,1
1.66,38.42,2,2,4677.61,92,236.6,0
65.21,89.71,2,1,242117.9,95,234.07,2
24.13,46.74,148,118,80407.15,102,348.58,1
0.45,17.52,0,1,4831.4,81,331.78,0
50.91,42.47,108,96,1624146.17,104,279.15,1
3.41,26.78,1,2,6834.75,73,329.36,0
10.0,57.48,146,165,2492618.3,123,244.89,1
50.1,39.47,94,160,44170.98,97,250.25,1
6.94,33.92,1,4,3.55,84,155.32,0
10.0,31.21,89,157,291321.44,98,222.07,1
15.74,47.81,174,136,806827.19,108,87.81,1
30.16,30.88,42,118,885581.79,99,401.05,1
43.47,64.42,156,232,818692.1,121,244.31,1
7.19,26.54,3,2,421.86,80,293.96,0
2.65,39.86,2,2,362.1,115,217.99,0
90.9,67.52,1,0,127636.94,125,184.35,2
4.19,37.12,0,2,1156.57,68,231.35,0
0.0,36.33,1,3,5201.26,57,296.07,0
13.74,38.1,0,2,64.12,99,287.29,0
14.37,14.54,0,2,1472.56,62,291.25,0
7.78,36.28,0,0,83.71,59,201.82,0
47.81,38.44,1,3,49634.52,85,268.19,0
39.18,42.89,106,80,180029.65,112,408.4,1
4.57,24.82,3,1,365.02,93,64.95,0
89.24,59.64,0,3,26506.81,100,155.34,2
10.0,56.03,85,67,150676.81,131,296.32,1
69.57,79.43,3,1,170996.33,80,221.93,2
2.24,24.8,0,2,2862.28,62,263.88,0
0.0,29.52,3,6,3528.88,87,235.01,0
5.63,23.98,3,5,227.75,105,298.57,0
84.32,66.9,0,2,49869.66,78,274.89,2
44.15,61.45,105,149,427324.61,134,370.76,1
3.51,30.08,1,2,1473.18,78,310.61,0
50.31,41.76,125,37,206700.34,92,364.97,1
71.34,77.15,0,2,171675.31,115,246.65,2
79.88,86.72,1,2,14590.15,102,371.6,2
2.79,32.84,1,3,6989.48,86,235.33,0
7.63,35.36,0,4,1180.76,64,207.02,0
69.21,82.35,0,2,111948.66,91,263.51,2
31.32,74.97,1,2,15518.38,110,122.59,0
10.0,51.16,130,153,238706.65,120,287.35,1
15.43,30.11,3,23,433733.88,121,279.02,1
72.26,85.55,3,1,1173.03,104,376.99,2
17.35,25.0,63,212,581801.16,101,168.29,1
77.69,80.08,1,1,84798.93,103,285.76,2
42.02,44.96,1,0,199878.16,111,251.21,0
12.56,37.01,2,1,1266.55,41,164.25,0
43.1,53.63,89,165,119874.03,114,330.64,1
36.67,47.17,113,124,719549.86,101,50.0,1
90.96,65.27,2,0,234816.74,100,123.86,2
99.36,63.76,0,0,90638.82,82,286.3,2
91.8,76.97,1,1,36657.28,98,379.26,2
31.28,56.6,173,260,1026001.38,132,218.77,1
8.4,31.31,1,1,2074.71,78,373.15,0
39.7,37.92,131,189,1198134.73,122,283.51,1
20.0,43.59,1,2,46448.61,114,293.42,0
27.67,41.47,123,129,47829.76,94,141.94,1
33.28,64.65,90,112,480589.45,131,166.63,1
9.12,52.4,0,1,724.23,67,295.63,0
1.02,24.97,3,2,2416.5,61,209.71,0
41.1,59.46,157,132,283324.68,139,198.88,1
44.41,61.59,97,166,79002.91,111,199.37,1
4.24,13.88,3,5,574.78,89,156.4,0
7.74,21.62,1,1,351.06,92,253.51,0
6.94,23.98,1,2,914.76,88,149.62,0
10.54,25.52,1,7,196.58,68,101.78,0
18.52,71.6,172,174,260453.9,180,143.03,1
41.71,39.04,143,144,194414.14,125,235.25,1
95.97,82.01,2,0,85955.14,114,242.25,2
32.54,50.04,0,4,6463.21,95,175.43,0
6.86,36.5,0,0,1275.28,79,338.56,0
25.05,60.76,97,80,2481878.85,163,100.43,1
19.43,55.96,12,15,110418.95,134,332.32,1
9.58,35.3,1,1,2163.6,108,189.52,0
20.64,70.3,74,214,392053.91,120,200.03,1
75.15,60.18,1,1,2394.13,88,274.79,2
12.07,22.37,0,2,2493.74,80,266.7,0
10.0,83.22,125,133,737245.81,141,293.27,1
4.04,45.93,1,3,4668.11,80,255.46,0
93.75,70.36,1,0,103674.57,74,368.01,2
3.14,28.72,1,3,6311.31,87,285.59,0
4.88,29.24,1,5,1468.54,81,281.24,0
86.11,77.07,1,1,15394.52,88,230.15,2
9.95,23.04,0,3,5209.44,78,225.49,0
4.97,31.92,1,1,6836.23,75,374.17,0
58.14,51.11,124,144,1906978.63,127,296.86,1
3.54,25.05,1,1,514.27,64,195.65,0
47.74,50.88,0,1,54734.14,83,394.25,0
41.74,47.58,119,186,75897.58,111,261.06,1
3.83,49.57,4,2,779.65,53,198.67,0
93.03,63.73,1,3,56558.1,110,233.91,2
15.68,17.24,1,3,461.34,76,199.34,0
77.76,66.59,0,1,21478.97,105,185.49,2
17.54,42.18,44,176,563838.73,130,302.73,1
57.96,63.09,50,148,152922.39,137,274.32,1
16.8,44.96,6,31,24303.06,118,213.02,1
12.82,22.35,2,5,2673.17,60,206.65,0
62.6,64.19,91,136,421592.81,155,372.3,1
21.37,33.95,102,191,1596810.2,91,291.45,1
10.24,16.88,1,2,2781.68,86,363.7,0
82.82,67.6,1,2,4894.09,66,226.69,2
52.92,62.28,72,153,63636.09,121,332.33,1
15.98,28.99,1,1,87.88,82,228.72,0
98.52,85.83,1,1,51898.96,98,249.68,2
78.27,84.59,0,1,24673.42,87,245.24,2
12.98,28.82,1,1,567.55,64,68.7,0
13.19,30.75,2,3,1866.73,74,192.13,0
62.03,36.45,2,0,108230.48,72,272.5,0
3.02,38.03,0,0,697.1,75,328.57,0
0.0,25.98,0,3,5744.99,98,283.75,0
72.04,85.37,1,2,58142.24,115,283.56,2
15.09,33.5,2,1,4798.21,66,234.49,0
25.75,37.27,126,179,565175.56,111,249.93,1
66.11,59.59,107,261,402714.16,117,201.87,1
8.53,19.41,1,0,381.9,98,191.01,0
64.71,60.76,91,97,486576.55,120,400.59,1
64.48,70.43,0,1,59133.28,108,109.48,2
6.43,33.0,0,0,3319.91,66,191.46,0
89.48,79.36,1,0,353.08,68,247.96,2
4.42,32.12,0,0,1049.63,93,139.6,0
8.21,33.94,2,2,3172.73,91,50.0,0
0.0,19.97,2,1,2750.27,59,330.03,0
43.62,51.73,1,5,171919.98,99,284.27,0
29.55,25.0,185,44,27679.73,96,121.27,1
8.15,38.76,1,1,133.81,61,179.62,0
52.03,60.09,112,197,698837.37,121,264.99,1
0.0,49.42,1,1,5659.83,93,295.78,0
4.48,29.36,3,2,951.36,62,240.06,0
8.4,45.37,0,1,3768.91,73,253.96,0
38.53,75.43,212,216,49786.44,109,223.49,1
65.8,79.02,2,0,25067.3,106,326.25,2
15.31,22.51,1,3,208.9,61,311.84,0
6.95,25.6,2,1,68.8,61,207.38,0
52.39,53.65,0,2,12618.06,87,245.99,0
28.87,57.7,144,120,88953.81,148,160.95,1
39.23,50.06,9,29,549474.5,129,292.89,1
47.97,29.03,141,95,120550.23,95,50.0,1
71.39,57.91,0,1,103228.45,101,224.85,2
32.46,53.58,123,160,342854.28,163,207.11,1
10.5,31.44,1,1,797.0,92,50.0,0
7.03,27.55,1,3,715.94,58,253.59,0
24.1,46.8,158,211,486200.58,141,319.99,1
6.97,25.43,0,1,1565.64,66,322.18,0
71.14,74.17,2,0,523.49,107,156.87,2
70.14,66.49,0,2,37303.4,100,205.93,2
49.43,45.63,113,178,128717.48,151,243.44,1
56.89,52.28,140,228,577890.83,90,271.72,1
39.35,44.26,111,119,233488.5,117,237.64,1
47.34,59.06,147,212,311236.68,106,277.31,1
48.54,50.24,190,187,1072040.57,112,455.17,1
10.91,67.04,4,29,444601.23,94,383.84,1
18.67,40.1,136,159,201801.93,128,197.86,1
47.49,42.39,0,4,23862.98,72,330.8,0
7.75,30.05,0,0,1451.14,86,127.13,0
49.81,67.99,110,155,1370633.72,95,113.3,1
37.24,43.9,115,206,396502.79,144,175.15,1
19.77,28.7,5,21,136023.42,128,281.64,1
8.95,24.6,1,3,760.49,60,253.43,0
34.62,59.87,53,156,675905.03,89,199.48,1
10.0,51.59,170,139,239898.83,141,120.56,1
82.35,72.76,1,2,172058.87,107,242.99,2
6.42,29.47,0,2,3236.98,83,229.66,0
44.09,61.72,124,128,177254.15,145,187.46,1
12.17,23.85,0,0,2677.07,96,300.57,0
1.27,26.43,0,1,1387.61,85,287.16,0
69.79,72.54,2,1,141659.79,122,203.39,2
12.67,33.19,0,3,1874.84,47,383.17,0
3.38,35.81,3,0,3213.86,83,289.97,0
11.88,46.85,129,144,29500.88,109,109.7,1
0.0,29.28,3,0,602.5,84,326.31,0
48.09,61.99,34,151,1244310.08,131,205.84,1
33.14,54.07,33,105,326909.54,143,299.22,1
8.56,16.71,0,0,1442.35,66,372.21,0
44.3,71.9,168,63,1027800.68,116,325.47,1
59.37,90.0,33,106,16684.42,136,218.04,1
5.86,22.95,1,2,3242.0,45,243.22,0
31.38,43.08,96,199,640596.55,114,153.35,1
56.32,56.18,0,0,135536.1,97,321.74,2
14.41,50.6,9,0,53405.96,109,92.93,1
68.39,71.1,0,0,339897.54,97,262.76,2
24.51,42.44,60,149,228521.55,132,189.93,1
30.0,63.76,153,188,334228.63,103,331.0,1
71.76,74.56,0,1,19049.16,96,292.35,2
32.5,66.85,131,192,132334.26,142,123.68,1
77.32,55.54,0,5,146853.39,107,133.08,2
67.53,84.06,0,2,35490.12,101,318.84,2
66.83,86.31,1,1,110225.45,105,320.8,2
42.73,56.08,135,207,243859.03,117,262.54,1
64.65,75.72,3,1,275639.22,112,209.39,2
20.71,36.5,82,127,40960.99,88,358.93,1
0.02,30.74,2,3,3950.62,75,242.37,0
12.15,10.0,2,2,424.84,60,258.42,0
7.86,10.0,2,1,155.28,48,206.97,0
71.93,74.5,0,2,11137.52,126,256.95,2
55.28,64.69,2,1,195023.28,119,214.88,0
32.57,54.12,0,1,2154.46,90,265.5,0
14.04,26.91,1,3,2489.23,79,397.81,0
8.92,41.1,1,0,648.55,94,279.69,0
10.2,15.75,0,3,171.93,72,201.8,0
62.61,43.82,1,1,95792.14,79,50.0,0
19.43,40.22,65,175,285769.78,149,334.67,1
13.44,68.54,104,162,194251.43,107,154.83,1
5.64,39.21,1,1,153.2,40,206.67,0
32.51,35.75,67,232,5000.0,127,236.64,1
83.96,71.31,1,0,701090.15,93,329.58,2
25.52,64.55,165,146,665067.74,81,369.29,1
3.23,24.63,0,2,277.37,72,204.95,0
24.04,62.22,144,155,79702.11,107,219.3,1
40.47,71.86,66,118,330841.23,153,274.46,1
26.47,40.14,7,7,152880.84,132,230.48,1
11.32,19.25,1,1,5077.27,92,402.08,0
28.02,59.59,151,211,489360.77,121,188.55,1
43.89,84.48,147,115,167422.2,143,258.37,1
41.17,58.71,138,195,548452.5,142,354.95,1
28.07,71.23,90,39,161609.38,78,192.38,1
79.33,56.85,0,1,14613.63,78,377.72,2
28.16,71.9,6,8,575711.85,100,218.94,1
16.13,27.22,1,6,3344.46,66,218.62,0
1.9,30.51,0,0,3864.56,104,207.29,0
7.59,30.3,5,2,2146.43,46,177.32,0
76.47,72.6,1,2,133856.96,91,254.57,2
67.3,71.81,1,0,28121.04,87,229.54,2
5.0,52.96,6,1,577085.31,123,221.95,1
78.52,87.87,2,1,11410.32,94,432.41,2
25.15,59.03,164,244,757691.41,158,346.2,1
74.92,78.27,0,0,51302.45,116,293.25,2
11.6,25.31,1,3,6113.61,78,268.53,0
84.13,86.74,0,0,45163.79,102,266.82,2
16.39,32.37,0,0,259.6,64,171.27,0
2.39,24.78,0,3,11.51,72,236.75,0
11.12,70.07,115,178,686864.37,114,257.88,1
58.98,71.14,4,1,49883.27,137,231.58,2
73.18,74.26,3,0,124983.9,120,186.0,2
6.89,25.71,1,1,3287.63,91,131.41,0
2.05,16.09,3,1,106.66,83,322.84,0
8.22,23.86,1,0,2629.98,78,210.73,0
65.27,66.55,2,1,130997.72,97,367.65,2
14.65,59.51,134,184,885981.2,86,311.62,1
29.57,62.01,107,151,433531.9,117,161.55,1
27.25,53.05,6,39,196815.0,98,230.77,1
13.7,62.51,122,187,357828.71,118,204.58,1
23.55,35.04,4,31,797932.55,109,281.35,1
22.33,56.61,3,0,23832.75,71,150.04,0
25.55,55.55,41,189,418891.55,138,214.91,1
3.35,25.53,1,3,1747.05,96,239.74,0
3.38,22.29,1,3,3951.05,57,402.87,0
43.01,57.94,2,1,140081.98,98,207.25,0
40.58,45.07,30,127,433811.84,128,222.79,1
7.05,30.64,0,1,964.22,81,206.5,0
33.55,28.27,111,31,61484.19,130,198.48,1
41.73,53.01,124,104,172346.15,115,271.87,1
42.39,43.43,115,150,310920.73,113,101.29,1
1.0,34.07,1,2,776.15,72,247.69,0
72.91,81.38,1,1,24791.73,97,369.78,2
39.27,47.17,0,3,46600.37,103,281.02,0
36.24,43.38,99,201,204399.35,114,363.86,1
8.37,46.75,1,46,54869.94,104,263.01,1
32.32,58.36,35,67,1064674.36,90,413.56,1
39.06,47.9,159,168,137024.94,101,73.58,1
78.43,75.72,1,2,28864.14,100,288.9,2
18.54,67.69,7,10,128179.48,126,228.2,1
34.23,45.82,128,170,62352.28,89,334.84,1
28.6,55.74,222,254,194448.14,127,194.44,1
35.74,56.28,101,133,866481.59,84,152.17,1
4.26,33.76,0,3,7146.59,87,298.12,0
38.09,39.61,3,13,207531.11,97,206.83,1
37.84,51.63,83,99,248717.68,159,254.7,1
7.72,32.47,1,2,86.78,47,176.55,0
48.22,50.04,184,63,1064738.14,119,391.34,1
29.55,36.23,86,233,54197.62,107,185.39,1
8.61,33.11,1,0,5062.21,54,275.34,0
14.14,26.74,1,1,3031.67,76,149.81,0
5.27,36.77,0,3,2392.52,82,154.55,0
0.0,30.54,0,1,1712.15,112,111.83,0
62.9,63.02,0,2,155792.68,94,290.41,2
72.38,64.27,1,1,15676.3,90,246.79,2
4.51,28.67,0,2,388.13,89,178.58,0
11.28,44.8,0,1,465.29,73,197.18,0
13.28,39.54,4,32,138039.66,100,228.63,1
6.22,35.08,2,1,1733.97,91,334.34,0
43.81,41.21,8,11,80114.64,89,205.94,1
7.11,45.35,0,4,371.72,71,264.9,0
8.32,26.12,0,2,170.69,72,260.7,0
0.0,36.11,0,2,2422.58,82,99.75,0
74.71,89.34,1,1,352892.56,81,365.62,2
61.51,74.68,2,1,86866.68,83,167.21,2
23.81,42.6,97,135,16670.05,108,221.07,1
4.87,29.62,1,3,73.44,74,246.17,0
58.13,63.79,108,77,581526.65,130,330.77,1
11.07,25.57,3,3,1096.26,55,301.9,0
4.95,32.32,3,2,3165.98,69,168.52,0
18.2,65.81,91,137,432140.79,116,223.24,1
9.13,30.37,1,2,2762.14,77,193.38,0
9.32,10.0,2,3,2.19,71,172.75,0
45.75,41.97,169,90,60387.79,127,302.58,1
73.94,85.2,0,0,9880.57,124,334.8,2
32.99,58.31,123,214,1014255.17,104,333.54,1
0.89,46.73,0,3,848.22,81,462.92,0
69.28,73.7,2,0,22366.17,99,201.35,2
40.38,42.04,2,3,18322.17,109,327.03,0
45.19,70.25,84,125,569621.56,128,236.96,1
89.53,70.3,1,0,35451.46,110,306.94,2
44.02,47.32,85,85,76181.87,102,196.04,1
53.53,61.2,86,162,32467.69,127,59.47,1
49.03,49.12,125,144,1179565.91,119,173.3,1
75.13,93.51,3,1,321887.43,107,195.54,2
5.32,38.36,0,1,3798.46,69,307.81,0
71.3,67.18,80,141,651807.88,109,225.96,1
2.56,30.52,1,2,640.89,83,423.96,0
7.07,33.24,0,3,8352.71,71,299.58,0
7.92,45.42,1,2,1342.58,68,333.66,0
2.29,29.1,0,2,4585.18,84,196.84,0
4.55,24.13,2,2,338.22,99,195.69,0
40.81,59.02,6,32,1166137.62,136,356.15,1
34.34,47.11,83,44,536286.38,134,202.74,1
36.94,60.04,140,138,71253.81,105,140.39,1
54.96,69.69,89,175,246223.74,116,323.38,1
22.57,59.8,81,249,144557.51,89,287.23,1
8.92,30.99,1,2,998.23,83,407.7,0
11.51,37.18,0,0,395.39,64,149.3,0
21.9,47.97,136,107,348669.75,119,50.0,1
60.0,78.12,3,1,4340.99,117,114.02,2
2.8,31.19,0,0,2468.46,62,240.92,0
27.58,77.88,206,219,1333249.97,146,50.0,1
27.08,68.75,30,189,417404.82,104,358.54,1
1.4,29.18,1,1,5648.79,84,131.25,0
0.0,42.02,0,0,467.58,46,250.52,0
0.0,46.57,0,3,4.04,93,111.72,0
84.68,85.34,0,1,102881.08,86,372.21,2
0.41,31.91,0,1,2143.58,106,158.17,0
37.63,55.93,99,141,18355.49,124,247.8,1
100.0,84.64,1,1,21386.37,88,311.51,2
50.0,66.84,2,0,13126.98,66,300.34,2
24.21,63.21,9,34,174404.89,95,296.97,1
46.37,74.02,94,210,535016.74,123,248.7,1
79.87,90.67,1,1,73134.52,104,177.96,2
48.27,36.87,74,237,256406.42,112,379.74,1
6.74,36.02,1,1,298.37,85,234.62,0
8.1,30.34,1,1,1474.6,63,241.96,0
29.19,56.98,6,16,658914.18,121,273.81,1
4.0,34.23,1,4,1138.68,68,170.05,0
13.62,33.54,8,30,373562.28,138,279.52,1
10.97,61.45,134,159,341938.0,116,158.34,1
7.79,20.46,0,1,2498.5,93,326.62,0
17.67,51.45,192,174,220205.56,129,336.88,1
5.02,30.49,2,1,1133.0,89,183.33,0
38.84,70.74,100,132,485098.44,110,254.03,1
23.59,60.82,115,116,2106140.04,109,203.93,1
0.0,37.24,0,2,1808.23,66,295.61,0
50.76,33.06,1,1,12514.34,93,323.39,0
7.55,25.74,0,3,2855.3,69,247.16,0
90.03,86.41,3,2,112355.38,115,251.35,2
6.47,38.85,0,3,3666.94,67,75.44,0
61.96,80.0,1,2,34596.92,98,187.2,0
19.19,45.39,61,236,52422.15,117,170.88,1
71.11,79.52,1,0,64382.72,72,233.07,2
38.02,49.02,118,248,1087264.21,137,380.34,1
0.0,27.23,1,2,616.58,61,253.27,0
54.86,54.06,1,1,167212.82,63,256.99,0
7.46,42.01,0,3,826.77,56,172.23,0
1.56,21.6,3,5,513.08,72,223.39,0
52.68,83.35,1,0,81923.67,112,199.13,2
50.35,47.26,87,191,2174128.51,105,256.62,1
9.75,21.24,1,3,1564.61,92,136.58,0
46.83,59.65,119,156,1892540.22,91,242.34,1
33.73,44.43,174,81,85139.87,70,282.26,1
63.49,55.98,82,217,369465.44,112,230.25,1
22.08,62.14,70,20,273441.55,109,218.82,1
18.97,31.18,68,35,142272.46,141,235.71,1
7.94,27.17,1,1,162.91,60,241.92,0
61.85,74.05,3,3,166774.25,110,216.13,2
10.23,25.81,0,3,2638.47,72,289.91,0
82.68,90.86,0,1,67187.44,106,469.11,2
6.14,35.89,0,3,1776.48,89,213.36,0
60.21,34.14,0,2,5858.02,108,262.93,0
13.53,26.46,4,5,774.23,61,186.11,0
75.81,78.32,3,0,1668.94,110,172.45,2
17.94,57.03,121,150,39780.99,122,261.21,1
69.89,82.03,1,1,62449.06,74,250.25,2
11.72,35.75,1,2,1561.46,103,220.04,0
41.24,67.08,171,172,584097.12,161,321.39,1
10.0,51.58,73,219,289498.7,136,119.24,1
83.28,89.64,1,0,109598.58,113,281.29,2
37.61,37.4,6,5,27150.04,121,252.37,1
27.46,66.45,50,111,164831.75,111,206.85,1
28.66,54.79,120,136,900164.7,112,254.89,1
47.7,62.36,113,98,913198.33,122,301.26,1
28.68,61.05,6,24,218295.85,75,240.48,1
39.36,56.35,1,1,88442.89,83,303.13,0
10.06,21.64,1,7,1934.37,76,216.19,0
99.45,78.09,0,1,94679.14,110,59.77,2
1.63,37.19,0,1,4252.76,101,368.54,0
30.92,45.6,96,153,73625.28,136,365.6,1
8.41,37.91,1,7,657.86,73,369.05,0
53.42,58.86,119,137,77479.59,111,227.65,1
15.35,45.26,145,218,778692.89,138,239.6,1
8.76,34.89,0,3,4776.6,99,109.49,0
2.12,36.95,0,2,2777.53,57,378.17,0
45.47,54.36,138,129,256226.5,141,303.31,1
1.84,22.26,2,2,1541.1,69,309.39,0
10.0,71.7,89,110,47852.4,144,221.12,1
93.05,68.48,0,0,99212.95,117,262.85,2
63.74,72.3,1,0,123796.9,97,104.71,2
95.87,60.53,1,2,23793.53,121,176.18,2
24.31,67.87,5,10,66812.07,98,215.12,1
4.54,15.42,0,2,3378.21,76,397.98,0
2.49,17.55,0,2,2009.18,93,75.71,0
9.58,48.85,4,4,676.2,72,430.09,0
7.03,35.38,1,3,1349.83,43,157.45,0
4.35,28.94,0,3,91.13,81,208.24,0
11.06,23.25,1,3,1339.79,79,260.19,0
44.16,71.1,149,111,636341.23,126,193.07,1
42.88,55.06,223,35,31860.32,162,403.95,1
8.31,23.79,0,1,92.53,95,79.52,0
2.23,43.71,0,1,1235.43,91,207.57,0
7.77,26.17,0,2,3126.94,63,354.31,0
9.14,32.82,1,3,6517.31,84,356.66,0
58.6,62.22,95,202,338922.31,127,162.29,1
38.88,67.57,127,199,802072.78,151,304.08,1
3.97,36.84,1,6,562.39,81,194.84,0
82.21,66.37,1,1,117424.99,100,186.48,2
34.6,50.76,118,83,17779.47,135,203.66,1
72.76,60.7,0,1,98597.33,102,150.97,2
29.58,79.17,119,170,1043885.76,104,182.52,1
77.7,62.65,0,2,209884.92,107,228.75,2
67.44,56.34,1,1,15286.79,101,282.89,2
32.6,44.66,5,6,2000.0,169,174.26,1
4.46,32.42,3,2,239.12,54,451.5,0
11.31,29.67,0,0,708.64,92,204.43,0
77.2,74.37,2,0,108362.83,109,257.9,2
11.43,26.7,0,5,97.23,88,374.24,0
3.36,37.67,0,3,3422.61,69,213.31,0
24.53,59.93,164,144,72381.98,141,250.15,1
44.25,52.87,134,169,6678.77,162,234.73,1
98.69,68.17,2,0,5756.23,83,378.65,2
2.62,23.71,0,3,899.19,100,284.41,0
9.34,22.64,0,2,888.38,75,172.58,0
42.19,58.34,129,159,444053.62,166,142.99,1
23.33,36.87,100,90,849844.66,124,263.62,1
24.85,43.17,1,1,558739.65,131,220.32,1
75.33,83.07,0,0,1445.07,105,297.07,2
9.06,41.79,0,0,2323.01,97,196.26,0
6.97,24.8,0,3,450.87,89,216.56,0
6.27,36.79,1,2,3703.15,79,262.67,0
82.73,62.36,1,2,7603.6,112,228.75,2
25.6,65.17,2,14,1180464.32,152,215.64,1
33.83,45.27,167,78,279786.82,130,205.34,1
67.67,75.95,2,0,27882.56,105,251.46,2
6.06,24.27,0,1,81.69,95,280.49,0
10.0,69.46,107,184,326921.5,129,205.83,1
67.4,60.81,99,120,300156.5,97,260.14,1
6.86,27.6,1,0,850.05,75,293.15,0
24.16,31.38,98,126,1118738.18,121,163.82,1
11.84,29.29,0,1,373.0,70,252.69,0
34.83,43.73,51,183,898268.89,117,169.85,1
0.33,26.22,0,1,1217.16,78,195.74,0
4.72,38.98,3,4,5285.49,82,209.04,0
64.72,68.15,0,1,109909.3,95,95.42,2
5.35,26.45,2,2,1304.87,80,227.16,0
21.29,64.71,116,136,712118.52,108,267.11,1
71.26,66.4,2,0,4968.68,84,244.68,2
26.78,52.47,8,16,179048.42,126,336.67,1
52.55,42.05,0,1,33218.44,72,247.11,0
43.06,64.0,114,220,2077705.28,126,281.04,1
35.31,54.88,99,127,275481.62,122,192.2,1
2.83,20.4,3,1,3520.91,117,239.61,0
8.1,33.11,0,2,4111.83,70,290.5,0
67.24,59.19,1,0,87651.26,100,286.55,2
67.22,86.23,0,1,122709.09,98,379.45,2
68.03,81.4,0,1,27431.83,98,158.03,2
27.24,40.97,89,113,1954242.18,148,276.95,1
50.45,62.39,140,206,546289.29,189,239.89,1
10.83,29.74,1,4,5886.21,93,247.61,0
6.21,33.42,2,2,517.11,83,269.55,0
30.14,37.65,71,62,119775.6,112,191.39,1
11.64,43.69,1,3,4989.65,92,258.84,0
3.42,40.09,0,1,8096.14,54,271.43,0
28.82,36.41,66,132,697632.82,111,301.79,1
74.55,77.71,1,0,97244.11,100,239.04,2
0.0,26.88,2,0,3900.22,69,231.79,0
9.08,37.18,0,2,1408.88,57,260.84,0
5.27,31.64,2,3,4760.65,59,382.49,0
13.8,19.17,4,1,993.82,77,202.07,0
90.52,83.86,2,2,65522.4,122,153.51,2
15.12,53.12,201,166,205993.71,120,258.55,1
45.24,64.76,1,4,176922.44,85,155.15,0
3.62,29.49,1,1,3980.2,65,365.23,0
81.77,81.32,2,0,9405.58,155,341.76,2
6.71,35.71,0,2,961.27,80,234.24,0
14.25,43.88,0,1,495.66,72,171.33,0
28.86,53.26,67,65,629162.65,123,180.46,1
1.82,40.04,0,1,1283.76,94,355.25,0
67.13,73.88,2,1,365409.92,84,320.69,2
10.31,63.59,5,15,21319.24,87,195.55,1
3.08,26.28,2,2,3329.22,70,216.08,0
42.62,48.11,107,202,119303.63,109,365.17,1
8.46,33.51,1,2,1145.9,78,293.31,0
42.65,48.74,6,13,10714.31,70,265.73,1
30.06,30.04,202,134,192732.36,169,367.63,1
25.56,37.47,1,1,12814.34,99,217.85,0
6.52,32.71,1,2,837.82,70,302.94,0
10.76,34.69,1,3,1859.37,67,256.64,0
10.0,54.89,105,159,359348.68,132,116.37,1
4.18,28.27,0,3,1214.97,75,154.49,0
19.46,54.77,108,208,35381.32,113,151.65,1
79.61,84.65,2,1,102290.71,86,199.42,2
33.08,67.8,101,172,1176449.44,125,216.56,1
9.42,40.71,1,5,969.29,60,286.4,0
7.83,22.05,0,1,243.24,118,190.58,0
33.25,45.71,61,119,593991.41,70,285.25,1
13.92,69.02,168,131,376373.03,118,162.48,1
74.56,76.32,1,0,62168.71,97,107.64,2
1.02,37.1,1,3,215.9,87,290.95,0
34.1,57.68,64,160,1463095.46,85,143.03,1
5.48,41.17,6,15,232058.92,149,377.48,1
9.63,14.51,3,2,3461.84,82,195.26,0
16.41,35.86,2,2,255.62,85,192.51,0
23.62,64.79,105,112,1505203.55,101,50.0,1
69.19,76.83,0,0,140586.12,105,55.0,2
27.68,60.48,81,20,17609.28,118,122.31,1
7.12,35.61,2,0,1917.35,110,145.03,0
0.0,37.09,1,5,115.84,102,265.44,0
53.17,49.52,131,173,610980.66,119,340.51,1
40.82,56.19,81,192,1157885.11,130,76.49,1
69.99,98.0,0,2,111450.27,117,231.89,2
8.52,11.16,0,0,1607.42,78,219.71,0
58.85,64.27,56,200,784506.13,138,171.47,1
12.98,60.72,4,21,466990.19,90,240.79,1
33.62,67.94,162,141,1035999.4,111,224.0,1
32.94,59.77,6,12,177561.33,134,210.11,1
42.31,67.68,6,8,142872.21,107,140.98,1
13.38,53.34,205,190,123386.41,123,152.75,1
37.83,50.58,89,127,875905.2,124,265.53,1
8.54,42.38,1,1,1563.85,100,246.15,0
79.63,67.83,1,2,41967.01,100,264.94,2
20.62,55.37,145,192,950041.52,129,227.43,1
33.38,45.81,30,112,75706.33,87,373.84,1
52.65,38.9,168,129,86857.11,90,201.38,1
46.37,44.82,104,146,168176.92,113,350.52,1
2.76,27.21,0,3,2365.93,89,276.9,0
38.67,55.74,3,7,384094.54,98,159.1,1
14.92,26.91,1,2,1201.71,87,336.9,0
73.2,69.86,1,0,72403.87,107,173.32,2
8.59,30.24,0,2,1156.25,103,235.85,0
75.65,80.33,0,1,306929.41,72,209.6,2
84.26,65.65,1,3,40862.52,142,216.06,2
18.79,60.62,6,8,22066.66,122,231.93,1
5.96,29.62,2,2,421.71,85,270.65,0
91.88,80.1,2,1,208143.35,76,170.79,2
23.2,68.79,178,147,346732.29,133,244.67,1
38.96,70.87,103,194,278003.15,120,269.47,1
0.0,37.55,2,0,4838.5,96,364.0,0
82.06,75.7,1,0,265919.15,105,156.48,2
8.6,44.82,0,2,76.52,69,185.51,0
5.38,21.7,0,2,2989.66,85,329.59,0
38.05,70.83,141,232,258309.69,95,155.37,1
6.21,16.12,1,2,4137.46,69,129.69,0
42.79,60.23,2,5,154556.28,108,263.37,0
10.0,53.23,30,228,169651.15,96,149.3,1
29.53,46.77,6,23,856050.93,128,270.78,1
23.54,36.49,134,162,13394.19,94,317.09,1
44.07,38.76,95,147,331017.27,130,273.64,1
7.2,27.47,2,2,3475.02,50,291.38,0
38.04,70.64,188,145,151996.27,114,247.62,1
12.44,22.74,0,2,592.11,84,225.64,0
53.08,54.45,169,121,704373.2,102,69.71,1
51.62,52.12,76,207,269290.2,139,264.08,1
48.0,36.54,125,90,109372.56,104,296.56,1
12.61,61.27,11,17,294933.37,145,146.51,1
89.3,76.09,0,2,132344.12,105,262.66,2
43.79,40.1,56,155,25477.42,130,176.82,1
10.48,46.17,1,10,56359.84,115,217.05,1
6.82,38.05,2,2,6207.12,103,254.34,0
42.84,37.13,190,221,723891.62,140,364.89,1
7.68,26.15,0,1,5982.21,78,310.38,0
37.24,66.8,109,152,318255.78,140,151.95,1
1.26,22.83,3,1,2042.01,81,175.44,0
51.79,67.31,124,153,497770.97,161,332.67,1
31.44,35.15,103,223,993085.81,106,354.63,1
41.49,54.36,140,172,498547.67,129,266.79,1
52.4,61.16,73,194,278894.94,136,165.19,1
1.93,31.62,1,3,493.88,91,188.22,0
29.73,49.41,41,122,108149.33,111,506.46,1
36.76,61.8,177,127,549211.11,140,363.41,1
77.37,76.07,0,1,404503.54,103,349.08,2
68.73,70.03,1,2,18091.29,77,176.8,2
3.3,27.91,1,3,1589.71,105,221.39,0
4.99,19.83,0,2,2905.65,73,175.9,0
26.48,69.39,168,91,388385.02,132,250.12,1
23.13,60.62,5,26,194834.92,158,223.25,1
34.98,81.94,4,1,324083.26,99,249.98,1
35.08,44.79,1,2,25366.24,122,305.2,0
75.28,61.36,0,1,48222.18,117,322.87,2
84.26,60.43,3,1,26913.94,94,322.24,2
24.23,52.66,213,121,232306.78,92,111.48,1
22.57,55.22,2,5,125351.75,95,209.07,0
28.46,54.25,56,166,22325.36,111,162.36,1
2.67,26.47,1,1,3213.47,70,208.26,0
26.31,59.32,153,163,887984.42,146,343.22,1
21.57,58.58,7,24,206245.05,126,254.19,1
16.62,51.34,5,35,874598.36,100,246.48,1
10.0,45.31,33,279,652510.88,138,112.07,1
40.99,34.16,125,75,1077312.62,119,82.21,1
53.94,85.75,2,0,318123.14,94,282.43,2
3.43,31.09,3,1,6005.24,70,292.78,0
8.86,23.55,2,1,370.99,62,152.05,0
4.75,29.1,1,2,7977.54,83,230.31,0
40.9,41.29,0,5,16713.2,105,364.91,0
10.0,17.02,3,2,4977.94,85,226.77,0
25.22,50.43,105,59,1227082.43,131,268.56,1
10.71,33.76,0,2,728.48,63,307.46,0
7.59,43.97,5,17,351652.2,125,110.7,1
33.74,81.51,67,193,1315894.48,143,200.18,1
55.83,53.63,144,151,450795.33,120,461.05,1
30.25,64.86,136,171,675192.49,155,312.6,1
57.23,59.0,101,99,150847.98,138,203.67,1
30.53,43.72,151,74,949669.73,112,335.54,1
28.8,59.6,1,1,269927.33,101,190.75,0
9.02,29.56,1,5,3367.74,77,136.05,0
64.57,69.98,2,2,132764.44,102,167.56,2
6.07,31.26,1,5,1040.48,82,198.2,0
58.82,60.26,1,1,68024.3,103,323.67,0
44.9,66.75,121,100,53682.43,119,223.65,1
45.02,60.32,143,155,78546.25,112,214.3,1
77.79,83.03,0,0,140514.84,88,323.54,2
15.9,53.13,2,24,386708.23,109,208.16,1
48.67,68.15,191,157,861289.95,106,191.36,1
37.5,32.21,52,207,697093.78,135,138.25,1
34.69,72.3,159,141,203197.98,106,395.7,1
8.66,20.3,4,2,452.15,59,186.44,0
43.13,58.86,82,153,661638.43,117,266.22,1
39.78,51.91,139,196,519164.9,95,316.76,1
68.38,80.19,1,0,207805.42,83,413.03,2
88.9,72.02,3,1,12113.72,100,314.25,2
6.43,41.4,0,1,859.38,95,90.18,0
11.69,19.1,1,1,131.61,45,238.42,0
35.39,66.12,166,139,731577.74,116,271.69,1
8.94,24.46,1,3,1198.66,72,270.15,0
28.61,31.06,0,0,69991.84,80,61.16,1
74.72,90.18,1,0,41574.66,90,146.57,2
9.59,50.52,2,1,224.07,86,380.34,0
37.35,55.75,166,168,378553.4,125,183.84,1
10.07,43.47,0,1,1852.91,62,326.49,0
41.78,53.9,91,111,730406.26,76,449.84,1
52.93,53.88,106,171,18943.95,106,311.54,1
38.61,35.31,149,233,313870.63,83,281.84,1
10.0,70.79,108,55,1208663.28,150,270.37,1
11.45,35.08,0,0,311.51,62,286.39,0
70.52,61.68,0,0,237108.03,121,169.77,2
19.16,84.55,181,173,1037111.54,120,242.18,1
25.82,64.54,81,193,323503.65,138,277.94,1
55.78,62.11,1,0,24345.89,115,270.77,2
64.25,61.33,0,1,28221.56,82,319.4,2
8.37,23.7,1,2,334.99,80,298.78,0
3.44,17.68,0,4,5310.78,91,304.04,0
25.6,57.84,124,85,5000.0,144,318.76,1
0.0,28.12,0,0,1611.13,68,128.55,0
40.12,62.09,7,12,234484.58,102,90.7,1
24.28,47.02,94,137,40874.62,126,200.66,1
10.0,56.64,165,126,117550.72,121,245.49,1
3.42,23.8,0,5,3304.35,94,282.03,0
43.87,81.97,76,121,61637.49,116,279.57,1
42.78,63.12,46,105,984217.45,147,159.18,1
70.77,83.94,0,2,170721.82,77,298.93,2
4.74,34.05,3,2,530.97,73,303.42,0
30.65,64.65,84,71,257791.05,136,270.69,1
65.1,77.22,2,2,67253.3,85,201.8,2
44.87,44.83,117,231,40437.21,119,235.02,1
6.87,27.47,0,0,896.45,98,250.38,0
88.98,78.25,0,2,87649.21,101,314.86,2
44.15,63.29,118,157,392953.14,106,294.08,1
19.76,55.11,12,17,1236663.76,144,149.9,1
10.63,29.58,5,1,21.86,101,439.24,0
0.0,34.6,1,2,708.87,70,187.81,0
57.72,64.77,126,211,70997.51,98,250.83,1
11.69,41.71,2,2,2627.92,95,163.16,0
72.35,97.71,2,4,20155.14,91,160.11,2
7.49,31.21,0,2,1633.19,82,345.55,0
63.69,57.86,0,1,83457.79,78,211.28,2
8.24,36.79,1,5,165.79,83,188.24,0
8.3,26.42,0,0,3704.83,79,334.81,0
1.92,43.88,1,2,277.71,64,247.88,0
10.43,29.51,0,6,1476.21,84,405.8,0
58.21,83.73,115,162,994228.13,110,334.17,1
22.99,58.59,135,143,113339.38,129,197.67,1
88.28,69.77,0,1,16990.91,111,285.96,2
83.5,78.11,2,1,214307.55,113,180.23,2
22.35,39.52,137,198,29717.37,80,174.35,1
34.56,62.71,105,161,205146.81,134,173.97,1
14.91,45.53,80,117,1417349.91,125,245.34,1
95.64,72.33,0,0,175888.07,98,235.53,2
7.07,25.71,2,2,1668.78,82,354.81,0
70.09,83.49,2,2,42087.58,98,257.14,2
38.15,60.51,161,110,214382.48,107,246.6,1
3.44,31.1,4,2,6630.17,80,327.44,0
30.43,54.89,120,30,272842.01,102,181.54,1
73.35,58.02,0,1,115608.85,87,234.96,2
92.64,77.15,1,2,35677.64,114,149.77,2
12.07,37.94,2,2,1145.42,93,266.73,0
9.45,34.68,0,1,1921.37,48,245.35,0
5.0,60.67,8,13,207675.41,116,311.47,1
21.33,52.09,195,135,42156.32,150,172.96,1
90.45,75.81,1,2,56034.42,84,173.65,2
28.47,59.91,104,148,74386.14,151,295.19,1
1.89,44.57,2,0,10088.15,75,303.41,0
48.87,67.93,129,52,275289.25,110,254.52,1
75.36,77.05,0,0,98723.46,110,318.33,2
23.89,67.67,1,15,295481.54,104,317.07,1
30.89,59.18,169,139,191367.62,71,149.13,1
28.73,54.89,84,120,291990.15,82,378.45,1
5.18,28.02,1,1,3494.16,73,173.34,0
67.12,78.16,131,176,1249146.96,119,214.99,1
49.27,61.62,85,128,506037.24,126,212.53,1
39.06,55.02,82,187,51650.2,134,274.58,1
5.61,34.54,0,1,1237.43,80,172.67,0
13.67,35.82,0,2,2023.2,80,262.94,0
25.99,53.56,121,151,723288.97,128,352.19,1
89.26,78.29,1,0,122255.43,85,239.87,2
34.58,70.09,152,254,2410997.09,148,309.62,1
73.95,59.98,2,2,3187.49,103,155.38,2
0.41,43.55,0,3,801.6,119,168.4,0
74.23,92.67,2,0,34538.47,80,207.04,2
24.48,54.33,4,28,31283.46,126,107.25,1
29.93,55.31,5,3,868214.23,135,371.77,1
30.9,32.64,102,152,230540.69,117,316.85,1
10.0,42.7,133,257,381423.05,97,336.15,1
34.38,45.07,115,119,27284.91,145,219.03,1
18.3,45.69,4,20,106265.42,98,439.35,1
61.83,65.2,113,206,174404.86,113,339.42,1
50.74,60.89,150,213,813309.89,102,50.0,1
10.0,51.6,153,131,342734.37,134,189.65,1
22.11,36.69,148,132,123772.61,121,186.16,1
28.37,52.65,86,230,170051.45,119,223.29,1
81.14,63.7,3,0,48042.61,90,236.33,2
37.7,59.02,57,209,584831.84,131,168.24,1
31.71,63.95,114,143,287598.41,154,234.19,1
36.0,38.07,2,4,36922.95,70,341.04,0
75.27,88.99,1,1,75416.86,100,312.64,2
41.8,55.27,1,2,69282.82,96,399.29,0
4.03,30.02,0,2,1434.78,93,193.75,0
8.19,32.8,1,2,698.82,79,293.12,0
0.0,33.41,1,2,2421.38,107,184.47,0
23.51,41.89,153,119,1114405.42,142,303.97,1
36.63,72.88,118,204,338255.97,131,227.6,1
4.61,31.24,0,1,4741.95,71,373.05,0
57.66,83.24,1,0,38976.59,119,272.36,2
36.49,65.26,139,64,61723.61,143,170.49,1
9.12,28.9,2,3,1472.81,82,50.0,0
9.9,42.92,1,1,517.98,99,233.85,0
1.87,28.5,1,4,298.15,96,238.15,0
3.86,32.44,2,3,1560.04,77,223.37,0
40.42,72.54,138,191,230449.53,124,218.36,1
10.0,40.77,212,167,163733.92,101,347.25,1
1.96,36.41,0,1,68.22,83,179.97,0
5.15,46.85,0,2,3611.81,110,377.13,0
7.91,18.24,0,4,2992.68,84,110.9,0
81.2,68.84,2,0,12259.42,113,381.62,2
55.98,57.88,87,149,777675.23,107,197.8,1
57.45,49.72,2,2,10269.09,66,176.88,0
71.52,75.7,0,2,115772.99,122,184.89,2
7.39,25.0,5,4,543939.73,132,229.59,1
25.86,56.35,84,97,865697.84,110,240.67,1
48.07,64.59,106,192,55197.83,119,222.2,1
12.82,34.54,9,5,543508.93,112,338.83,1
4.46,32.6,0,5,1168.08,53,528.13,0
31.78,53.56,79,110,177071.32,126,312.01,1
10.11,31.67,0,1,970.66,102,308.12,0
24.34,43.76,125,169,1089109.97,154,181.72,1
87.44,88.36,0,2,113982.13,110,251.45,2
34.25,58.99,121,194,881189.37,97,404.58,1
0.0,28.77,2,2,400.89,108,306.04,0
79.96,71.12,2,2,732.24,89,293.59,2
83.98,88.07,1,0,193040.98,108,251.42,2
45.82,53.11,102,251,209383.46,78,271.12,1
40.94,43.36,0,2,99218.26,95,215.28,0
4.55,28.72,0,2,1427.37,87,62.18,0
12.84,24.82,0,3,3903.49,80,326.21,0
4.66,44.33,2,2,370.57,104,319.66,0
64.34,80.33,2,0,290990.84,86,288.41,2
7.12,19.83,1,5,3082.18,80,224.98,0
3.9,20.33,0,3,2117.57,82,212.88,0
8.22,30.35,2,2,1353.63,104,271.31,0
10.51,35.86,0,0,539.01,88,190.75,0
6.43,16.95,0,2,1331.55,92,376.97,0
96.04,62.08,1,4,25981.89,90,280.59,2
10.98,24.29,0,1,417.62,100,197.76,0
89.92,73.81,1,1,145331.3,97,160.25,2
35.4,37.83,133,123,240571.21,124,194.29,1
67.8,74.71,2,1,59189.65,116,262.97,2
0.93,27.3,0,2,6632.05,93,257.07,0
64.97,93.67,2,1,52380.33,96,402.21,2
10.18,25.88,2,4,1388.9,82,366.73,0
26.7,55.32,68,181,637621.94,143,179.31,1
32.09,38.91,128,194,109941.13,115,349.47,1
9.31,23.75,0,1,298.08,93,270.18,0
4.23,28.24,1,2,653.9,80,186.98,0
5.73,35.06,2,0,202.06,83,165.07,0
44.42,58.4,68,222,666009.58,92,289.17,1
15.18,69.63,30,55,1662511.48,141,202.97,1
7.48,11.23,0,1,331.43,84,406.26,0
54.87,58.52,98,135,430926.78,125,389.2,1
79.11,63.23,3,1,205646.49,76,274.71,2
29.88,52.16,0,2,186088.81,81,295.54,0
47.52,61.7,117,152,929259.68,89,409.48,1
36.65,55.78,143,162,106441.67,106,287.74,1
12.79,25.01,0,1,101.3,106,188.55,0
3.32,26.1,2,0,2694.44,100,294.24,0
3.83,42.91,1,0,1637.67,77,336.62,0
43.49,47.93,6,25,86056.12,115,288.04,1
7.54,45.79,1,2,239.54,69,135.79,0
4.21,46.6,3,2,3797.84,52,178.63,0
34.87,68.01,116,150,524803.96,104,365.6,1
40.79,90.0,102,165,189804.2,96,276.58,1
45.9,41.62,2,2,14235.64,59,248.5,0
22.23,56.81,5,8,397630.35,105,232.83,1
49.68,56.3,1,4,128585.62,58,159.13,0
0.5,25.03,4,3,1458.01,64,210.21,0
84.59,85.71,0,0,86862.0,84,266.41,2
10.0,59.98,163,122,235314.45,93,284.86,1
25.48,59.73,94,143,549339.44,129,259.31,1
61.27,30.0,3,3,1302.93,68,241.07,0
11.2,34.78,0,5,1780.78,111,178.78,0
43.78,43.25,1,3,30694.26,92,205.45,0
0.0,24.18,5,5,4167.82,71,330.11,0
6.12,33.18,0,3,269.14,72,252.39,0
71.72,78.18,0,1,7837.94,114,268.64,2
10.0,72.96,138,75,107931.97,125,356.05,1
32.98,39.63,126,162,485797.55,129,246.24,1
45.27,70.98,1,1,68325.97,70,310.79,0
46.89,63.53,146,163,416248.48,153,155.98,1
78.56,84.37,0,0,24177.98,113,300.16,2
17.43,21.76,0,1,868.72,83,273.88,0
1.47,27.57,3,1,769.23,81,352.6,0
21.61,65.83,72,98,14573.09,126,156.57,1
76.17,85.98,1,2,90.01,115,271.88,2
20.12,65.13,4,17,480086.57,147,248.42,1
79.75,90.35,1,3,15658.29,121,251.98,2
6.9,13.05,0,2,1266.04,84,184.09,0
22.23,49.85,5,8,102131.47,142,279.57,1
68.83,73.38,2,1,174367.7,112,203.07,2
14.91,39.27,99,171,207052.56,100,136.08,1
7.16,36.95,0,2,2659.66,87,255.88,0
27.17,67.61,131,163,654296.97,108,399.79,1
25.89,38.57,188,98,771565.15,121,105.25,1
7.64,27.98,1,2,5291.49,82,208.1,0
5.62,30.83,0,1,929.31,79,214.39,0
0.19,26.43,2,2,2259.28,71,345.55,0
10.42,31.78,3,2,3835.16,75,293.89,0
36.61,45.56,170,62,157674.87,105,224.07,1
1.12,39.29,0,2,4964.1,77,135.45,0
61.97,80.1,2,2,66313.65,110,367.81,2
11.69,33.06,0,1,2679.26,69,112.23,0
73.6,69.34,1,0,63346.37,107,258.77,2
35.88,45.56,118,149,761620.35,97,332.33,1
3.17,24.98,0,2,35.4,92,213.11,0
77.79,73.31,0,1,59908.35,105,155.06,2
30.9,29.67,121,144,201866.7,171,161.85,1
27.25,58.11,163,74,104026.64,104,252.95,1
3.85,43.16,1,2,1231.26,70,309.15,0
6.73,21.81,0,3,3398.1,63,148.86,0
37.49,50.4,1,2,41555.27,92,225.66,0
8.99,36.94,1,3,1124.61,75,210.67,0
90.54,71.31,1,1,108276.91,88,285.76,2
57.52,74.3,0,0,83436.6,108,273.61,2
58.5,55.39,177,175,211414.18,70,210.61,1
7.31,32.51,2,3,154.88,103,102.69,0
30.24,45.21,64,118,118199.55,132,229.3,1
59.74,55.46,1,0,95007.5,99,298.13,0
10.27,29.25,0,5,4707.48,57,225.53,0
6.52,31.78,0,1,440.24,64,233.38,0
60.77,73.06,1,1,81745.37,103,166.04,2
21.87,69.11,164,149,326379.42,122,145.27,1
6.28,25.34,1,2,1128.96,83,148.85,0
10.21,36.07,1,3,493.49,98,192.48,0
92.22,98.0,1,2,1433.88,113,225.26,2
51.32,61.55,168,121,2576308.46,174,206.39,1
33.37,66.25,168,169,682027.47,105,303.2,1
7.03,29.03,1,6,1038.32,102,327.88,0
20.26,48.88,179,196,486338.24,120,479.88,1
59.07,63.12,1,3,203028.68,100,281.98,2
37.77,54.72,145,174,574055.1,143,186.32,1
52.59,58.8,1,1,30241.98,53,260.13,0
79.52,77.25,0,5,254515.92,107,226.54,2
26.32,63.94,9,4,221089.95,152,131.74,1
63.93,53.97,92,137,316658.16,144,250.24,1
1.63,33.28,0,1,1304.05,86,304.47,0
69.83,71.86,2,0,122269.8,99,304.36,2
1.7,24.94,1,3,4270.2,85,181.81,0
66.68,57.1,67,263,386219.97,148,226.17,1
47.74,55.11,126,125,517517.49,132,164.26,1
85.96,69.41,3,1,20761.2,74,283.91,2
54.49,61.08,142,163,789874.89,109,252.34,1
73.81,74.57,0,1,47086.47,119,272.78,2
71.61,77.65,3,0,60984.44,75,388.18,2
8.26,33.33,0,3,692.37,94,300.0,0
23.98,49.9,38,154,1094131.74,95,271.57,1
4.33,40.13,1,1,8170.51,102,165.73,0
86.33,71.75,1,0,64078.42,101,356.19,2
9.3,25.26,2,0,661.45,84,269.97,0
29.02,66.52,183,113,1008885.51,105,181.65,1
24.07,53.18,124,105,615149.53,70,333.46,1
75.45,82.32,0,1,41480.64,96,362.8,2
25.69,43.34,170,146,100401.87,94,98.28,1
82.73,55.0,2,1,85713.48,98,87.87,2
16.21,55.59,34,87,261049.1,133,306.09,1
24.93,57.96,123,129,453187.38,132,310.91,1
87.6,82.1,0,0,9373.48,92,111.83,2
38.12,74.35,3,1,34068.94,91,174.89,0
0.0,45.8,3,5,762.06,77,235.97,0
78.45,77.98,2,0,177532.12,96,312.31,2
82.92,91.31,1,1,137020.7,96,147.0,2
26.93,60.65,92,150,14094.55,134,165.39,1
53.0,63.53,2,1,22500.91,93,307.98,0
20.83,51.63,7,10,289462.1,113,261.76,1
40.42,62.49,2,1,93545.1,88,324.84,0
70.38,69.16,2,0,103995.68,74,251.71,2
40.44,35.12,133,142,1055434.32,97,375.46,1
9.94,26.62,2,3,600.55,96,221.01,0
5.24,47.59,1,1,6350.59,86,234.23,0
10.0,35.87,206,95,563463.07,105,245.47,1
44.86,46.47,100,178,868421.42,136,262.03,1
53.03,36.23,109,315,72162.58,143,143.01,1
6.25,31.84,1,2,449.41,61,216.85,0
0.23,38.95,0,3,367.62,78,254.25,0
12.35,25.24,2,1,3846.29,65,195.31,0
5.28,40.78,0,2,3492.16,58,270.17,0
0.0,21.71,0,3,711.31,81,135.0,0
51.5,60.7,124,151,94101.79,123,265.5,1
1.09,30.97,0,1,1104.13,61,374.29,0
29.1,58.51,84,165,626168.49,120,249.49,1
24.21,69.33,174,106,54109.52,129,312.25,1
97.69,87.19,3,1,39796.97,119,151.39,2
9.69,29.95,0,3,1080.41,80,227.65,0
17.35,42.58,7,28,123672.68,129,245.52,1
12.75,37.68,10,0,315944.83,111,319.29,1
12.85,56.92,5,19,199713.49,109,266.76,1
17.1,57.77,139,241,723144.21,132,145.32,1
21.03,42.52,3,11,72219.5,126,224.03,1
16.54,31.95,0,1,1744.63,84,279.39,0
37.91,76.99,155,128,562038.5,132,236.47,1
6.05,55.0,1,2,244.96,68,287.0,0
8.96,34.27,0,3,1155.64,96,314.48,0
9.72,17.91,2,0,4069.73,40,212.83,0
12.3,33.73,2,0,765.66,79,211.52,0
3.38,32.59,3,3,54.01,92,252.31,0
43.41,55.97,96,181,411539.51,157,282.76,1
24.91,25.0,137,122,71275.68,122,253.4,1
73.43,79.55,1,1,29989.76,95,314.98,2
1.5,41.29,1,0,1032.01,86,367.89,0
5.0,25.0,9,19,261171.81,90,110.52,1
17.47,57.35,112,202,88751.72,157,232.82,1
49.17,56.5,1,1,76418.53,80,285.26,0
1.63,26.72,0,1,616.43,121,163.38,0
5.92,29.23,0,2,194.21,92,229.83,0
60.8,40.17,47,40,378154.89,162,392.68,1
68.93,55.76,105,151,271276.42,92,264.08,1
79.25,82.2,1,1,127496.0,95,256.88,2
28.39,49.07,112,159,33732.35,119,233.46,1
29.98,60.01,9,13,904780.68,121,313.93,1
19.11,59.94,154,111,252656.46,97,208.48,1
37.49,80.72,145,251,105736.42,104,330.93,1
53.49,67.26,3,0,368096.86,90,187.45,2
6.36,35.06,0,1,207.81,93,424.57,0
36.31,57.6,236,132,348490.92,75,368.71,1
34.8,63.44,130,127,1990279.54,132,191.61,1
9.18,34.54,2,1,570.8,77,178.91,0
73.44,79.4,0,0,57047.14,106,131.2,2
1.83,12.38,3,2,1088.33,61,174.09,0
39.56,48.62,182,128,622431.32,138,301.02,1
52.22,57.88,135,182,149212.86,102,293.7,1
9.55,38.97,2,1,261.56,68,196.65,0
24.66,77.81,80,179,811839.25,145,217.47,1
8.67,22.7,0,1,563.98,86,229.92,0
84.12,75.54,0,1,212121.35,72,300.05,2
40.31,49.79,63,163,465296.67,103,270.54,1
24.15,66.43,49,187,5000.0,133,285.82,1
64.13,55.83,81,152,64386.68,90,267.26,1
6.34,21.29,1,5,286.19,79,295.53,0
24.61,46.8,1,1,70028.89,122,297.96,0
84.83,85.87,0,0,228351.59,107,168.35,2
19.42,70.26,69,162,178063.92,127,228.3,1
28.4,59.47,143,135,152442.02,112,145.75,1
4.2,28.16,1,0,975.66,84,277.13,0
7.16,25.52,1,4,853.85,76,320.47,0
63.61,82.11,0,0,182994.22,97,299.86,2
10.17,20.07,2,4,2929.66,84,322.26,0
72.78,66.73,0,3,68894.81,76,286.03,2
44.74,54.64,167,193,157039.21,109,257.8,1
78.01,87.46,0,3,34204.32,94,189.53,2
7.37,41.0,1,3,5650.94,79,216.35,0
0.88,31.75,1,1,1791.69,98,141.26,0
80.17,85.21,1,3,74436.28,77,287.24,2
58.17,60.38,76,74,1006389.29,125,146.67,1
10.76,31.24,5,1,6125.99,75,187.68,0
91.14,98.0,1,1,29138.79,96,310.69,2
98.41,66.37,1,2,8060.94,94,265.12,2
47.24,58.38,103,98,116991.96,115,207.78,1
39.12,46.19,158,20,653240.09,135,337.99,1
13.48,39.15,1,11,41927.92,111,319.21,1
25.75,69.3,216,190,480806.52,81,211.58,1
67.86,68.14,0,0,99809.48,89,229.13,2
53.39,44.08,2,2,24109.2,118,279.94,0
55.2,45.32,1,3,81431.13,70,98.63,0
26.84,41.76,111,161,168229.02,157,240.42,1
6.85,24.82,4,4,2782.71,49,222.81,0
89.39,75.02,1,0,185433.59,102,187.02,2
16.66,57.87,88,163,118857.0,116,295.17,1
12.63,32.52,6,14,71355.98,117,196.86,1
15.52,67.04,12,13,211548.94,137,269.32,1
28.93,45.75,62,109,112635.14,111,257.93,1
85.5,80.41,0,0,99436.59,83,118.44,2
28.47,65.1,63,136,493009.65,117,255.08,1
1.74,24.71,0,5,2847.73,77,257.76,0
87.13,68.01,1,0,81729.84,80,250.98,2
20.32,48.07,87,115,46323.87,130,338.63,1
16.12,66.63,140,149,168710.37,147,185.75,1
4.36,37.93,0,1,1188.22,91,204.42,0
0.21,17.49,1,2,1488.04,66,352.44,0
4.77,24.1,1,0,3018.34,76,173.2,0
37.4,52.56,106,75,101791.12,94,308.51,1
35.02,43.67,95,217,532252.4,130,322.93,1
55.16,45.85,120,181,214733.08,121,267.02,1
45.87,71.99,5,14,1002310.89,105,236.47,1
85.18,81.14,1,0,29942.5,118,173.44,2
2.34,34.08,1,0,4190.09,56,320.17,0
97.21,75.7,1,2,27492.73,83,97.2,2
61.86,57.6,1,3,8378.56,93,347.15,0
17.6,45.11,114,200,775359.12,150,152.85,1
14.81,39.3,4,18,319084.62,117,83.32,1
48.24,50.29,0,2,17280.5,126,188.92,0
76.02,63.6,30,160,459373.52,143,374.56,1
13.7,37.15,1,2,2665.77,58,328.96,0
17.75,30.37,5,18,41469.3,124,313.8,1
26.39,46.31,116,171,5090.5,148,328.02,1
16.84,36.51,1,3,1558.7,74,198.47,0
7.32,10.0,0,4,3210.29,101,269.29,0
43.58,71.97,123,97,118505.33,119,296.13,1
31.81,58.82,6,39,146585.66,114,163.48,1
13.39,37.12,1,2,49.21,71,333.06,0
10.08,28.1,1,2,444.47,76,292.77,0
10.34,30.06,1,4,192.95,82,215.78,0
41.92,45.23,9,4,55945.16,144,274.9,1
44.59,41.78,1,1,126081.85,100,245.66,0
1.32,28.87,0,1,3818.0,52,263.49,0
27.64,37.36,100,62,2863470.12,82,240.29,1
44.68,72.34,96,236,7418.26,132,363.26,1
7.28,27.25,2,1,8283.05,94,173.87,0
39.54,55.95,171,165,1232370.73,101,225.68,1
7.84,10.17,0,1,1586.11,89,129.73,0
56.86,51.04,116,159,348640.67,99,219.47,1
0.79,28.12,0,3,1536.81,79,319.97,0
91.7,81.66,0,1,284357.84,99,286.18,2
42.25,34.48,6,3,831281.83,89,111.13,1
47.65,73.05,128,114,5000.0,141,202.8,1
12.96,25.03,1,1,5323.3,78,281.0,0
35.79,63.2,150,125,21677.05,106,262.11,1
11.92,40.25,0,1,2298.16,91,218.7,0
61.87,42.76,1,2,106570.28,94,250.83,0
0.22,38.61,0,4,1201.27,57,126.48,0
0.0,54.19,0,0,584.68,94,223.8,0
4.77,40.93,1,2,1252.85,95,313.95,0
67.36,82.36,1,1,161487.64,105,245.85,2
2.39,43.41,1,4,972.12,91,253.08,0
35.6,58.66,134,157,662572.73,139,298.83,1
21.67,50.53,179,158,2237971.1,105,410.79,1
0.0,34.15,0,2,4799.63,77,173.56,0
10.42,40.58,65,156,109655.29,98,256.31,1
15.65,66.46,98,214,52492.47,139,222.94,1
20.91,30.0,0,2,113656.02,93,320.12,0
12.09,30.42,0,6,1818.96,91,113.58,0
63.26,73.3,159,130,650437.81,149,220.41,1
5.38,27.86,2,2,1275.71,59,252.08,0
54.94,60.48,78,147,860769.05,78,192.12,1
21.03,72.11,57,93,1577973.24,105,241.49,1
51.74,35.84,9,15,135439.38,99,226.78,1
46.94,49.29,131,181,105039.18,105,346.57,1
10.0,53.46,144,179,242544.32,118,267.79,1
63.57,65.89,1,5,1635.5,103,338.49,2
9.68,28.08,1,3,7152.24,60,220.2,0
6.41,30.73,4,2,18.71,108,309.38,0
85.18,98.0,0,2,1989.31,83,406.91,2
0.0,21.5,1,2,4258.36,76,266.23,0
0.0,30.31,1,3,3954.85,54,144.5,0
6.71,35.29,0,0,111.16,88,187.81,0
4.39,29.84,1,4,4925.97,85,297.35,0
20.16,40.16,5,29,101606.69,92,140.16,1
62.46,39.73,154,191,529387.61,127,143.59,1
71.94,66.61,3,3,52086.99,104,138.23,2
19.98,58.98,119,224,31143.5,122,246.41,1
58.75,62.2,123,151,5000.0,114,284.81,1
66.96,62.44,110,167,196362.78,123,101.64,1
77.56,71.36,1,3,68020.16,100,309.99,2
48.68,45.01,91,187,102700.51,70,338.86,1
67.63,61.57,0,0,40841.69,111,291.63,2
31.15,49.84,8,8,293526.0,149,161.13,1
9.09,24.06,1,4,2017.19,95,324.52,0
36.81,40.73,97,118,79335.98,130,277.76,1
84.23,89.12,2,0,20335.86,117,188.6,2
26.31,57.28,2,0,900830.03,84,175.19,1
4.97,32.69,3,0,301.02,74,293.75,0
24.29,49.67,6,32,541207.81,132,247.25,1
61.47,89.55,1,0,16859.02,104,228.82,2
71.24,55.12,1,1,102132.96,96,317.98,2
7.79,33.76,1,2,9722.35,78,171.4,0
87.48,86.13,1,0,10193.76,92,217.04,2
6.72,22.24,2,0,1352.74,92,376.54,0
38.32,60.05,84,131,409594.97,123,253.29,1
35.03,54.95,122,122,726083.1,154,140.73,1
60.9,70.2,1,0,362763.7,102,235.58,2
21.68,51.0,109,128,536849.68,107,140.52,1
2.14,35.74,2,4,3694.99,130,346.41,0
8.58,41.67,1,0,1990.04,88,105.59,0
41.25,32.44,94,220,556579.63,86,225.12,1
43.34,43.36,228,117,675835.22,132,218.77,1
55.0,36.27,107,176,1204365.8,101,317.72,1
2.98,17.04,1,3,4208.67,71,334.87,0
19.34,58.38,10,29,182370.57,101,258.86,1
2.17,14.17,1,1,130.59,80,293.04,0
3.8,15.92,3,3,337.06,87,297.91,0
68.43,75.43,2,1,55666.03,95,326.41,2
7.94,42.98,1,3,2684.64,83,212.85,0
82.8,74.35,2,0,418440.55,95,167.72,2
61.56,61.44,0,2,30685.02,83,271.49,2
36.18,54.6,10,24,682884.18,139,196.18,1
43.13,76.27,41,117,1197517.68,138,141.03,1
10.0,33.72,137,149,2346308.62,96,248.48,1
26.09,47.31,35,112,859097.63,155,154.54,1
8.22,34.99,0,2,877.92,71,210.88,0
43.14,49.46,180,192,28949.46,156,343.64,1
80.52,75.24,1,0,171395.52,72,278.67,2
36.89,41.74,99,121,797867.02,108,236.6,1
19.02,43.66,142,180,105745.92,97,416.48,1
19.76,64.45,158,123,561885.04,148,270.58,1
29.26,48.44,0,2,173681.11,95,465.84,0
46.5,59.03,103,125,80290.53,156,265.8,1
23.62,54.93,110,131,151068.13,125,235.27,1
10.0,83.29,95,257,667285.92,114,320.48,1
7.7,38.94,1,5,2107.16,66,261.46,0
90.48,58.56,1,1,38359.76,90,229.88,2
100.0,65.13,0,1,12749.22,89,200.49,2
6.18,18.78,1,3,3980.89,74,128.62,0
31.52,35.55,1,0,45966.05,128,123.94,0
8.35,47.07,1,3,3282.18,71,255.25,0
79.59,71.63,0,2,558078.61,99,203.85,2
32.19,70.3,102,180,757125.09,157,98.54,1
3.23,17.99,2,1,1802.82,73,268.9,0
4.44,30.49,0,3,559.9,77,373.05,0
3.36,36.77,1,2,2580.92,76,171.31,0
29.86,64.78,78,312,1047193.96,120,371.33,1
76.2,73.45,1,2,109415.18,112,215.5,2
72.65,70.7,3,0,113919.39,85,369.33,2
31.99,59.11,161,211,375330.08,131,210.07,1
0.87,29.1,1,2,49.94,95,141.4,0
54.55,81.34,1,0,23755.28,127,198.11,2
7.53,30.03,1,1,298.75,72,119.89,0
4.72,35.77,4,4,3190.22,49,274.31,0
4.61,19.05,0,0,150.67,75,128.75,0
34.39,71.62,178,73,26924.09,147,313.49,1
13.61,23.47,2,3,1971.06,60,170.64,0
81.55,76.1,2,1,109490.11,65,283.29,2
87.49,65.99,3,0,337543.85,70,239.36,2
1.71,23.33,0,1,29.62,78,196.45,0
63.13,66.66,3,2,181997.5,74,325.49,2
31.47,55.74,100,167,800971.13,106,242.94,1
7.52,46.96,0,1,2819.93,59,269.09,0
28.0,32.38,101,140,610708.7,125,243.07,1
48.58,57.35,106,135,992304.83,85,303.93,1
18.31,59.75,50,128,589107.65,145,181.35,1
9.48,31.46,0,4,337.75,63,255.77,0
4.29,43.69,2,1,1830.25,76,257.26,0
5.99,62.0,9,11,37971.56,104,281.38,1
20.45,61.91,122,219,206972.44,103,391.84,1
36.05,30.0,3,3,18798.64,80,256.86,0
49.08,70.81,94,134,44188.97,110,250.77,1
85.13,78.87,0,1,83066.24,104,289.56,2
3.22,27.88,0,1,3199.96,66,323.83,0
39.86,49.79,173,210,120476.23,123,280.53,1
14.01,28.44,0,2,821.16,79,224.45,0
8.71,26.39,1,1,1256.98,116,169.73,0
46.82,67.46,109,158,426537.7,95,242.37,1
2.92,38.52,0,2,1331.88,74,269.22,0
40.33,57.61,2,2,3168.5,91,243.73,0
6.93,27.01,0,3,2748.21,88,284.46,0
67.61,75.96,2,0,73283.71,101,266.33,2
54.37,84.89,0,2,281334.99,81,405.69,2
44.89,50.95,1,2,56232.6,73,224.3,0
41.21,30.95,0,4,42681.72,76,284.46,0
81.02,75.1,1,0,405938.02,82,334.75,2
7.32,31.46,0,1,656.78,96,232.83,0
38.32,50.66,105,171,1303168.81,141,322.86,1
86.94,61.83,1,0,243837.45,120,124.96,2
48.77,43.9,0,2,103089.93,87,341.3,0
1.45,32.71,1,4,415.15,71,355.5,0
92.93,66.02,0,0,50527.74,109,359.34,2
57.99,53.71,111,95,828841.73,200,344.89,1
1.9,36.94,2,1,3174.91,72,146.73,0
54.34,77.76,167,95,953127.23,117,220.37,1
30.01,55.67,31,135,405202.42,109,221.44,1
47.0,60.29,94,111,42994.16,102,202.15,1
7.99,39.92,1,1,557.25,84,186.51,0
9.14,28.24,1,3,4106.38,99,247.54,0
82.63,68.79,0,0,140539.5,110,111.58,2
31.68,63.73,93,180,922374.71,120,463.66,1
2.55,24.72,1,3,1693.46,76,284.23,0
16.16,51.19,117,280,123231.04,109,162.49,1
4.4,35.15,1,2,1026.93,89,196.21,0
1.28,39.72,1,3,1631.44,96,159.19,0
2.73,25.63,1,1,2660.38,64,351.73,0
36.02,37.84,5,11,758123.89,104,256.2,1
3.27,16.34,2,1,1781.14,100,395.21,0
43.57,54.26,166,188,1594259.73,124,285.44,1
10.0,73.5,87,112,88625.92,134,192.21,1
9.0,24.3,4,2,129.01,91,231.28,0
1.6,39.63,2,4,1960.19,65,407.87,0
7.05,61.01,6,8,54720.95,136,338.2,1
17.24,47.85,2,3,782.54,79,273.36,0
66.31,81.13,1,0,433.64,99,148.8,2
12.55,53.72,172,123,92327.32,152,351.97,1
2.24,36.04,2,2,1761.04,130,388.66,0
87.92,71.68,1,2,121603.64,86,283.4,2
65.41,71.15,5,0,206967.21,126,181.65,2
13.37,61.27,3,24,34919.57,112,336.97,1
83.01,70.81,1,3,139706.51,75,301.53,2
7.33,38.52,1,3,1351.62,102,275.46,0
62.53,68.4,2,1,140995.7,100,301.51,2
6.23,23.87,3,1,1606.29,80,204.49,0
37.83,47.65,1,2,140226.15,102,189.25,0
9.38,39.08,2,2,1051.5,61,183.22,0
42.93,39.99,169,245,232404.91,131,102.85,1
10.0,34.47,114,179,198634.95,143,198.48,1
2.23,39.77,0,2,1977.77,78,201.43,0
31.01,55.75,5,6,134957.89,101,191.73,1
38.1,59.27,9,34,90958.06,155,342.18,1
39.29,39.39,101,125,72102.08,151,310.27,1
10.0,42.07,86,165,966409.98,98,311.15,1
10.0,55.67,146,132,734787.22,99,300.11,1
29.91,40.72,9,26,13522.14,70,392.11,1
74.93,97.22,1,0,18272.63,102,186.59,2
3.49,29.33,1,3,632.87,60,254.35,0
4.88,30.59,1,4,1355.12,50,349.02,0
35.94,80.75,73,169,797433.34,145,364.77,1
88.62,79.14,3,0,156298.46,117,318.64,2
42.74,80.0,119,118,327978.82,127,257.98,1
81.36,76.01,3,2,78755.65,118,305.43,2
53.87,50.32,160,206,144467.54,124,194.12,1
73.79,66.92,1,2,57230.4,92,216.61,2
19.82,43.55,110,146,2234968.66,145,261.17,1
38.96,56.4,196,123,952512.15,129,192.97,1
10.0,43.81,92,187,494714.27,127,244.04,1
45.46,51.08,97,190,583940.64,125,309.17,1
37.9,64.14,0,3,68530.42,53,179.98,0
81.15,64.1,3,0,216852.38,101,291.95,2
15.64,70.13,147,119,555141.21,135,257.83,1
63.73,59.79,1,2,39334.56,92,109.3,0
45.62,66.21,68,128,923500.26,111,264.62,1
77.4,80.51,2,1,419818.46,80,317.24,2
29.02,63.68,3,18,522227.33,79,208.03,1
73.99,71.69,1,2,110448.23,75,280.03,2
6.19,38.75,0,3,3321.71,87,304.85,0
70.89,74.24,1,0,611178.67,94,235.24,2
12.97,37.71,131,167,707737.29,109,291.17,1
68.99,69.74,2,1,8218.47,134,276.9,2
63.99,79.59,0,0,120568.96,108,238.25,2
12.32,26.17,0,2,137.87,58,209.59,0
71.04,78.41,0,0,132778.14,88,153.37,2
93.65,74.15,2,1,7987.21,94,242.69,2
1.24,33.86,0,3,7353.49,97,371.1,0
79.82,72.74,2,1,38273.76,120,463.58,2
7.21,30.88,2,4,1676.37,91,372.25,0
4.53,41.44,1,1,4857.92,91,261.14,0
66.77,75.48,1,0,64985.22,109,194.62,2
10.07,65.43,120,166,249712.95,144,317.71,1
82.55,78.49,1,2,119516.19,106,188.84,2
4.47,44.41,0,3,4834.66,102,278.36,0
4.08,42.98,1,3,1148.21,74,236.59,0
100.0,82.66,2,1,16547.14,82,276.33,2
34.97,50.15,97,91,710651.31,134,174.02,1
44.96,59.39,83,220,754433.81,137,336.81,1
46.02,48.69,128,105,360600.93,94,237.68,1
49.03,76.44,156,189,463322.16,113,297.44,1
71.64,86.02,2,1,199178.77,76,299.22,2
34.89,63.88,108,167,908720.26,123,261.73,1
58.36,37.36,86,223,1321889.01,116,159.95,1
57.11,39.47,93,146,285580.52,124,208.22,1
5.04,35.69,0,0,628.72,88,364.46,0
45.52,51.01,62,140,159669.34,133,213.89,1
13.47,56.03,177,164,20109.28,117,215.77,1
24.15,38.89,149,158,271017.48,156,285.24,1
41.95,45.05,188,201,752571.23,123,350.25,1
18.45,62.73,184,222,805892.14,98,246.76,1
5.21,18.63,0,4,2940.93,79,174.36,0
46.41,29.5,7,18,327716.33,106,133.35,1
1.75,31.9,1,6,1730.77,49,343.61,0
12.33,73.27,142,89,104181.58,138,233.13,1
74.21,71.91,1,0,175773.94,115,343.41,2
5.5,35.48,1,6,3936.48,53,206.54,0
30.63,67.33,87,179,1783488.02,147,317.31,1
60.63,71.23,1,1,14013.89,89,124.09,2
40.94,45.37,203,96,2522314.79,136,256.24,1
4.58,32.87,0,2,14667.01,115,232.29,0
85.71,78.16,1,2,15816.2,88,296.44,2
24.67,59.92,3,0,26577.42,76,349.18,1
22.63,30.97,159,99,326927.76,113,96.64,1
52.62,47.46,109,107,190035.02,137,149.15,1
43.17,59.63,220,131,392741.11,104,301.28,1
45.33,60.23,1,0,14632.12,97,200.41,0
75.94,77.81,0,3,58226.21,105,142.4,2
5.78,37.07,0,0,726.74,89,405.84,0
59.57,85.55,2,1,269997.07,83,225.4,2
2.4,45.14,0,4,1464.87,98,192.77,0
38.01,52.38,83,164,394331.1,170,260.68,1
79.47,55.0,0,1,30176.43,87,236.09,2
37.01,59.89,2,1,84877.32,87,60.25,0
3.55,42.84,0,2,6391.98,90,258.49,0
52.99,46.08,122,154,56567.96,127,300.01,1
10.66,35.27,1,1,443.08,87,359.44,0
0.0,34.81,0,0,503.01,75,255.06,0
38.3,43.54,0,1,126050.61,145,137.96,0
28.65,65.66,176,285,330610.65,112,213.12,1
0.53,33.31,1,3,1100.23,78,107.18,0
27.43,58.73,8,28,29920.44,115,147.67,1
24.52,57.39,7,34,773362.05,117,360.79,1
6.29,32.85,0,3,1923.14,68,257.93,0
94.01,74.05,2,2,178663.05,107,110.72,2
40.45,67.47,109,136,255090.68,123,188.47,1
65.92,98.0,0,1,414961.45,106,181.47,2
0.0,24.91,0,0,366.44,40,89.92,0
29.25,48.95,5,7,112092.06,103,254.78,1
5.62,24.84,1,1,669.94,81,168.09,0
13.81,37.6,4,31,291609.18,86,246.1,1
91.06,74.42,1,4,42393.75,89,275.82,2
58.69,56.28,97,115,1178558.6,133,261.65,1
9.88,23.85,1,2,625.37,77,358.77,0
16.0,45.95,6,9,192075.71,84,362.96,1
11.81,48.04,6,25,186457.23,87,247.47,1
35.44,50.17,190,147,32654.51,154,215.39,1
3.92,38.09,2,1,1725.26,67,242.0,0
96.74,86.76,1,2,26146.94,93,160.44,2
39.26,73.03,129,144,292423.29,136,176.37,1
27.93,55.65,119,89,95696.33,103,316.29,1
53.75,55.41,98,90,178539.79,108,185.23,1
10.68,21.61,0,1,5868.63,75,136.54,0
74.53,84.52,2,0,12942.62,98,300.2,2
55.5,40.57,91,198,942101.27,126,192.65,1
9.43,27.4,2,4,136.63,61,171.9,0
62.29,79.43,0,0,38930.72,107,347.36,2
1.49,22.98,2,3,872.84,87,267.57,0
67.43,81.21,1,2,233713.02,78,239.0,2
57.83,61.52,91,115,29910.12,118,224.53,1
11.24,45.62,4,7,10428.96,102,390.14,1
5.43,54.2,5,0,182534.36,117,225.97,1
6.1,34.98,1,0,1782.98,60,331.09,0
14.78,64.35,82,157,452082.48,122,288.38,1
4.12,35.86,1,0,6517.09,69,296.16,0
11.16,31.33,0,0,1987.34,80,198.91,0
8.03,22.85,1,2,575.3,94,268.8,0
65.55,73.39,1,2,21159.58,100,254.84,2
47.83,31.14,8,6,145128.05,103,279.82,1
0.0,22.27,0,2,0.48,95,153.58,0
49.59,45.34,132,20,671520.17,99,225.99,1
10.18,18.05,3,1,2930.3,71,301.93,0
7.25,37.5,2,2,254.75,43,155.24,0
39.01,39.56,116,169,261672.07,103,306.51,1
10.16,31.71,13,17,198134.62,102,140.71,1
2.71,31.76,0,1,3877.44,75,278.1,0
32.01,33.47,132,144,990805.63,107,271.8,1
0.71,35.94,3,1,5990.53,55,358.96,0
13.96,43.21,209,187,973179.4,70,63.62,1
79.11,83.78,2,2,102367.8,100,275.51,2
42.73,47.08,132,130,37136.4,120,303.35,1
5.36,22.04,1,2,445.72,72,375.35,0
13.72,35.4,4,5,53904.07,88,215.92,1
69.1,66.48,137,187,194116.53,123,175.28,1
33.3,60.6,2,2,61856.8,86,369.28,0
28.08,57.42,146,178,559862.18,113,143.83,1
28.74,49.02,9,14,411193.44,91,167.98,1
45.46,65.65,156,244,110727.42,103,196.75,1
32.02,61.59,108,185,1874472.57,144,317.23,1
37.48,63.44,172,75,229140.52,95,328.86,1
83.52,86.7,1,1,76865.65,131,326.21,2
87.5,78.69,1,1,123039.38,86,431.87,2
2.39,12.74,2,1,4721.12,76,185.59,0
51.57,43.6,0,2,273312.88,81,298.49,0
4.13,36.27,0,5,179.14,87,340.59,0
2.42,49.94,0,5,604.51,102,311.8,0
5.0,62.15,7,20,88578.0,100,238.86,1
30.32,49.13,130,259,1100926.79,137,312.54,1
49.95,47.29,61,136,132887.43,152,268.43,1
7.38,34.32,0,2,1022.71,73,229.32,0
100.0,67.01,1,0,23389.39,118,238.19,2
72.38,78.18,2,3,6535.73,85,300.12,2
8.12,32.97,3,1,522.55,75,235.82,0
72.87,61.08,3,2,116240.97,88,337.6,2
84.24,65.52,4,3,40609.07,89,342.97,2
4.65,22.3,0,3,1455.78,53,168.46,0
50.0,73.36,2,0,161907.67,117,356.84,2
47.04,80.0,139,225,385043.61,109,137.86,1
36.69,61.59,63,139,47913.46,113,221.2,1
9.9,23.83,0,1,10235.22,69,430.4,0
1.91,24.18,1,1,1478.48,86,349.52,0
12.18,22.84,2,6,6878.08,79,260.34,0
39.87,43.22,75,145,234996.82,99,212.08,1
11.07,16.09,0,1,180.8,97,147.44,0
95.0,82.61,0,2,226774.59,78,372.95,2
2.93,34.38,0,2,887.4,119,218.28,0
4.59,20.76,0,1,125.77,105,429.19,0
75.06,94.84,0,0,3950.12,117,359.46,2
24.53,62.2,30,129,1582970.45,126,317.28,1
11.0,49.38,148,182,2004878.47,102,352.43,1
0.12,33.77,1,2,1216.7,70,282.37,0
18.22,65.62,7,2,399014.12,122,258.53,1
21.55,51.67,107,157,37505.78,131,253.28,1
80.92,64.44,0,1,124078.14,68,332.31,2
30.52,62.18,127,102,592779.61,122,317.65,1
11.96,39.93,1,4,1323.54,75,367.26,0
6.65,19.48,0,5,549.07,93,328.79,0
4.36,22.1,3,3,449.32,89,179.58,0
10.0,79.99,127,152,427153.08,121,334.59,1
11.29,40.6,2,1,2024.35,85,171.86,0
5.33,25.92,3,1,512.81,77,346.27,0
49.4,68.71,123,175,105551.6,130,348.91,1
10.75,55.0,1,2,3240.01,103,243.01,0
42.01,71.77,66,213,169022.36,127,206.03,1
5.0,75.43,3,35,436357.93,116,214.18,1
21.44,53.61,2,3,178472.77,80,270.48,0
4.63,30.69,2,2,1131.35,106,300.06,0
79.9,74.1,2,0,39837.7,83,211.49,2
2.49,38.57,0,2,2202.83,76,275.69,0
38.17,67.1,85,188,608007.8,129,156.41,1
1.22,34.72,0,1,2630.84,102,246.98,0
24.32,59.11,85,170,708007.48,87,272.34,1
10.95,31.79,1,5,3726.18,53,98.63,0
3.89,28.4,2,0,858.42,91,247.49,0
6.0,30.63,1,2,2302.45,77,261.42,0
8.93,39.81,1,6,1447.54,80,354.18,0
32.65,70.5,107,100,670210.11,102,335.4,1
34.63,54.94,105,230,971433.52,117,143.34,1
64.74,63.97,1,1,57166.56,108,273.2,2
71.96,71.51,1,0,11238.88,84,268.25,2
73.41,83.78,0,1,33373.52,123,263.09,2
8.66,24.19,2,1,436.2,61,211.33,0
7.82,21.55,0,3,325.09,89,148.34,0
7.26,48.21,1,2,986.27,87,312.05,0
30.02,50.7,1,3,245026.89,90,285.11,0
11.1,32.19,3,3,7462.22,79,207.97,0
8.04,21.73,1,3,398.65,89,217.26,0
1.82,28.68,0,3,688.52,94,239.22,0
37.08,60.95,137,198,756663.71,116,101.13,1
9.86,23.37,3,4,348.1,84,183.99,0
35.72,72.65,121,154,1624080.22,155,304.88,1
45.62,50.07,1,1,75748.12,107,164.32,0
10.48,26.1,1,1,4651.67,63,300.13,0
44.57,65.09,105,150,1633120.52,122,216.13,1
46.87,71.79,158,146,231200.15,124,358.13,1
42.11,54.67,117,150,1299245.96,103,317.3,1
12.49,52.29,139,184,155954.38,148,252.93,1
9.67,52.86,0,4,934.63,78,246.37,0
72.48,60.16,0,0,154017.93,78,193.14,2
10.79,39.57,0,0,635.8,61,364.9,0
0.0,21.54,0,2,929.16,81,358.23,0
84.51,85.78,2,0,233502.96,109,254.26,2
72.14,90.6,0,3,86424.34,114,217.03,2
3.1,23.36,0,4,327.16,66,288.05,0
22.34,53.38,6,17,334604.35,116,238.78,1
100.0,78.64,1,1,45382.2,87,115.29,2
8.63,37.2,0,0,703.97,76,207.68,0
47.08,55.5,1,0,68797.31,72,126.85,0
15.44,44.06,0,0,1508.34,59,335.53,0
22.05,52.8,143,166,64842.96,145,344.35,1
56.15,73.25,1,1,29947.33,83,286.73,2
1.85,33.15,1,4,827.39,64,208.25,0
26.0,63.42,123,172,881128.51,99,320.41,1
53.39,55.76,119,185,59386.96,156,193.6,1
5.29,15.45,0,1,1536.51,59,377.59,0
80.01,77.43,0,0,19807.46,83,112.26,2
41.65,53.72,106,74,132950.36,75,225.11,1
7.54,38.08,2,2,3668.72,65,193.51,0
35.36,43.22,96,210,508112.12,71,318.01,1
22.8,44.65,7,16,273565.9,92,159.79,1
41.31,60.26,187,88,293067.55,134,243.09,1
54.02,51.08,101,135,5000.0,99,295.41,1
36.32,58.07,3,10,409346.81,97,268.17,1
5.37,24.06,2,5,1016.03,102,267.56,0
2.58,29.5,2,0,2953.05,107,432.46,0
17.54,50.4,146,198,2108426.91,106,164.45,1
5.62,45.27,1,5,1850.24,110,453.48,0
41.36,38.18,0,2,2556.49,74,245.93,0
43.46,53.37,156,54,1138374.02,125,381.93,1
8.2,31.35,2,1,2028.6,55,271.53,0
28.66,51.82,93,125,283879.25,90,244.94,1
34.04,67.52,59,188,409885.59,110,241.79,1
10.0,67.48,48,126,1443831.25,108,217.85,1
6.4,14.88,2,1,9892.64,89,266.06,0
77.57,78.41,1,1,154949.93,112,330.39,2
57.15,37.89,0,4,135989.98,115,148.04,0
8.67,27.04,0,0,754.22,94,183.12,0
86.95,86.59,1,1,63703.8,117,212.25,2
5.0,28.6,2,16,221413.54,126,213.96,1
89.13,66.88,0,0,16351.54,60,193.07,2
40.21,60.69,8,14,27413.84,113,164.35,1
53.91,58.66,2,0,44962.24,97,273.91,2
57.08,59.01,88,86,3789366.85,144,176.05,1
79.94,89.02,1,0,497564.59,112,81.68,2
49.77,47.23,102,109,690091.94,89,209.8,1
35.37,72.56,94,187,2248516.44,105,298.61,1
4.48,39.65,0,2,5070.59,81,221.09,0
11.85,24.67,1,1,981.19,107,393.79,0
59.8,77.5,0,2,60926.1,101,315.6,2
42.93,58.91,68,174,898921.68,98,176.55,1
51.08,54.84,47,142,456427.79,124,125.27,1
7.94,37.07,0,1,2655.67,73,329.29,0
17.37,65.76,7,25,505291.78,114,266.27,1
33.39,43.4,126,200,678229.76,92,284.84,1
6.84,32.46,2,2,2666.48,66,226.9,0
22.51,47.18,73,81,164177.19,142,314.06,1
6.69,14.82,2,2,1655.86,60,191.72,0
50.48,55.51,13,28,691103.46,105,165.58,1
9.28,25.64,2,0,1609.57,79,103.38,0
75.01,70.66,2,0,177419.83,76,311.42,2
55.38,69.31,3,1,1447.35,92,426.47,0
1.63,35.56,1,0,2129.9,61,201.22,0
4.55,37.8,1,1,2286.66,73,193.32,0
4.39,39.68,1,2,2367.34,84,361.34,0
75.87,74.35,1,0,25270.65,104,289.05,2
12.45,48.53,5,3,208872.33,129,259.58,1
43.96,58.04,94,123,1024834.91,147,200.85,1
75.74,58.34,0,1,117757.68,97,255.03,2
13.27,69.64,116,185,137440.79,110,196.57,1
7.82,26.41,0,2,888.05,102,313.99,0
38.41,31.5,89,72,270427.58,146,113.46,1
34.03,59.01,5,20,107464.05,132,247.04,1
8.15,39.33,1,3,6392.24,95,204.62,0
13.78,45.59,2,1,1506.78,68,156.4,0
5.97,26.5,2,3,494.11,79,377.45,0
11.8,26.43,0,4,697.4,99,139.39,0
32.85,46.29,137,211,250388.41,123,198.45,1
65.39,64.78,0,1,16100.12,108,149.94,2
4.06,45.31,1,1,1305.02,88,125.01,0
36.45,72.73,121,168,274945.26,120,146.08,1
68.08,76.23,1,0,131390.23,118,267.33,2
26.7,62.4,3,24,247357.55,82,232.56,1
2.12,19.24,1,5,2129.66,80,456.96,0
18.11,42.87,90,136,2856361.98,103,209.52,1
20.09,51.6,115,125,134121.26,127,263.65,1
4.03,31.81,2,1,3418.54,96,253.71,0
54.0,68.39,148,235,1026485.68,113,300.31,1
64.06,64.3,32,228,2220111.23,99,122.12,1
27.58,40.69,125,230,294325.33,138,215.03,1
55.38,69.88,166,142,570758.53,99,365.5,1
12.58,57.84,46,164,448594.64,127,367.19,1
19.95,67.85,109,155,763362.85,103,213.94,1
87.96,70.43,2,1,182154.63,127,309.99,2
22.74,48.55,115,148,659091.04,95,256.14,1
64.44,62.58,3,0,10935.26,87,309.46,0
86.88,70.13,1,1,87657.46,110,208.11,2
77.66,71.84,0,0,28104.12,118,234.12,2
20.19,56.84,86,158,5000.0,119,261.21,1
14.65,69.5,8,19,35664.8,78,359.55,1
45.69,58.76,108,123,329268.21,102,357.26,1
10.44,36.17,0,1,610.48,44,272.39,0
48.59,42.62,3,0,13208.42,86,284.59,0
60.65,70.08,93,199,638181.37,156,246.88,1
53.25,37.37,183,144,112563.69,118,208.21,1
0.0,32.56,1,1,3290.43,87,220.38,0
13.78,54.5,120,128,1410907.41,150,169.26,1
3.82,31.8,0,3,438.33,76,159.79,0
4.74,32.25,1,0,2074.36,49,300.97,0
43.08,51.03,112,117,109273.59,85,356.7,1
79.49,67.09,135,231,302427.62,136,239.75,1
6.12,44.98,0,3,562.46,95,123.16,0
10.0,64.37,91,157,630133.72,160,107.68,1
10.0,41.1,149,246,1137571.56,147,253.32,1
6.02,33.12,1,4,4503.57,76,51.72,0
28.22,30.62,7,37,357074.65,137,269.87,1
34.18,61.0,128,143,492431.72,145,73.25,1
73.55,80.18,2,0,171843.3,113,307.32,2
63.45,78.51,0,1,243864.7,94,229.25,2
5.03,28.6,0,1,975.39,93,392.27,0
72.64,89.68,0,0,51513.69,111,305.9,2
31.57,44.91,191,179,207285.54,144,255.81,1
46.22,28.03,108,194,385317.09,93,227.53,1
35.26,43.56,105,212,21831.75,125,194.14,1
58.33,48.86,95,92,440588.29,132,165.45,1
52.56,49.44,1,1,59953.24,122,148.25,0
10.0,28.43,186,178,1394092.63,120,313.59,1
70.84,58.53,73,201,1674451.7,146,308.32,1
73.97,69.12,0,0,127353.35,97,144.01,2
31.32,49.12,152,128,332569.82,120,263.13,1
27.59,63.25,158,20,800230.01,70,322.95,1
3.25,24.79,0,2,1870.49,89,282.18,0
40.8,66.6,109,200,228530.84,164,194.51,1
26.14,60.03,183,184,114435.1,110,273.33,1
42.13,27.94,7,28,578478.42,106,308.76,1
2.59,11.14,0,2,6499.65,122,170.89,0
33.25,49.61,125,57,477998.13,125,70.76,1
39.5,61.17,76,67,143325.8,123,255.61,1
0.0,24.91,1,1,207.12,83,355.88,0
71.45,69.58,66,252,160226.1,99,199.79,1
1.24,19.41,0,3,3071.76,111,319.48,0
24.14,61.21,1,4,71276.42,70,384.97,0
26.58,58.89,7,21,87543.28,106,352.1,1
29.06,37.76,60,161,1866633.77,139,67.19,1
9.98,29.72,0,4,3912.99,48,242.49,0
22.22,53.08,2,2,130864.06,78,362.64,0
62.37,54.05,120,166,336670.34,117,230.47,1
27.56,53.75,74,148,603242.33,119,128.48,1
23.1,72.2,114,170,101384.2,128,290.72,1
96.1,79.05,1,2,62890.66,65,318.11,2
81.39,69.89,0,0,38818.04,105,158.98,2
0.0,20.41,1,2,52.54,96,294.78,0
43.6,43.3,134,156,482538.36,124,253.92,1
48.88,47.63,134,155,373569.9,104,203.74,1
23.57,45.33,2,4,145703.22,72,246.63,0
67.17,40.4,0,1,46583.55,64,205.45,0
6.27,29.7,0,4,4957.3,89,174.06,0
33.7,47.86,62,131,5000.0,108,228.41,1
77.55,93.49,0,0,25387.84,123,341.95,2
4.27,24.56,1,2,4104.92,89,60.74,0
5.97,38.21,2,3,1608.96,59,385.91,0
8.67,27.47,0,1,977.02,61,249.71,0
2.33,27.03,0,2,5162.63,49,244.68,0
10.68,30.07,2,4,1422.61,74,144.8,0
6.73,36.06,2,1,3509.0,85,221.55,0
17.66,23.49,2,3,31.81,74,177.23,0
5.78,30.17,0,5,118.87,82,78.17,0
6.17,40.48,1,2,640.62,98,331.98,0
5.17,28.85,1,1,536.47,87,198.23,0
57.38,63.54,151,20,691133.79,87,267.02,1
3.62,25.0,3,1,2637.56,97,343.69,0
19.17,50.2,141,123,916806.1,146,221.21,1
36.47,58.0,121,135,345082.04,108,256.8,1
7.91,62.51,2,27,77221.06,86,237.56,1
10.6,36.56,0,3,3189.38,74,143.78,0
46.91,63.22,59,75,758931.97,133,326.73,1
50.0,77.77,0,2,41624.34,91,133.28,2
30.47,38.32,6,19,139281.8,131,202.9,1
26.2,60.35,100,147,718916.58,84,158.32,1
19.09,48.55,87,104,24866.71,137,241.02,1
0.0,26.82,1,2,7169.57,112,307.24,0
5.0,47.11,6,3,51124.71,129,112.81,1
58.68,50.38,161,168,374424.49,103,246.06,1
63.12,68.09,53,122,26143.85,118,159.52,1
48.29,53.97,92,164,23780.67,107,104.15,1
84.83,68.57,1,0,220369.16,82,274.37,2
96.05,75.7,1,1,9712.78,109,216.18,2
31.47,57.16,10,5,121169.68,112,264.46,1
0.0,41.35,0,2,587.66,106,372.41,0
82.64,82.28,0,1,7634.78,86,136.79,2
7.4,24.06,1,2,491.75,64,360.29,0
51.84,35.96,0,1,4740.96,89,113.14,0
81.8,69.0,0,0,30705.97,88,168.14,2
44.28,60.76,185,209,5000.0,115,126.35,1
59.28,53.98,2,1,2132.25,55,274.7,0
9.56,26.18,1,1,698.97,110,207.64,0
10.85,34.71,2,0,5173.35,102,106.52,0
10.57,63.83,6,4,128709.04,120,310.64,1
24.09,45.81,4,49,372239.27,133,244.11,1
32.43,49.89,191,72,432611.96,134,494.57,1
9.3,19.87,0,1,21.02,72,270.22,0
0.35,26.06,0,2,402.17,78,403.99,0
48.31,35.16,2,6,104155.41,122,198.09,0
14.38,37.5,1,1,509.38,85,283.67,0
10.92,26.71,0,2,1686.23,62,291.31,0
0.0,34.29,0,2,3434.04,81,341.2,0
92.39,76.31,3,2,71348.43,108,158.99,2
13.18,21.4,3,2,311.89,104,142.65,0
36.0,81.69,127,119,459015.61,73,287.9,1
34.34,66.2,0,4,61469.38,110,409.13,0
5.88,26.4,0,1,454.63,89,206.85,0
5.91,15.9,4,2,2003.42,85,105.87,0
39.44,42.56,6,22,180109.32,80,162.15,1
74.25,71.28,0,1,130759.07,97,301.94,2
42.66,43.64,116,187,425236.77,120,140.15,1
0.0,24.06,2,3,887.04,87,355.7,0
2.48,38.09,0,1,218.48,85,273.22,0
0.0,54.82,0,2,4010.18,63,187.08,0
42.77,35.37,186,202,369682.8,100,367.73,1
10.18,20.71,1,3,311.46,48,129.33,0
87.93,78.29,0,0,321907.11,66,91.42,2
6.59,27.51,0,1,4442.22,94,61.33,0
3.34,30.51,0,2,3408.68,82,145.11,0
76.82,60.19,3,1,42032.61,93,200.19,2
6.81,37.42,2,1,1708.18,56,153.07,0
9.85,24.58,1,2,1584.85,63,230.36,0
37.01,50.34,4,27,158768.08,140,229.21,1
58.28,65.34,89,156,203260.46,176,205.2,1
10.0,50.31,103,207,766621.15,99,307.47,1
27.16,63.51,133,141,1926302.65,108,121.67,1
29.06,67.85,5,34,240790.01,130,199.17,1
28.49,56.76,105,133,278497.53,119,139.78,1
10.0,48.62,91,28,112066.58,103,176.93,1
5.0,48.19,5,12,432693.79,112,371.93,1
23.47,70.68,132,96,612158.96,100,260.63,1
0.89,25.13,1,2,1935.91,61,167.88,0
5.48,39.53,1,2,3680.06,74,284.01,0
10.97,26.0,1,1,1396.15,75,230.28,0
85.88,82.88,2,2,139016.54,82,254.44,2
29.55,54.02,0,1,81798.13,86,331.72,0
2.28,35.6,2,2,7072.21,103,82.3,0
10.81,27.85,2,2,418.45,87,190.15,0
76.19,76.74,0,2,56154.31,74,281.73,2
9.45,42.85,2,0,4182.72,75,244.5,0
52.42,50.45,96,165,165258.97,144,233.47,1
43.83,72.86,102,118,631822.81,125,238.98,1
42.24,32.79,156,152,327843.61,124,220.67,1
49.4,68.37,162,72,261792.53,92,280.13,1
57.99,73.52,1,2,20369.34,95,215.22,2
9.27,38.86,2,4,560.17,95,279.71,0
82.49,90.31,0,0,6563.17,102,296.46,2
92.21,69.72,0,0,12401.8,114,256.19,2
33.61,60.71,0,4,4425.65,89,304.61,0
1.6,36.41,0,3,448.72,51,92.32,0
3.76,21.68,0,1,1428.3,98,213.43,0
9.73,35.74,0,3,655.16,63,267.41,0
18.2,35.76,126,131,952121.04,78,320.41,1
56.18,69.1,1,2,57024.47,96,164.03,2
8.68,25.73,2,3,378.87,63,169.88,0
72.85,82.17,0,0,44121.54,101,218.02,2
10.76,29.79,1,3,266.8,63,289.86,0
42.44,53.3,2,1,255647.74,90,169.15,0
63.05,86.89,2,0,114440.59,99,187.8,2
76.38,74.73,1,1,70991.86,94,307.36,2
33.19,44.71,139,170,497830.71,112,309.96,1
67.68,42.64,136,196,47013.67,137,220.32,1
2.54,21.03,2,5,6910.8,78,259.26,0
1.61,24.39,2,1,121.02,70,287.61,0
21.89,43.2,0,1,3612.32,53,453.69,0
7.22,51.9,7,8,69459.39,137,430.07,1
3.37,30.37,0,0,15.99,80,170.85,0
26.4,39.98,159,127,238377.93,115,314.71,1
38.65,44.15,8,6,40007.12,97,268.12,1
12.3,29.5,1,3,850.82,42,310.57,0
99.85,87.87,1,1,70737.28,99,444.57,2
25.67,53.9,159,189,576012.3,96,270.78,1
0.0,38.27,1,1,4041.08,95,291.58,0
6.16,45.89,6,0,272961.61,126,371.86,1
45.2,39.36,38,235,556090.0,133,367.96,1
34.68,47.06,0,1,3536.68,86,268.19,0
67.31,92.39,1,0,50896.16,95,254.02,2
4.27,15.53,2,1,159.78,88,235.61,0
5.34,20.39,1,3,3189.47,79,159.85,0
29.47,76.92,97,80,482386.24,137,250.76,1
32.02,42.01,1,2,154796.26,108,252.27,0
41.76,48.72,1,3,42185.26,93,215.53,0
57.88,61.71,1,1,376397.36,76,308.8,2
2.12,32.58,0,1,1546.58,62,284.7,0
77.42,71.2,1,1,524615.34,85,300.53,2
14.43,55.23,138,168,361342.31,142,481.13,1
18.86,50.38,96,127,2756398.42,100,259.51,1
10.89,40.83,1,1,866.09,84,335.44,0
11.93,48.89,125,116,5000.0,127,282.92,1
26.6,64.19,98,198,1552809.2,103,373.16,1
69.7,79.33,3,1,829.56,126,218.6,2
98.64,78.26,1,0,4106.26,80,253.11,2
20.39,53.96,5,0,469013.96,116,112.01,1
12.93,27.77,2,1,628.28,65,236.06,0
39.29,41.25,4,14,206026.24,129,256.63,1
81.75,81.94,0,1,2137.94,86,389.15,2
82.08,63.09,1,1,21.09,85,287.53,2
47.04,46.59,2,4,86450.93,95,212.6,0
47.96,41.78,1,3,3033.89,93,221.06,0
33.73,69.95,0,3,23947.41,82,347.81,0
41.27,44.99,3,3,13443.19,160,178.61,0
29.53,43.32,148,104,515804.5,127,206.04,1
5.81,36.45,0,3,6741.27,77,206.15,0
73.14,82.93,0,1,65666.49,101,396.25,2
11.15,32.93,0,1,2008.52,98,192.57,0
82.48,78.63,0,1,89007.47,90,350.1,2
9.0,40.3,0,1,101.47,104,113.08,0
47.64,47.88,0,1,46162.04,65,256.73,0
1.79,28.14,0,3,6222.8,91,275.84,0
8.65,22.99,0,3,1160.7,66,222.08,0
34.99,48.42,3,33,109575.47,101,205.71,1
2.77,22.56,2,0,1472.96,79,242.03,0
10.45,34.42,1,2,2141.37,84,255.04,0
8.29,24.01,0,0,165.71,101,251.78,0
18.88,65.72,65,151,973281.09,106,292.54,1
44.51,69.51,57,141,276369.91,130,193.07,1
79.41,98.0,0,3,51122.48,120,105.61,2
2.75,33.18,0,0,430.58,80,241.08,0
12.73,41.42,100,119,379963.95,144,108.91,1
14.32,79.35,96,123,936762.82,101,142.5,1
2.93,27.89,0,3,173.51,88,293.99,0
33.45,52.52,163,129,588911.36,126,164.12,1
72.88,77.19,1,0,193229.85,107,249.56,2
31.9,54.05,94,111,216993.94,114,256.56,1
0.99,40.81,2,4,4392.98,93,402.05,0
25.9,38.11,129,156,582706.31,103,153.73,1
33.48,69.25,64,85,190481.21,131,342.32,1
0.0,18.36,2,2,947.08,75,268.51,0
16.69,35.03,0,3,651.91,72,276.65,0
66.87,81.35,1,2,152703.82,106,291.54,2
5.32,33.93,0,2,1794.7,81,237.53,0
39.09,66.85,95,160,641947.97,124,268.37,1
64.9,81.67,0,0,16744.71,100,82.86,2
73.97,70.91,0,0,46245.05,127,325.04,2
96.07,73.3,2,0,82777.05,110,337.2,2
32.8,45.19,56,66,826664.55,107,218.07,1
25.14,42.18,0,2,160723.2,115,247.82,0
78.77,64.82,1,1,93372.18,83,167.28,2
52.84,39.12,93,121,1251838.5,88,311.67,1
25.26,59.01,139,161,5000.0,150,203.69,1
2.05,35.75,0,2,2047.36,96,256.57,0
18.07,37.45,3,3,281277.7,111,110.08,1
72.34,78.88,2,0,37234.71,111,245.4,2
33.33,56.06,6,14,80045.0,117,265.23,1
10.76,24.5,2,1,2619.47,78,172.68,0
0.38,23.3,0,1,851.86,73,238.51,0
13.27,39.06,1,1,3662.81,79,144.55,0
5.59,40.8,1,4,303.15,83,289.08,0
53.22,59.77,40,70,706606.64,70,112.66,1
2.57,23.02,0,2,2400.03,52,332.2,0
86.38,87.09,1,0,3637.77,98,177.7,2
33.64,52.34,4,1,418468.72,129,324.15,1
34.18,44.4,165,149,1236384.22,144,162.8,1
16.18,52.03,145,160,174404.02,125,241.64,1
18.99,59.77,3,15,52338.4,121,226.73,1
80.45,89.39,0,1,210717.68,120,200.22,2
71.96,79.22,3,1,209545.98,120,204.06,2
21.86,50.34,35,40,305219.53,103,151.5,1
30.21,49.2,7,16,102928.59,131,286.88,1
3.11,33.9,2,5,3944.34,67,280.23,0
23.45,83.1,83,155,35188.99,115,313.21,1
31.2,57.2,98,175,201695.38,103,221.52,1
76.45,80.31,0,0,47963.53,115,279.72,2
64.31,76.15,1,2,2513.51,94,254.83,2
5.79,46.96,0,2,941.8,114,377.21,0
24.23,47.7,54,170,890544.9,164,310.38,1
89.53,72.36,3,1,129867.38,101,215.86,2
10.0,56.78,85,181,218149.92,86,293.28,1
14.94,38.83,1,3,9126.91,105,257.24,0
11.91,10.0,2,3,228.42,95,202.2,0
24.0,30.0,1,3,4051.6,99,409.54,0
10.0,57.85,108,116,596980.97,126,177.21,1
29.42,36.78,4,7,1087078.36,100,166.11,1
29.83,52.87,3,24,35003.61,134,209.83,1
5.0,57.78,4,18,47785.98,142,289.79,1
4.47,40.48,0,4,1246.66,68,203.68,0
6.25,44.75,0,4,3974.89,85,356.73,0
76.07,64.96,1,1,79918.05,97,312.05,2
7.6,46.74,10,16,11475.13,95,291.01,1
38.55,63.25,137,141,232943.69,94,282.23,1
22.81,76.53,100,167,800630.89,112,349.79,1
55.15,63.3,94,94,651552.54,120,268.8,1
2.03,32.59,1,2,657.06,87,236.44,0
78.92,73.49,1,0,39341.59,110,258.99,2
43.29,56.5,133,187,1845691.88,130,287.35,1
3.86,38.07,0,2,651.18,88,274.54,0
26.85,41.93,1,2,172782.17,103,191.21,0
10.0,19.32,1,1,6408.81,75,337.79,0
89.62,77.62,0,1,161403.97,98,198.26,2
48.52,59.25,135,96,66478.71,145,306.79,1
28.71,44.65,82,166,973335.12,95,312.61,1
56.93,63.69,2,2,136432.36,114,155.84,2
18.39,79.35,83,125,413940.74,129,106.41,1
100.0,76.65,2,1,75729.08,108,264.67,2
78.86,71.91,2,1,137097.28,85,50.0,2
30.13,53.82,30,22,146011.62,137,265.16,1
54.36,40.96,102,223,497093.94,159,269.97,1
31.9,67.35,6,7,53825.95,75,294.2,1
9.92,18.85,1,1,7022.24,77,177.28,0
36.85,49.12,150,153,897417.79,123,394.17,1
0.0,10.0,0,2,5374.13,87,175.36,0
89.44,85.6,2,4,33948.27,93,199.79,2
32.08,76.42,78,157,1430681.4,116,375.39,1
31.07,44.76,158,103,509818.98,106,344.32,1
3.42,37.89,1,2,971.7,73,140.46,0
21.17,54.33,1,3,54175.01,113,266.68,0
48.35,75.55,155,98,290390.24,122,353.24,1
25.87,56.69,152,223,239687.47,110,235.39,1
50.48,40.84,130,257,161999.67,161,410.94,1
34.11,58.24,60,55,396713.93,100,209.78,1
63.26,72.35,86,214,5000.0,167,291.06,1
63.17,59.45,0,2,7025.0,96,172.1,2
10.34,71.89,154,225,309319.63,152,261.29,1
2.22,49.91,0,3,7461.67,95,374.59,0
4.92,20.96,1,1,653.69,86,252.18,0
8.8,42.81,0,3,97.02,76,284.6,0
34.46,48.7,85,184,130057.98,133,315.09,1
9.81,23.88,1,1,5108.66,87,195.91,0
64.32,80.96,0,2,60886.55,95,330.9,2
52.91,48.45,96,169,516589.94,133,234.14,1
25.13,48.34,151,146,373004.63,99,219.91,1
93.24,77.76,1,3,69856.93,104,173.07,2
25.39,49.73,199,253,298706.43,129,489.18,1
3.22,34.38,1,0,7748.51,69,379.84,0
41.28,68.66,0,0,25243.62,67,293.3,0
36.01,69.2,46,176,664673.45,99,183.26,1
65.25,75.41,0,1,55342.06,90,309.96,2
9.83,33.7,6,23,226547.87,105,215.92,1
29.06,25.0,4,23,80823.37,142,198.49,1
1.84,28.65,0,3,715.62,80,223.02,0
4.39,38.58,0,1,477.2,78,135.97,0
39.06,63.37,150,182,221099.67,97,114.02,1
39.84,44.59,111,232,312967.15,133,412.87,1
23.93,30.0,0,2,134740.9,114,299.06,0
83.67,63.23,1,1,211925.38,92,254.11,2
11.15,20.42,2,2,1884.33,92,135.47,0
89.15,87.79,1,0,180446.68,81,145.85,2
36.71,55.56,1,5,185538.0,100,184.22,0
7.92,33.24,1,3,2251.33,93,208.58,0
81.27,66.51,2,0,270898.45,106,204.09,2
77.95,88.64,0,0,174685.55,105,155.21,2
10.54,14.71,2,2,1081.59,74,171.25,0
24.66,38.08,47,184,482747.77,95,315.23,1
5.77,30.53,2,6,2341.21,89,196.45,0
18.55,55.79,174,148,216291.7,129,340.79,1
34.19,54.47,157,158,605089.15,129,310.04,1
9.95,33.32,2,1,1049.8,78,96.29,0
50.12,72.48,0,1,73480.56,78,127.66,0
36.14,74.45,140,227,363420.5,151,179.18,1
0.0,33.03,2,2,505.64,81,166.12,0
72.01,82.23,0,2,169322.7,99,262.79,2
17.15,54.31,5,23,7493.24,101,308.86,1
25.0,63.36,141,253,28188.48,130,268.28,1
22.3,58.05,3,15,197281.03,129,249.61,1
7.94,31.08,0,0,4637.03,97,316.88,0
96.31,75.95,0,0,56010.84,108,141.44,2
9.16,31.2,1,1,111.05,67,192.67,0
28.45,73.62,121,51,56314.9,134,258.56,1
48.8,86.72,40,194,592964.71,137,279.97,1
5.61,29.18,2,3,3156.27,58,261.74,0
26.2,35.55,146,226,94123.56,128,255.02,1
3.4,30.25,1,1,1284.83,66,237.96,0
8.34,38.88,2,2,104.93,76,214.74,0
38.23,58.83,174,96,265448.87,119,227.81,1
41.73,51.63,2,1,157626.44,65,288.41,0
65.16,77.64,0,0,22054.2,100,148.48,2
33.8,45.98,3,4,71985.22,68,155.62,0
26.05,59.83,4,21,329786.52,133,298.55,1
15.64,50.15,147,223,408230.94,131,403.8,1
9.0,18.36,1,3,719.28,108,240.53,0
7.95,38.65,1,2,13084.95,75,126.81,0
24.87,57.32,89,206,315910.27,164,250.49,1
9.88,23.35,3,2,3715.94,59,282.31,0
53.09,41.53,0,2,52879.94,101,391.9,0
20.0,62.89,0,1,29073.92,125,336.09,0
73.65,55.0,2,1,18533.06,106,297.91,2
22.18,60.38,89,140,193200.0,73,207.31,1
29.81,45.27,146,129,2637733.73,137,306.75,1
15.56,38.38,74,129,397223.68,133,258.64,1
7.91,20.31,2,1,46.81,80,292.24,0
22.84,51.49,6,14,304649.99,118,125.46,1
8.73,22.34,2,3,680.16,92,223.41,0
87.77,73.04,1,1,17101.0,108,126.27,2
53.16,70.79,3,0,31747.64,95,279.62,2
8.82,29.51,1,0,2805.53,79,166.33,0
12.52,33.16,1,1,74.64,93,336.18,0
19.45,52.4,125,127,181498.26,126,87.65,1
29.32,40.54,121,157,142319.18,121,296.28,1
1.16,15.03,2,1,175.0,93,335.98,0
14.52,27.81,1,4,180.33,90,50.0,0
50.25,51.37,97,49,138023.87,158,200.33,1
26.26,60.11,51,82,256630.42,151,356.91,1
73.23,82.18,0,0,60047.01,136,164.07,2
22.6,37.53,1,2,511281.2,118,385.83,0
31.26,67.8,143,215,69566.25,84,284.07,1
31.82,45.44,140,125,212518.0,150,297.27,1
5.0,44.65,2,17,63120.45,96,390.15,1
49.55,44.34,92,208,739164.78,106,305.0,1
21.6,42.74,6,14,92494.1,101,199.93,1
12.33,36.41,33,124,981172.5,111,228.89,1
3.34,35.85,0,6,1003.22,68,165.84,0
7.16,43.54,0,0,2634.33,91,276.97,0
5.81,28.53,2,1,2694.63,85,339.13,0
74.51,75.68,2,4,145988.53,103,334.75,2
53.02,57.81,155,60,5000.0,122,177.07,1
6.94,28.41,1,0,2023.5,68,251.96,0
96.59,81.83,0,2,84419.79,83,217.14,2
30.6,38.82,140,113,245682.54,132,208.08,1
92.06,95.6,2,2,212750.84,112,365.13,2
27.79,52.2,101,136,187516.13,74,171.93,1
5.0,50.3,3,0,191840.04,122,146.89,1
6.09,40.57,1,1,4387.81,61,410.42,0
10.1,33.84,0,1,66.64,71,275.89,0
82.35,72.01,1,3,2308.65,92,231.39,2
22.92,50.69,111,216,436150.98,92,312.41,1
72.84,87.33,0,1,226218.27,93,201.69,2
36.45,52.63,1,2,259835.49,104,299.46,0
34.37,49.03,148,152,274601.36,150,279.82,1
35.09,42.57,168,215,155441.1,103,116.86,1
0.0,41.08,0,0,3024.3,82,275.86,0
4.91,27.77,1,2,1102.49,97,373.24,0
31.13,39.63,1,2,22123.78,101,222.85,0
1.7,26.37,0,3,1234.68,91,146.88,0
67.88,79.62,0,1,6325.47,85,340.52,2
7.94,26.08,1,0,3719.71,95,152.86,0
4.86,11.28,0,3,1529.24,87,361.12,0
43.81,55.51,3,1,31404.12,79,269.57,0
45.84,53.72,125,190,1167063.12,87,213.62,1
10.53,36.47,3,1,2388.08,77,311.88,0
49.82,66.45,120,104,25684.28,122,151.81,1
73.44,75.34,4,0,62880.45,102,206.31,2
32.07,51.03,116,144,845889.59,116,114.14,1
77.48,79.01,2,1,37581.82,104,353.68,2
85.8,59.37,0,1,4328.47,99,308.03,2
11.94,70.28,149,150,430480.93,132,377.51,1
55.85,76.02,3,0,95604.77,107,297.86,2
10.19,50.51,6,17,131400.51,172,326.7,1
70.0,40.71,0,3,33076.34,88,378.47,0
8.21,30.41,1,1,489.93,112,225.68,0
16.11,44.78,143,119,211425.55,128,331.75,1
33.0,48.47,93,117,147092.87,118,281.37,1
22.45,72.37,123,171,273056.76,137,65.18,1
10.26,26.95,0,2,1123.36,66,220.06,0
24.9,38.53,135,102,124519.8,144,299.43,1
33.23,45.96,0,1,24264.9,70,173.56,0
92.36,80.88,0,1,93009.93,127,279.75,2
83.55,66.21,1,1,147601.56,94,283.25,2
69.55,59.1,2,1,17262.0,103,250.97,2
4.14,38.61,2,2,497.19,70,251.1,0
10.0,65.15,63,115,105025.58,138,143.26,1
92.61,90.63,2,1,17561.67,86,224.99,2
43.87,75.79,195,176,844583.66,136,300.87,1
10.64,44.06,1,2,929.84,77,171.73,0
0.61,46.93,2,4,4299.71,77,308.92,0
36.09,52.67,58,135,421941.63,142,258.34,1
6.55,23.74,2,2,1139.74,74,159.9,0
49.52,45.63,128,82,987243.89,122,355.9,1
67.34,90.42,0,1,25360.16,120,399.78,2
26.42,45.31,221,197,429227.93,108,211.63,1
5.3,25.49,1,2,8633.95,91,260.33,0
13.69,29.34,0,4,747.72,71,342.1,0
10.01,36.89,0,2,3520.77,85,226.55,0
32.42,57.49,146,125,597313.49,137,294.37,1
70.55,82.81,0,1,128931.13,111,264.11,2
10.34,20.28,1,2,4344.75,67,239.3,0
83.04,84.13,1,0,13749.34,60,272.68,2
50.01,49.64,1,5,13318.92,100,281.24,0
56.86,58.85,221,103,45872.92,112,349.94,1
64.87,49.83,180,100,600732.41,128,322.83,1
56.33,65.59,0,3,24013.92,95,266.68,0
87.74,72.42,0,0,261884.01,103,71.3,2
19.58,59.72,7,35,74669.64,132,266.09,1
10.17,52.61,136,151,1680619.82,113,113.08,1
4.59,33.0,0,2,1960.53,82,369.6,0
45.75,30.0,2,4,176821.75,84,219.46,0
3.86,21.91,1,2,2113.98,101,206.24,0
10.33,28.62,1,4,2499.45,56,170.22,0
62.41,69.36,81,207,305434.58,153,285.79,1
78.99,75.56,2,2,70727.6,131,272.68,2
3.67,29.38,0,1,1400.73,54,272.62,0
90.22,96.25,1,0,14545.02,97,366.63,2
64.51,67.66,2,4,8966.9,101,302.91,2
38.5,32.89,0,1,116709.24,88,280.32,0
40.56,49.39,2,1,96499.19,93,132.18,0
56.49,38.03,103,37,140968.47,103,332.97,1
7.78,19.4,1,2,2201.04,94,205.04,0
3.66,35.16,2,4,742.17,57,410.13,0
1.53,38.44,0,2,2737.85,63,269.47,0
36.24,57.81,7,0,423362.13,133,205.87,1
68.43,83.66,3,1,277960.26,111,181.21,2
28.53,45.03,68,173,146528.62,123,147.42,1
35.01,29.98,6,12,453741.38,121,305.48,1
11.8,73.83,102,149,1928389.29,150,250.32,1
7.38,28.05,1,3,1203.42,96,317.63,0
67.57,77.81,1,1,107488.57,107,295.99,2
74.66,80.43,0,2,176582.8,84,397.54,2
8.39,19.54,2,4,6521.53,61,184.07,0
9.84,28.9,1,4,4123.24,97,380.99,0
20.98,72.66,11,16,484006.43,86,281.13,1
9.62,52.46,7,15,260808.19,139,309.49,1
80.57,72.35,0,2,3999.81,96,265.38,2
85.38,79.81,2,2,219004.59,102,167.96,2
37.18,43.22,1,2,346739.28,96,207.72,0
1.57,26.99,3,2,588.07,91,242.7,0
47.94,60.32,164,135,791369.95,120,285.34,1
6.69,18.45,0,2,1289.13,77,355.74,0
87.38,81.25,2,2,216204.39,95,124.68,2
10.04,16.22,1,2,1400.66,77,394.52,0
3.33,20.82,1,4,1772.11,71,230.72,0
41.22,62.14,121,111,204889.93,108,208.43,1
23.1,30.0,0,2,85889.68,69,301.38,0
80.6,82.88,1,1,106508.29,73,154.69,2
39.91,42.52,178,191,362665.86,125,190.22,1
58.97,72.99,1,1,17766.08,117,241.6,2
7.75,30.81,2,2,6183.3,65,97.78,0
27.23,58.51,102,227,105300.46,118,228.32,1
26.23,79.25,4,22,314561.65,91,234.51,1
52.38,71.05,0,2,48236.88,58,153.03,0
6.89,20.91,2,5,17.14,77,367.13,0
28.38,77.73,127,227,370817.18,134,257.81,1
1.91,24.13,1,3,6559.25,76,288.86,0
77.34,64.17,0,2,38856.72,97,179.02,2
53.77,46.54,86,160,488920.36,103,219.01,1
81.24,71.24,0,0,30731.97,60,186.84,2
34.11,52.63,0,1,18955.57,121,322.78,0
2.07,28.45,3,1,2649.91,75,249.49,0
6.81,23.61,3,4,3234.37,115,334.69,0
33.5,50.42,212,191,375619.44,139,131.02,1
11.87,54.74,138,158,580585.3,162,258.98,1
3.95,27.27,0,1,4524.27,78,277.39,0
75.78,65.7,2,0,72349.98,112,210.53,2
92.03,65.66,0,0,257664.68,94,238.69,2
64.32,67.44,1,1,7283.66,121,187.65,2
61.15,55.58,164,103,2089118.74,100,357.1,1
58.41,79.65,0,1,20933.6,84,322.04,2
10.0,54.55,153,132,685865.32,104,357.08,1
15.5,48.49,1,2,432.32,95,364.72,0
2.86,19.39,0,1,1208.1,100,236.59,0
6.34,35.3,0,3,2240.78,95,50.0,0
29.81,65.34,103,90,1147640.56,129,141.65,1
93.92,71.05,2,0,20323.15,78,207.0,2
35.71,64.2,0,3,79722.7,123,198.77,0
65.03,56.27,1,1,89973.69,102,272.81,0
11.84,60.88,69,193,169264.75,109,328.14,1
81.0,73.36,3,1,50799.05,135,219.5,2
100.0,76.2,0,1,152820.18,100,175.52,2
10.0,39.9,108,84,720895.69,132,321.59,1
23.61,36.83,4,15,187701.11,157,253.28,1
58.42,46.39,1,4,104674.76,81,137.52,0
77.38,79.18,1,2,104138.09,126,234.49,2
5.75,27.99,3,1,3322.98,94,288.51,0
36.8,35.45,6,18,869553.83,102,253.32,1
20.0,36.72,3,1,32745.05,102,438.79,0
46.76,63.99,0,3,28087.49,99,325.88,0
13.54,33.06,0,1,3449.83,82,271.1,0
25.21,73.82,105,129,525094.34,119,159.45,1
4.7,34.34,1,1,0.25,76,281.87,0
0.0,32.44,1,1,303.65,71,195.92,0
37.3,29.28,97,202,522229.34,130,202.7,1
77.47,92.58,0,1,12317.73,104,172.49,2
5.0,40.97,3,0,156262.68,127,212.96,1
28.23,35.88,8,42,294198.63,111,225.74,1
21.4,39.07,0,6,28200.37,88,202.66,0
79.85,76.72,0,1,15375.68,96,221.08,2
3.2,23.04,0,1,216.67,59,227.07,0
25.05,58.47,98,108,71691.73,150,282.05,1
60.97,68.8,1,1,106921.16,105,278.89,2
9.34,20.27,2,2,81.25,93,185.96,0
15.68,61.77,66,107,341366.59,97,180.34,1
14.15,43.54,60,190,254813.08,118,154.87,1
31.17,66.9,0,1,24800.93,107,304.53,0
4.15,24.29,1,1,3919.23,59,169.3,0
76.69,79.96,0,1,143505.2,84,337.04,2
67.58,78.82,0,0,66569.83,103,356.05,2
83.82,59.53,2,0,23749.23,100,298.67,2
29.32,69.79,148,182,855976.92,127,297.89,1
85.84,76.84,0,0,45368.44,108,214.17,2
7.03,26.06,1,3,1029.32,75,226.96,0
27.08,55.19,5,35,5463.41,105,206.73,1
7.8,27.78,1,5,137.44,90,255.26,0
0.0,12.2,2,0,1661.6,84,356.9,0
10.0,25.0,86,266,212445.17,96,312.56,1
34.29,35.51,95,252,650972.56,108,234.55,1
8.2,29.8,2,3,2919.33,74,253.91,0
62.08,66.8,0,0,59704.17,89,312.68,2
9.12,18.83,1,1,1243.74,101,291.09,0
83.26,67.58,2,2,16149.85,106,275.68,2
6.93,26.03,0,3,2312.55,45,196.81,0
31.29,66.06,51,196,202950.31,99,302.03,1
3.1,34.76,0,3,1558.85,91,276.4,0
34.64,43.36,11,12,252083.29,90,399.25,1
71.82,76.95,0,1,467928.58,99,229.37,2
11.71,28.88,1,0,83.73,60,128.66,0
9.46,28.0,1,2,4418.08,91,331.05,0
44.23,36.3,164,80,18928.28,158,234.45,1
42.51,62.49,132,171,39074.78,111,248.54,1
5.0,44.44,11,43,264562.21,151,248.5,1
3.52,29.33,1,2,214.49,97,178.49,0
82.18,86.98,3,3,135161.22,113,242.28,2
5.0,57.43,7,26,276443.77,107,164.62,1
0.82,26.54,1,1,3524.7,102,425.78,0
1.09,27.12,2,2,2336.96,56,301.58,0
11.7,26.48,0,4,521.95,87,223.6,0
5.92,20.78,0,1,2010.27,81,145.66,0
8.75,40.02,1,2,763.28,92,320.73,0
5.89,34.9,1,1,848.88,80,143.03,0
10.49,39.25,1,1,4750.36,65,379.6,0
85.37,76.55,2,2,35305.01,68,252.73,2
70.0,32.06,0,0,71007.62,87,145.47,0
76.07,77.99,1,1,55178.21,64,288.03,2
8.97,31.59,1,1,1170.61,87,169.27,0
44.4,59.09,119,159,476517.52,127,259.36,1
45.79,51.58,137,172,882740.65,112,256.48,1
0.0,37.09,1,2,389.46,79,357.25,0
36.23,64.44,80,48,240673.22,120,218.85,1
9.04,16.72,0,5,3607.13,52,242.96,0
3.69,43.72,2,0,862.51,91,188.79,0
50.0,71.39,0,2,43965.62,115,196.92,2
64.46,84.1,1,0,265384.28,84,193.53,2
31.66,55.31,155,124,5000.0,84,361.66,1
40.61,61.23,69,192,46994.7,126,262.06,1
81.4,95.91,3,0,110752.61,76,306.21,2
90.77,70.62,1,1,37758.86,111,202.15,2
18.77,61.79,184,134,1360265.63,127,153.46,1
16.76,47.6,4,6,77701.77,128,229.34,1
56.49,60.81,0,0,8498.11,102,295.19,2
52.82,46.87,59,185,558638.93,127,216.81,1
0.0,37.78,1,2,2344.26,76,322.35,0
85.65,83.5,2,1,64697.08,92,233.63,2
7.16,29.43,0,5,821.06,107,203.23,0
42.75,49.62,161,143,122761.13,115,257.82,1
8.46,24.43,1,2,4189.46,47,246.72,0
11.64,26.15,1,3,608.85,61,150.75,0
39.03,52.14,128,159,250781.25,110,292.11,1
36.89,54.57,58,129,249094.89,109,238.93,1
5.0,63.11,7,35,318671.1,104,388.84,1
38.53,68.56,88,129,133456.72,101,323.83,1
6.5,30.1,1,2,496.14,84,246.13,0
86.54,62.88,1,2,115976.87,97,333.16,2
18.49,57.75,85,142,5021.15,113,244.05,1
12.32,75.14,76,107,14992.07,114,103.35,1
77.35,70.86,1,0,390247.07,88,327.43,2
21.19,34.08,124,132,1302938.59,109,190.79,1
10.31,14.91,2,4,4846.41,109,310.04,0
34.1,40.57,118,110,648912.4,137,229.85,1
49.99,73.12,89,101,146085.99,116,237.99,1
46.62,56.46,2,4,10685.95,115,366.71,0
10.0,54.98,100,101,148021.74,113,239.32,1
22.64,47.39,6,26,132003.97,78,173.52,1
26.75,53.36,0,4,105801.99,69,402.94,0
70.35,89.85,0,0,23300.8,82,295.79,2
28.2,61.75,85,209,2296807.07,121,202.32,1
3.08,28.63,0,3,520.84,79,253.87,0
5.0,61.05,3,19,7334.0,118,199.39,1
69.92,64.0,1,1,139793.01,116,315.29,0
26.27,51.88,90,105,421895.24,92,209.43,1
31.89,60.09,201,201,37971.04,107,298.96,1
48.45,47.24,145,149,26437.74,140,354.21,1
45.56,44.18,0,2,92679.01,65,177.25,0
28.12,71.7,5,9,78075.3,115,423.34,1
70.0,43.53,1,0,96834.22,97,301.97,0
20.86,56.12,154,192,1348737.34,104,199.54,1
2.52,34.03,1,1,809.95,94,276.8,0
28.26,51.69,112,141,447986.6,126,208.32,1
7.39,30.14,1,1,2545.28,93,310.49,0
88.28,68.19,0,2,38519.62,103,436.89,2
30.61,48.54,0,0,78317.52,100,68.16,0
22.98,48.0,131,97,2519704.72,132,307.25,1
11.74,19.34,2,1,335.37,80,158.42,0
73.01,58.44,2,2,76356.79,99,368.19,2
1.6,26.12,1,1,1110.74,80,320.55,0
0.58,36.0,2,6,47.35,74,259.0,0
14.04,28.5,1,4,839.54,101,163.73,0
7.09,43.75,0,2,61.23,74,258.19,0
10.0,43.74,71,114,669055.7,124,258.52,1
29.47,86.34,146,110,1681218.09,107,243.53,1
10.0,43.19,161,107,780432.19,87,281.18,1
62.97,60.02,0,2,3273.13,96,178.39,2
80.81,55.81,1,0,29928.83,94,86.94,2
29.04,54.67,5,11,123802.35,97,277.56,1
3.79,19.31,0,4,3820.02,86,256.27,0
36.76,38.06,156,191,1806528.54,114,303.11,1
68.36,75.48,1,0,78908.63,112,453.18,2
65.69,72.2,2,0,109420.71,82,290.86,2
85.01,80.52,0,0,5023.88,117,340.74,2
0.0,28.96,1,3,130.21,83,329.69,0
7.11,23.83,0,0,2265.13,83,278.46,0
43.78,70.33,134,66,18205.62,180,326.41,1
27.24,58.62,73,144,19101.56,129,408.15,1
6.98,33.82,1,1,952.72,66,68.34,0
75.51,81.6,3,0,115804.68,115,280.83,2
54.88,35.72,1,4,25551.57,103,306.57,0
75.0,43.36,179,179,474926.46,113,115.5,1
5.24,39.06,4,2,410.75,85,222.24,0
77.57,71.42,1,0,86298.58,98,335.19,2
3.52,21.91,1,1,2731.09,73,102.39,0
9.84,19.31,3,2,421.87,99,275.89,0
88.83,80.66,0,2,100909.4,103,196.71,2
5.8,50.17,1,2,1369.97,60,149.63,0
20.59,58.51,52,222,1688706.76,106,440.15,1
77.48,71.53,0,1,66761.08,101,211.42,2
37.26,49.8,124,114,36635.48,125,115.15,1
27.29,55.33,117,171,492704.67,76,173.13,1
40.67,57.16,107,84,1433878.5,101,348.05,1
65.95,90.0,85,123,208859.32,122,207.77,1
53.91,54.11,100,99,1470190.71,134,217.58,1
49.5,64.55,62,22,12357.07,104,210.46,1
63.24,56.97,2,2,47525.13,127,394.5,0
5.99,36.78,0,2,1093.34,63,259.99,0
61.69,73.35,1,0,78384.75,95,165.57,2
39.21,57.13,115,101,215576.93,110,186.42,1
8.24,24.41,0,3,413.55,94,381.23,0
80.74,69.99,3,2,58691.45,112,272.02,2
49.03,44.3,148,137,661465.13,81,220.63,1
30.93,54.38,136,225,803063.91,90,359.94,1
0.17,45.53,1,3,915.55,95,296.13,0
83.46,80.48,1,0,151112.76,113,258.76,2
63.91,78.17,4,1,43363.06,101,180.5,2
1.26,23.39,3,1,10.0,84,245.16,0
13.77,61.61,8,23,150530.47,118,312.07,1
9.77,32.21,0,0,210.95,71,319.51,0
4.18,36.62,1,1,3615.56,91,291.41,0
84.0,71.61,1,1,24145.37,73,339.97,2
76.0,77.02,2,0,47716.44,123,85.64,2
54.96,58.06,138,57,47182.1,142,337.56,1
49.83,63.1,72,158,632160.98,151,262.02,1
46.43,47.2,68,205,84623.37,111,219.8,1
72.84,86.07,1,0,4445.6,106,323.97,2
49.97,61.84,1,1,4975.04,95,227.0,0
93.1,62.19,1,2,61246.82,99,114.13,2
42.82,63.33,161,156,568282.64,100,228.94,1
0.0,24.7,2,3,3941.09,69,298.9,0
3.86,34.63,0,1,2715.89,98,230.38,0
64.37,67.05,1,1,253782.59,96,372.68,2
82.41,84.73,1,2,12650.25,79,239.57,2
22.26,67.04,2,1,55590.6,99,173.91,0
2.06,26.04,0,0,688.8,59,217.47,0
12.02,30.29,0,5,4531.1,70,318.05,0
65.9,83.85,1,1,9079.85,108,241.63,2
77.51,78.34,0,2,132789.01,96,170.05,2
50.47,73.68,100,158,196934.47,127,264.46,1
20.0,30.0,1,1,49188.94,115,140.17,0
48.93,68.81,117,185,18983.65,88,383.76,1
8.47,44.17,0,0,13.95,72,329.89,0
8.47,26.23,0,1,5963.14,68,217.4,0
9.02,23.47,0,0,2066.19,77,260.24,0
0.0,34.67,0,3,1629.6,93,224.66,0
18.89,63.76,145,140,579694.83,86,140.78,1
26.88,50.97,5,5,3889.66,127,218.81,1
34.26,56.34,129,253,344001.44,111,215.76,1
8.71,25.37,1,3,83.95,67,308.28,0
87.73,68.34,0,0,12315.48,79,259.12,2
21.06,63.17,154,163,582914.6,142,405.7,1
1.4,40.04,0,4,2351.8,97,249.63,0
15.97,64.34,165,190,558563.07,138,82.68,1
51.73,63.78,90,170,1348299.98,152,226.77,1
20.6,41.23,78,88,17051.04,118,222.04,1
12.2,31.17,3,1,1993.14,82,321.38,0
88.01,73.95,2,1,108058.49,75,338.95,2
31.55,48.54,190,113,1937935.76,120,177.61,1
35.71,61.47,49,140,51493.77,121,213.33,1
7.08,19.83,1,0,1920.02,76,333.73,0
16.86,44.37,110,213,129900.62,99,199.05,1
66.12,71.15,1,2,5435.97,99,176.98,2
78.07,72.71,0,2,30234.47,99,289.55,2
6.53,28.34,1,2,1999.81,89,254.24,0
55.5,51.42,157,69,170980.24,116,457.82,1
6.64,16.85,1,2,239.84,65,385.5,0
80.86,81.11,0,0,90957.67,83,320.55,2
26.3,48.68,144,149,19936.1,106,171.16,1
1.1,31.63,0,3,894.74,76,304.27,0
34.0,64.63,30,186,339489.27,163,194.93,1
48.08,54.82,2,3,253283.78,99,195.78,0
51.85,57.48,2,2,187426.57,120,231.44,0
48.06,60.13,106,148,356274.6,162,148.41,1
0.0,39.82,0,2,2339.76,58,95.29,0
21.94,25.29,7,25,339687.14,101,268.14,1
9.0,28.04,1,3,1605.45,88,391.63,0
34.46,25.0,50,168,182129.07,107,254.69,1
30.53,42.13,193,137,631535.17,104,352.06,1
5.01,44.28,0,0,1336.86,81,214.95,0
29.97,44.97,0,2,11422.07,83,231.21,0
0.0,29.39,1,1,5802.29,80,201.22,0
2.78,15.11,0,4,2348.06,90,193.58,0
89.51,55.0,1,0,29343.89,85,282.57,2
20.42,33.4,7,18,1211919.55,91,291.21,1
7.74,28.14,1,5,292.8,70,162.22,0
75.29,78.71,1,2,7727.83,100,147.16,2
7.35,37.75,0,4,66.58,76,165.79,0
1.82,11.2,3,0,2768.16,81,219.3,0
16.68,67.93,112,123,195089.84,141,201.52,1
9.37,21.2,3,4,2978.53,79,328.3,0
20.09,46.41,159,121,1356712.74,145,313.38,1
35.67,48.38,137,172,22787.19,137,414.92,1
85.3,82.85,1,0,16506.35,106,299.41,2
6.39,36.54,6,13,36700.41,98,291.1,1
7.37,37.91,0,4,3133.51,59,174.82,0
4.29,52.52,2,5,2962.39,96,327.35,0
2.29,41.06,0,2,1538.79,117,242.44,0
8.61,33.42,1,1,4435.49,97,242.45,0
21.02,77.62,60,96,656417.95,133,233.56,1
11.6,33.72,2,0,838.13,113,333.73,0
36.53,71.25,6,31,65650.24,70,50.0,1
0.0,17.48,0,2,7474.29,75,203.35,0
61.81,63.0,1,3,97463.44,75,316.52,0
76.84,83.39,3,1,79451.8,80,239.7,2
10.38,29.73,0,0,3846.6,66,163.82,0
7.12,10.0,1,0,4991.61,73,331.06,0
57.06,71.27,0,1,309091.55,90,208.66,2
4.06,30.62,0,2,198.93,86,176.2,0
38.59,70.89,54,48,150168.94,116,252.12,1
4.61,34.41,1,3,9115.58,70,338.49,0
2.87,15.88,0,1,11076.57,73,338.51,0
76.44,66.0,1,0,68827.28,107,264.96,2
34.68,43.02,0,0,157284.97,92,273.3,0
64.59,54.36,128,160,20826.21,120,58.26,1
3.69,36.3,0,1,1486.24,92,282.63,0
14.86,39.51,3,3,6627.39,70,232.96,0
2.95,21.62,0,2,1134.08,101,326.16,0
78.22,65.34,0,1,258370.2,76,405.22,2
17.97,44.59,9,31,52068.07,130,170.68,1
15.96,45.35,123,170,355778.21,137,260.48,1
0.0,25.36,2,2,774.42,70,226.37,0
38.03,48.06,1,2,137452.85,109,172.6,0
65.29,41.78,3,3,55629.74,83,218.15,0
10.0,55.85,118,221,475135.98,99,272.83,1
48.46,56.08,115,94,1319299.43,124,182.63,1
82.13,90.29,3,0,35103.83,117,146.35,2
42.07,67.32,227,188,717929.99,139,80.52,1
10.0,58.67,126,190,227524.75,127,207.83,1
6.15,32.41,1,3,1508.57,79,359.4,0
13.01,10.0,1,0,499.41,98,231.41,0
4.03,27.31,1,2,3094.14,93,290.43,0
7.18,43.57,7,27,122245.52,147,207.86,1
7.96,29.35,1,3,2163.0,97,292.29,0
31.45,41.39,9,15,343433.59,126,312.87,1
9.26,36.63,1,4,3195.45,85,334.98,0
86.42,90.82,0,3,5857.36,112,104.82,2
52.51,79.16,93,196,967656.94,117,289.69,1
43.07,62.89,67,178,1660997.71,81,186.93,1
47.8,50.23,1,2,21508.04,118,249.69,0
10.0,37.78,131,148,93660.19,110,237.97,1
8.74,29.55,0,2,4732.59,83,399.13,0
3.88,27.56,2,1,347.07,86,244.54,0
10.1,34.25,1,1,176.33,67,200.97,0
93.18,68.09,1,0,9061.23,66,132.6,2
1.01,31.75,2,4,350.05,99,422.76,0
19.74,58.52,117,69,1203686.56,111,225.32,1
20.66,59.64,140,102,2109733.44,92,202.34,1
5.41,24.22,3,1,1581.83,67,101.07,0
9.37,24.45,0,4,2679.55,74,309.82,0
51.76,38.25,0,2,4149.1,75,200.84,0
60.18,64.77,1,1,41376.31,99,204.61,2
26.88,52.83,172,83,110118.61,119,316.8,1
63.53,80.46,0,0,7137.95,105,211.48,2
35.59,67.59,91,156,174825.08,99,345.05,1
83.72,77.76,2,2,55277.7,102,258.58,2
52.22,65.74,1,4,100955.57,94,271.73,0
37.99,58.44,106,83,895796.04,112,278.85,1
41.55,50.1,90,163,514675.71,121,370.38,1
43.51,40.79,1,3,2890.04,88,156.6,0
20.0,55.48,0,1,365249.18,97,258.65,0
69.54,70.87,2,1,11485.01,83,184.2,2
88.15,55.0,3,1,172216.38,74,78.99,2
26.86,63.65,69,150,626654.68,130,174.33,1
2.99,20.51,2,3,1302.43,102,198.11,0
90.73,88.88,1,2,126251.3,84,262.49,2
46.5,48.13,137,238,67433.5,101,219.98,1
56.54,62.79,51,67,388591.11,111,284.82,1
47.81,58.54,1,1,39428.66,90,237.75,0
7.15,36.25,0,0,937.47,80,133.4,0
27.44,60.75,6,10,310436.36,105,412.32,1
82.41,79.38,3,1,83261.56,118,148.9,2
25.3,62.37,120,125,50293.3,106,202.66,1
43.11,56.79,99,136,318832.98,109,253.98,1
25.55,50.25,86,122,387945.13,103,294.39,1
70.45,79.78,1,1,136506.02,111,225.57,2
23.24,59.97,97,102,333103.44,124,149.0,1
6.69,33.69,1,2,4963.27,53,178.6,0
88.8,56.35,0,0,3544.91,91,266.92,2
45.75,60.82,136,107,108474.01,101,177.05,1
47.99,50.29,118,202,306206.95,122,319.95,1
1.87,37.87,0,4,928.7,83,173.78,0
76.71,65.99,1,0,11086.09,86,262.39,2
27.51,45.66,132,153,121640.69,116,117.39,1
2.48,40.38,2,1,397.08,75,154.03,0
47.21,55.31,117,136,151716.04,89,159.54,1
36.66,56.79,4,31,194096.02,115,112.58,1
6.27,23.8,4,1,2757.51,80,359.46,0
26.79,46.69,98,139,6083.54,99,206.75,1
27.57,55.28,1,5,95138.53,97,218.17,0
46.39,44.89,0,1,59112.66,66,262.83,0
11.15,42.56,0,13,462482.27,125,166.64,1
5.75,21.35,1,0,1632.69,46,296.04,0
51.49,51.77,0,0,232496.67,105,274.76,0
10.1,27.92,0,1,39.33,91,332.37,0
0.0,31.12,2,0,1652.66,83,260.86,0
6.62,30.08,1,4,970.82,86,251.82,0
35.39,40.59,65,193,362542.87,85,200.19,1
12.88,38.46,1,3,324.92,105,141.1,0
8.22,33.69,0,3,4362.1,79,274.52,0
24.09,42.6,132,86,388416.01,130,261.45,1
8.64,17.18,0,3,946.67,68,250.85,0
47.29,59.22,2,1,302086.2,101,281.66,0
7.74,35.7,2,1,1093.51,91,292.76,0
9.16,36.01,6,20,3447.49,106,176.78,1
1.97,25.83,2,1,29.26,67,418.24,0
2.52,36.93,1,5,4778.91,76,177.07,0
49.1,64.08,92,56,613076.39,115,298.41,1
10.93,27.21,0,3,153.13,89,233.57,0
76.62,68.09,0,4,62363.31,96,318.15,2
6.52,21.89,0,2,1227.73,117,160.94,0
5.0,57.0,7,11,219742.65,139,271.99,1
7.97,28.75,1,1,868.7,81,293.82,0
74.94,69.72,1,0,112851.74,90,288.36,2
25.68,40.5,114,160,634663.69,70,249.95,1
8.28,21.65,0,2,857.75,98,222.88,0
8.93,28.74,2,3,1186.15,101,50.0,0
23.12,40.48,9,21,33974.53,111,212.59,1
93.48,62.46,1,3,141258.33,78,304.08,2
57.55,59.16,93,71,115337.75,92,242.61,1
65.67,72.09,0,0,18449.72,94,88.65,2
34.58,49.4,129,201,182877.68,114,206.93,1
43.53,49.86,122,121,295452.89,111,50.0,1
5.51,25.49,0,2,2642.76,83,226.16,0
5.34,29.94,1,3,2150.41,92,319.96,0
25.44,64.05,78,80,595296.53,135,197.63,1
29.96,41.18,6,48,541065.55,138,213.57,1
9.02,32.15,4,1,479.41,85,176.44,0
56.77,73.24,0,2,115695.56,93,288.49,2
12.36,28.64,1,4,290.81,96,332.44,0
68.84,74.45,1,0,83763.76,78,232.46,2
5.06,31.5,3,1,720.2,66,139.09,0
89.41,74.23,3,1,56647.24,94,255.61,2
2.55,33.18,1,3,1213.61,63,258.47,0
13.99,36.9,2,1,2822.97,74,283.41,0
7.31,20.19,1,2,4518.04,99,273.76,0
3.09,30.64,0,2,1894.27,59,385.44,0
28.24,37.81,73,112,1175987.88,118,249.02,1
0.0,22.44,2,6,2521.8,83,247.03,0
97.66,84.57,1,0,47381.32,119,242.3,2
34.57,43.13,129,168,108861.62,111,364.47,1
38.46,70.2,82,223,1858748.27,142,279.18,1
2.05,14.41,1,0,2448.93,56,259.85,0
10.48,33.23,1,0,431.39,101,298.63,0
37.63,61.08,4,16,479039.96,109,355.48,1
38.11,43.06,118,206,750774.87,138,330.41,1
7.34,22.85,2,2,1959.02,95,160.78,0
0.0,39.01,1,1,63.3,57,236.03,0
23.19,66.37,190,181,449094.68,128,221.99,1
62.94,33.78,102,117,15999.95,127,351.17,1
93.91,68.33,1,3,37286.02,75,161.68,2
11.16,38.01,1,1,247.78,96,178.54,0
2.55,32.43,0,1,1203.58,93,243.35,0
27.6,48.99,4,24,10486.0,126,231.37,1
10.39,27.43,1,1,902.96,81,347.61,0
5.24,17.53,1,1,1218.68,99,206.8,0
37.73,62.86,179,202,28648.93,124,381.89,1
69.37,66.35,2,0,6767.88,74,221.4,2
44.61,46.42,0,1,8812.86,82,175.55,0
63.19,78.15,2,3,44875.02,81,147.65,2
19.74,44.87,118,128,50646.41,119,146.95,1
87.63,72.03,2,2,117967.92,111,370.73,2
68.67,81.32,1,0,391650.36,83,297.11,2
26.78,75.07,121,145,630670.31,108,262.9,1
41.22,61.12,118,139,138264.99,121,202.95,1
9.98,32.27,1,1,281.45,75,220.58,0
3.02,32.18,0,0,319.08,87,477.46,0
48.04,36.54,34,170,1553479.61,158,187.81,1
41.8,59.59,118,127,346381.85,103,281.8,1
7.0,33.07,0,1,3071.36,47,67.11,0
10.0,57.47,89,151,1090820.06,114,255.52,1
0.17,26.37,0,3,7296.68,68,206.04,0
11.44,17.32,0,3,960.71,85,217.14,0
74.45,64.36,1,0,548.88,89,222.15,2
81.4,80.8,0,2,130056.59,94,184.07,2
4.8,17.49,0,3,515.66,93,259.22,0
3.54,31.57,2,3,917.26,71,124.58,0
27.44,25.0,94,95,415187.68,103,192.47,1
53.21,58.34,94,170,318034.57,126,266.69,1
87.3,82.24,1,2,23678.31,87,271.68,2
49.85,73.85,167,247,940267.72,135,50.0,1
2.99,32.61,2,1,4659.24,68,370.04,0
24.52,59.1,77,154,10532.48,127,200.19,1
7.37,49.5,2,10,210487.46,141,217.29,1
7.05,23.62,0,3,215.86,103,196.05,0
64.2,77.65,0,2,13281.64,65,251.7,2
41.04,39.92,2,3,16908.01,99,330.01,0
5.85,30.56,3,2,772.0,64,222.04,0
43.46,58.91,138,147,83690.81,115,264.12,1
10.0,63.76,103,125,29414.08,115,385.32,1
19.81,52.89,149,192,704297.18,146,301.48,1
7.46,26.18,3,2,1766.27,72,301.58,0
27.0,56.64,105,119,466921.49,133,184.15,1
33.82,69.25,83,195,249542.15,113,265.91,1
20.0,30.45,1,1,19312.28,93,249.34,0
7.45,32.37,3,3,3532.34,58,238.53,0
34.36,52.49,1,1,63026.04,104,235.83,0
0.36,26.59,1,0,2452.17,52,111.49,0
6.36,24.85,0,1,103.24,122,240.51,0
5.0,58.62,5,22,578989.83,107,222.44,1
61.95,66.51,218,120,660715.12,99,343.35,1
0.49,34.72,1,2,3329.93,67,265.77,0
73.49,80.46,0,1,24990.38,108,251.13,2
1.47,24.86,1,2,4085.35,89,331.67,0
7.84,34.07,1,1,1413.39,64,240.23,0
62.41,41.42,1,2,9422.19,101,256.04,0
49.04,49.43,2,3,52835.12,131,225.9,0
6.3,15.83,0,0,910.49,44,272.07,0
49.1,74.18,132,132,169035.84,118,224.0,1
28.52,40.52,67,110,417005.98,134,316.68,1
74.21,79.09,0,0,16283.39,82,335.73,2
5.09,27.51,1,3,5575.28,45,340.54,0
0.6,38.12,1,3,2611.21,67,225.11,0
100.0,65.33,2,0,45523.63,108,456.42,2
38.35,47.9,124,99,116339.82,102,152.42,1
40.29,70.47,131,143,1123555.22,130,145.74,1
45.6,34.77,3,2,5128.75,89,187.91,0
43.81,63.74,186,94,126789.82,171,271.19,1
79.92,77.01,1,0,57977.1,111,340.07,2
16.31,42.77,10,14,89546.57,113,357.37,1
89.22,73.99,0,1,157813.13,107,112.15,2
13.11,40.3,0,1,527.56,95,222.3,0
3.51,31.97,4,6,52.62,58,414.71,0
50.0,63.28,0,1,26495.05,86,249.08,2
13.49,56.79,9,16,66482.05,99,342.7,1
10.01,25.28,0,3,2108.57,86,186.68,0
2.03,21.97,0,2,363.64,100,280.35,0
4.04,24.25,2,1,1494.11,85,147.01,0
20.55,46.05,157,233,1428868.79,119,211.17,1
50.0,74.97,3,0,112429.71,107,277.32,2
24.0,57.99,124,207,20212.15,141,241.51,1
89.17,86.27,1,0,255005.13,99,126.83,2
6.51,35.68,0,2,4546.77,89,323.48,0
5.64,26.88,0,1,2235.35,41,141.57,0
43.28,37.2,201,222,684876.76,119,152.99,1
0.0,26.9,0,1,412.0,77,216.24,0
21.95,39.77,47,147,1314817.71,114,242.82,1
0.0,13.85,1,0,3243.89,52,193.3,0
20.46,53.04,3,10,75361.58,143,249.0,1
62.29,50.98,137,90,403371.84,85,335.77,1
10.34,18.23,2,1,79.7,49,193.64,0
0.0,32.18,1,3,814.48,60,205.35,0
8.64,19.36,1,2,2440.83,109,134.61,0
44.46,47.4,136,266,64899.76,127,334.61,1
11.92,61.87,7,26,540826.78,114,271.38,1
4.63,27.62,3,1,132.34,81,201.94,0
3.89,18.4,1,4,2744.05,82,322.08,0
11.85,56.93,118,99,14710.93,133,259.16,1
72.78,86.67,0,1,31490.53,127,225.82,2
10.0,40.73,225,95,570742.71,100,384.57,1
0.43,35.53,0,4,504.75,67,333.01,0
5.24,21.67,0,4,894.42,83,303.37,0
66.18,86.42,0,2,69208.35,103,98.48,2
8.17,44.17,0,0,1191.69,90,287.99,0
50.94,49.86,1,2,612.22,135,233.33,0
23.68,48.49,3,11,787142.63,114,280.18,1
20.97,50.84,4,8,23193.69,94,336.66,1
42.66,49.9,1,2,113606.95,103,173.19,0
2.84,20.4,1,3,192.89,79,144.17,0
10.0,40.24,92,166,93101.38,105,216.36,1
82.16,70.55,1,2,125524.6,118,282.28,2
94.27,64.9,1,1,22438.56,113,242.39,2
64.7,57.9,3,1,115530.49,81,250.49,0
5.28,28.13,0,0,1441.35,95,225.32,0
85.95,84.75,0,1,29992.85,82,232.07,2
51.79,50.42,97,104,56882.95,167,325.63,1
2.42,37.27,1,4,4456.56,77,190.02,0
34.25,50.71,264,150,650405.6,139,239.38,1
45.85,54.66,5,32,404227.11,89,440.15,1
4.96,34.81,2,2,746.67,83,468.87,0
19.73,39.49,4,42,62254.97,111,264.8,1
62.36,71.89,0,1,127810.01,69,348.45,2
33.34,38.33,113,122,864575.12,121,245.61,1
84.41,76.13,2,1,232876.0,115,143.29,2
63.94,43.66,138,107,273165.47,107,327.84,1
15.2,66.03,154,75,89300.22,105,271.16,1
6.11,10.0,0,1,665.33,83,227.67,0
48.42,51.71,124,100,1121683.76,100,239.28,1
84.78,63.12,1,1,131858.18,105,174.6,2
5.33,33.9,1,2,1689.62,94,228.58,0
10.42,26.96,2,3,2664.19,90,168.37,0
53.34,64.26,0,0,2935.44,108,197.76,2
55.18,82.58,1,2,212668.84,88,275.08,2
10.0,64.82,97,178,501224.92,134,152.25,1
27.79,51.42,86,138,303563.56,124,222.19,1
50.29,74.17,56,117,80900.34,112,247.15,1
33.17,67.16,166,63,459779.88,106,229.03,1
74.58,77.39,1,2,9611.8,92,297.38,2
20.0,53.29,2,5,121779.69,123,270.61,0
84.67,72.1,0,1,20013.24,98,264.64,2
7.76,27.36,2,3,603.0,88,261.03,0
69.88,66.27,2,1,45218.78,79,326.13,2
7.5,36.6,1,1,333.94,54,146.76,0
31.56,48.77,1,1,16919.63,103,192.29,0
14.34,51.06,3,13,147270.54,119,195.05,1
5.43,33.51,1,1,4652.37,88,367.01,0
25.46,62.82,170,234,1588834.45,125,287.08,1
77.66,72.1,1,1,120936.33,94,421.88,2
88.78,70.48,1,0,237024.96,91,197.9,2
41.86,51.81,134,145,1103638.02,133,287.79,1
0.55,30.3,3,3,370.84,81,321.09,0
76.93,79.48,2,1,205538.7,105,254.53,2
16.06,42.98,117,101,89060.94,137,136.16,1
1.7,10.98,0,0,98.46,62,336.62,0
50.06,37.21,84,190,917017.24,141,302.33,1
7.22,33.5,1,6,191.18,64,203.75,0
5.16,17.94,1,2,180.12,86,210.79,0
9.52,36.31,1,3,4274.95,76,214.13,0
0.0,43.39,3,1,484.03,88,240.98,0
11.63,49.34,2,4,616.2,77,54.2,0
23.1,36.53,4,0,95022.0,101,316.88,1
16.8,60.93,4,27,428079.84,80,165.63,1
22.37,58.31,79,81,227566.24,94,379.94,1
34.21,81.36,59,179,5000.0,151,81.41,1
48.38,79.1,155,143,48810.83,159,294.8,1
88.97,82.9,3,1,358677.09,107,236.08,2
9.34,25.52,2,1,118.68,97,294.74,0
55.45,58.42,0,4,68219.64,101,202.54,0
8.55,35.61,1,3,515.97,83,212.82,0
49.84,50.06,195,86,1184683.63,101,151.04,1
83.6,86.99,3,0,21117.2,128,249.0,2
75.35,64.62,1,2,16359.71,74,156.27,2
32.25,47.01,83,143,1072245.55,110,207.43,1
0.0,40.52,3,2,3997.34,60,207.25,0
10.48,46.48,0,3,3186.23,96,273.6,0
31.51,59.72,143,233,104729.89,127,170.46,1
13.06,66.63,5,8,491920.73,123,444.32,1
29.87,54.39,3,22,40334.85,108,296.27,1
0.0,36.22,0,1,813.49,76,180.52,0
80.85,64.71,1,0,38525.8,116,164.2,2
4.07,42.78,0,3,1228.09,86,331.46,0
62.93,75.47,0,2,75074.92,103,188.86,2
76.04,68.23,1,1,18857.77,78,160.61,2
96.27,70.65,1,4,330079.09,107,297.8,2
59.77,73.74,1,0,53414.83,110,260.62,2
24.11,60.41,86,210,927705.25,133,300.21,1
87.82,77.01,0,1,79693.56,96,259.32,2
76.75,80.2,2,1,83809.95,89,490.67,2
27.87,38.39,122,153,627203.83,132,117.67,1
2.39,27.43,1,1,981.05,83,165.18,0
74.38,86.08,1,1,42248.06,107,288.27,2
38.43,47.5,99,149,385887.37,122,268.9,1
1.1,29.42,1,2,2138.06,101,246.29,0
34.94,36.11,86,185,1223679.23,108,125.72,1
40.44,54.63,156,172,391623.19,81,339.22,1
4.75,38.98,1,4,1354.28,78,167.56,0
59.97,62.0,39,94,884132.01,103,209.5,1
23.66,50.85,177,154,150155.99,96,265.22,1
24.09,53.31,70,74,679096.38,122,214.26,1
0.09,30.24,0,1,1627.11,77,257.49,0
18.7,49.07,108,131,243070.96,112,127.6,1
8.59,26.76,2,2,2891.64,73,220.28,0
31.9,65.49,6,29,153917.89,117,461.62,1
7.9,40.7,10,18,554853.26,120,262.37,1
18.53,47.89,5,10,9835.4,102,54.86,1
88.37,60.73,1,1,9141.34,111,99.22,2
73.53,73.79,0,1,183995.78,105,292.4,2
65.27,80.13,1,1,20752.9,113,192.11,2
32.04,62.08,149,220,875417.45,120,265.53,1
38.7,53.4,1,1,57362.53,63,177.89,0
9.51,31.09,2,5,2128.27,72,255.13,0
44.44,54.36,0,2,2225.07,89,280.47,0
84.27,81.35,1,3,99019.11,111,314.1,2
16.01,46.78,158,164,205292.15,119,438.48,1
34.64,42.9,1,2,76782.68,113,197.3,0
77.37,71.33,0,1,394211.05,104,323.66,2
7.34,39.0,3,2,4327.2,86,307.49,0
4.5,31.35,2,3,332.05,81,317.98,0
24.49,67.9,163,176,267045.23,119,96.22,1
26.44,81.19,13,18,1991190.72,79,155.33,1
46.34,66.65,132,146,627476.5,154,296.4,1
27.47,61.26,111,197,250663.39,133,199.39,1
71.24,76.96,0,0,178521.63,112,279.5,2
41.79,72.4,100,137,155808.72,127,228.76,1
12.46,33.31,1,1,945.77,101,236.13,0
4.36,30.63,1,2,131.8,93,278.45,0
63.46,42.92,1,2,6669.64,71,223.62,0
50.0,83.44,0,3,3943.25,98,399.26,2
7.1,25.6,0,2,3612.7,67,455.68,0
29.45,61.32,10,32,36784.65,91,205.45,1
73.66,73.75,2,3,171041.14,104,145.27,2
53.36,62.67,151,154,129337.09,137,253.29,1
10.0,51.02,139,212,26416.76,99,346.46,1
70.84,90.7,0,1,121622.04,102,169.46,2
5.84,32.02,1,1,1465.49,63,205.92,0
63.93,69.71,0,2,164031.8,95,337.3,2
13.29,25.69,1,1,1678.22,72,308.17,0
10.0,48.8,56,236,384369.04,97,367.18,1
26.95,55.51,162,135,194701.6,158,249.87,1
53.89,84.46,1,0,320542.9,104,277.85,2
76.14,73.63,1,1,45498.28,90,127.57,2
4.28,30.04,2,4,1089.43,88,262.47,0
72.41,71.93,2,2,88092.15,86,289.13,2
90.07,76.62,2,1,11563.63,93,272.36,2
41.58,38.83,9,24,453173.35,105,190.0,1
31.98,44.73,4,18,544462.21,96,256.88,1
64.48,47.38,30,204,106122.44,150,360.19,1
79.03,85.13,2,2,884.84,94,166.17,2
33.83,51.94,100,172,83930.96,132,231.66,1
0.33,19.94,0,1,5118.5,68,282.88,0
3.15,24.67,0,2,5743.55,87,206.25,0
5.0,43.53,5,29,251726.11,102,254.47,1
9.87,39.04,1,3,320.99,89,211.3,0
26.81,66.21,9,4,1219422.21,97,179.07,1
16.82,39.5,5,29,295815.35,117,258.38,1
27.65,38.03,144,103,224090.09,123,162.0,1
28.68,39.77,61,83,599565.07,78,195.05,1
35.69,54.75,87,131,812891.42,84,281.4,1
30.49,44.79,120,195,142364.49,131,166.94,1
97.37,55.0,1,0,181574.52,104,232.04,2
77.56,74.03,1,0,32786.08,90,148.52,2
5.54,39.69,0,0,719.25,97,184.43,0
46.17,39.56,41,125,241886.84,144,403.57,1
32.61,53.42,98,225,534200.85,110,116.11,1
84.27,69.93,1,0,184199.2,101,176.15,2
21.83,54.19,81,134,1010107.31,140,267.96,1
4.96,41.92,1,2,7465.85,72,283.96,0
0.03,12.98,3,2,2116.31,52,435.35,0
5.62,31.06,1,3,47.38,79,214.34,0
43.4,55.96,134,132,134177.88,111,251.2,1
10.0,54.93,74,287,59257.62,133,218.68,1
73.25,71.47,0,0,21821.32,75,275.1,2
28.05,59.83,125,179,542853.65,129,204.51,1
10.0,55.48,91,168,1067808.83,116,234.16,1
1.52,22.18,0,1,27.29,77,286.15,0
38.15,38.5,40,179,615250.77,101,242.49,1
37.5,48.43,5,17,134696.89,93,286.31,1
18.06,44.7,71,142,47889.66,134,277.72,1
5.87,36.37,1,3,5580.65,74,166.3,0
29.98,58.96,1,2,61673.65,91,389.05,0
48.55,53.5,2,3,7286.91,89,313.15,0
2.86,31.95,1,1,1283.14,77,220.03,0
31.18,57.31,83,182,121819.02,123,337.77,1
11.95,27.9,4,3,2150.88,51,222.01,0
82.76,89.03,1,1,164864.69,93,149.51,2
17.69,55.7,59,42,29744.52,73,187.5,1
9.28,21.78,1,2,9392.44,80,279.84,0
2.45,22.05,1,0,202.4,40,229.88,0
0.49,33.74,2,2,868.4,56,187.79,0
1.56,30.25,1,2,310.3,100,189.8,0
11.85,33.59,1,0,814.74,90,446.04,0
42.47,62.98,133,117,211770.31,130,251.03,1
0.37,24.26,2,2,932.05,80,334.35,0
4.99,35.95,0,0,3713.38,80,135.82,0
23.74,56.65,108,164,1010602.98,146,178.79,1
47.13,46.36,47,232,495304.0,109,128.78,1
11.44,34.86,0,2,1183.48,82,327.63,0
15.24,61.74,7,18,398087.1,95,92.57,1
1.36,33.14,2,3,1728.16,70,144.96,0
4.44,34.18,2,2,1001.37,103,315.15,0
6.13,55.0,1,2,6983.25,87,215.46,0
77.62,67.74,0,3,151537.96,88,228.26,2
26.08,68.72,103,111,272819.9,131,282.95,1
33.17,56.41,0,5,105175.64,108,192.16,0
35.62,76.78,135,131,425516.03,139,307.68,1
81.23,74.1,1,1,79728.07,120,244.06,2
85.45,77.39,1,0,164755.36,103,228.6,2
40.93,43.73,46,197,37643.73,106,251.61,1
31.92,83.93,159,175,146093.63,160,236.24,1
84.52,63.37,2,0,80267.4,108,296.67,2
100.0,70.34,0,1,7025.09,97,350.22,2
51.75,56.29,114,152,1212906.2,112,323.9,1
4.95,26.91,2,3,411.01,52,136.68,0
10.0,73.75,135,99,97542.98,103,305.77,1
0.0,24.08,2,0,3128.21,81,334.28,0
73.29,90.21,3,1,55138.28,132,279.16,2
40.72,67.46,111,47,5000.0,149,279.0,1
41.88,65.96,128,162,1159072.05,129,252.83,1
46.6,38.35,1,2,38495.9,74,290.17,0
38.6,53.89,145,139,706889.47,109,386.0,1
5.65,25.21,0,2,668.72,55,154.75,0
12.07,35.04,0,1,1101.3,74,185.75,0
6.29,16.33,1,1,467.79,76,380.75,0
28.74,63.88,122,212,21604.7,83,249.87,1
11.06,20.63,1,1,166.82,63,371.97,0
4.51,37.17,0,1,1842.25,91,225.2,0
9.07,27.57,0,8,2763.83,88,340.24,0
40.79,41.7,119,114,339671.0,134,257.94,1
10.42,17.89,1,3,827.03,79,194.31,0
70.26,75.88,0,1,107280.44,116,161.81,2
49.1,76.56,110,150,682485.35,105,191.66,1
65.46,74.3,0,3,55608.56,116,212.21,2
70.0,55.62,0,3,92904.11,95,208.46,0
5.0,61.53,6,14,138344.1,130,290.97,1
75.68,68.24,0,3,90560.62,91,340.97,2
22.6,33.41,2,4,49513.11,57,208.59,0
2.14,30.06,2,1,2104.24,63,194.48,0
75.07,82.91,0,2,147397.75,105,137.34,2
9.66,21.59,1,2,26.9,68,123.14,0
0.0,31.96,0,3,4299.21,66,226.44,0
27.54,58.73,152,169,94988.68,121,295.98,1
3.51,21.18,2,1,1156.31,46,229.94,0
77.06,73.66,1,1,217412.47,98,254.58,2
24.14,58.67,179,258,867128.37,147,361.51,1
68.72,81.35,1,0,40728.8,107,218.56,2
31.27,62.4,88,138,450032.5,79,151.54,1
7.47,28.07,2,0,1569.32,71,214.69,0
83.9,66.36,2,0,221712.65,80,345.17,2
74.9,83.44,1,3,100959.98,65,116.25,2
10.0,48.84,195,109,86258.33,155,257.01,1
4.37,24.87,0,2,193.93,53,226.59,0
13.57,19.92,0,1,7161.91,78,503.35,0
81.95,70.08,1,1,534122.9,109,178.11,2
41.2,43.67,183,196,132196.11,110,209.26,1
10.1,21.94,0,1,2187.4,89,271.72,0
28.75,67.13,113,123,190687.4,111,186.23,1
41.21,31.15,140,160,422856.92,139,310.0,1
41.29,36.64,90,168,753004.78,94,220.42,1
45.19,63.58,99,110,329854.77,136,184.08,1
60.89,63.07,2,1,84805.27,121,219.85,2
69.22,64.42,1,1,1891.49,103,337.7,2
4.15,14.83,0,2,75.43,75,268.94,0
19.9,52.87,6,15,1775658.73,96,244.53,1
8.97,45.86,0,4,2800.42,81,211.85,0
4.18,34.18,2,3,2288.71,76,318.7,0
9.16,17.7,2,2,1283.85,107,298.09,0
10.03,63.4,2,18,275259.39,102,164.47,1
86.27,71.72,1,1,45943.1,92,135.93,2
47.75,49.61,77,122,683651.04,100,234.62,1
41.56,63.89,129,115,1920528.29,139,218.6,1
32.4,55.75,161,164,1193045.58,106,306.02,1
43.11,42.52,116,191,355964.09,116,171.5,1
11.52,73.82,98,122,490797.93,81,323.0,1
39.96,44.47,1,1,13375.58,121,270.79,0
34.2,65.47,119,115,175120.11,138,302.29,1
4.45,43.22,4,2,401.91,73,184.34,0
5.0,46.63,9,15,55565.25,82,240.79,1
75.37,87.94,0,0,173283.34,88,235.32,2
6.86,34.59,3,2,4600.02,94,180.52,0
76.68,79.45,0,0,31348.63,60,139.11,2
6.72,27.89,1,5,746.09,79,273.9,0
31.27,82.87,121,173,1512877.72,130,255.36,1
64.96,80.36,1,1,14123.83,124,223.81,2
93.35,79.4,2,2,148781.96,95,251.95,2
3.83,22.27,1,0,229.89,78,267.86,0
91.3,70.46,0,3,97370.7,124,169.86,2
34.88,55.67,9,13,497470.75,91,161.95,1
68.51,70.86,0,1,110327.47,98,189.47,2
83.88,70.43,0,3,119216.4,135,181.75,2
56.02,58.85,137,189,354736.14,102,146.72,1
39.99,27.98,168,113,386618.04,150,313.06,1
26.96,60.75,89,120,420695.85,106,330.28,1
7.2,39.26,4,27,60366.78,95,171.6,1
54.93,55.63,0,2,57832.69,114,294.74,0
6.37,50.28,1,2,1342.98,95,205.07,0
38.01,63.22,79,125,88441.53,127,250.57,1
0.0,30.26,0,4,890.58,81,278.96,0
12.14,47.11,66,173,42917.42,130,251.44,1
38.9,40.36,8,12,277285.29,117,341.98,1
82.66,86.38,4,2,4039.05,121,271.05,2
19.03,53.93,188,142,333120.44,119,256.05,1
82.16,67.97,4,3,481278.05,84,189.95,2
10.0,43.4,100,38,18163.64,119,219.6,1
5.65,44.52,1,2,720.65,82,204.29,0
76.86,86.51,0,0,143791.13,95,224.86,2
72.17,94.76,0,0,94920.15,112,198.73,2
43.51,59.62,134,60,115413.37,119,219.04,1
87.28,58.64,0,0,54813.26,82,458.11,2
17.44,58.14,82,51,45029.11,143,343.03,1
55.38,74.85,104,112,564880.75,147,325.17,1
0.08,28.31,0,3,1657.95,102,398.63,0
7.92,24.93,0,1,10.02,95,203.6,0
8.48,42.1,0,1,5353.47,55,97.58,0
4.31,24.57,0,1,716.18,91,146.85,0
81.25,77.99,1,0,25651.3,92,374.57,2
20.0,50.57,1,1,23713.88,62,130.03,0
40.2,57.52,140,164,571065.41,125,95.27,1
20.84,53.59,122,112,423048.2,134,194.64,1
30.16,49.36,142,124,190679.42,107,324.31,1
66.55,46.08,0,4,148833.68,61,195.68,0
31.31,55.22,114,200,457333.96,121,126.68,1
4.66,35.13,1,2,541.55,66,260.48,0
23.13,61.26,168,169,781814.61,139,350.65,1
5.0,52.93,10,29,391344.04,117,299.91,1
2.04,32.82,1,0,2299.16,78,233.37,0
7.15,42.91,0,4,580.01,99,302.37,0
28.79,52.39,87,165,337646.93,110,243.91,1
41.52,66.02,8,16,589254.54,121,100.65,1
6.71,19.55,1,6,3657.61,71,137.32,0
26.8,48.52,3,2,196366.76,115,292.45,0
89.66,81.29,0,1,192272.84,93,342.9,2
87.39,69.69,1,2,17260.66,90,266.82,2
33.13,52.19,63,174,234980.02,96,185.53,1
55.14,40.3,155,123,6379.15,116,179.02,1
64.4,47.19,0,2,34875.33,84,291.25,0
5.64,21.15,2,3,2207.53,89,272.81,0
6.99,27.34,0,1,1908.11,98,276.32,0
32.94,40.08,0,29,569122.38,144,323.39,1
0.0,29.99,1,1,3993.2,68,176.54,0
29.42,41.95,1,3,146904.86,93,261.79,0
88.59,85.1,1,2,31539.09,100,335.64,2
52.33,70.59,137,158,290095.75,105,401.62,1
5.9,33.16,2,3,3334.04,69,229.4,0
43.95,51.2,35,185,358095.43,127,298.43,1
96.03,84.44,0,2,93828.66,98,259.0,2
7.53,33.26,1,2,525.96,71,348.98,0
28.59,30.0,1,2,27054.5,109,303.03,0
7.87,23.75,0,2,38.7,86,184.57,0
36.59,42.24,91,158,2943286.72,132,178.26,1
40.14,53.97,208,193,726612.99,117,219.96,1
25.03,59.85,82,159,166508.22,137,281.4,1
31.69,60.74,80,217,1423334.68,109,328.02,1
25.64,52.0,151,41,639145.01,126,246.53,1
49.8,63.49,73,78,317232.96,118,349.27,1
7.31,29.3,0,0,3851.96,78,237.5,0
53.97,53.7,109,268,653675.57,88,289.04,1
11.06,24.43,0,0,845.81,90,245.45,0
2.39,32.91,3,0,2108.65,65,142.77,0
8.1,28.61,1,0,4199.07,94,308.08,0
87.81,80.96,0,3,91590.11,112,209.64,2
61.15,49.99,4,3,123372.92,108,222.45,0
75.33,94.31,0,1,181660.41,88,412.66,2
51.13,58.88,103,214,827081.41,106,171.54,1
33.96,37.05,5,13,146368.63,112,284.51,1
86.24,71.66,4,0,315321.6,98,208.47,2
10.0,59.05,170,214,92107.12,80,254.64,1
7.0,27.38,1,2,1118.27,109,327.19,0
4.85,26.57,1,2,299.11,69,244.09,0
5.21,32.38,0,2,151.1,62,250.17,0
13.07,27.98,3,1,5021.44,96,132.93,0
9.71,47.61,1,4,1928.31,63,155.91,0
89.56,70.62,1,1,321280.81,97,243.83,2
70.46,40.56,171,114,230728.23,89,243.4,1
4.89,27.44,0,2,94.97,72,317.31,0
15.36,66.39,93,169,901314.81,130,201.87,1
37.88,63.91,87,145,1022833.79,72,357.84,1
12.57,28.05,0,2,1278.2,77,286.93,0
0.01,32.85,0,2,860.36,82,280.59,0
23.22,70.08,117,169,18075.42,124,258.01,1
6.02,44.7,2,0,1058.74,82,282.19,0
8.18,18.42,0,1,93.11,63,257.49,0
21.31,45.07,5,18,602924.76,100,251.12,1
26.05,53.55,85,42,33287.24,111,280.85,1
71.18,77.4,1,1,9402.54,84,221.6,2
18.9,72.38,125,78,95173.95,121,328.0,1
10.2,33.61,0,1,1104.4,82,283.34,0
0.6,30.77,1,4,401.71,69,214.88,0
0.0,16.32,1,1,4923.65,77,218.6,0
47.65,79.62,109,190,826430.77,133,332.41,1
82.91,79.04,1,1,41340.01,114,212.28,2
5.0,65.05,7,42,146713.2,96,149.03,1
100.0,83.75,0,1,36165.77,97,257.44,2
37.76,54.6,191,193,966626.34,135,274.95,1
37.58,35.15,90,233,738980.89,132,364.21,1
44.95,42.68,128,102,121609.79,123,350.81,1
83.44,98.0,0,4,60097.92,114,233.82,2
6.51,34.68,1,0,4487.82,58,325.38,0
0.0,22.42,0,4,3231.76,94,278.72,0
85.18,72.47,1,0,18140.49,112,393.94,2
86.68,76.45,2,1,66652.93,104,261.8,2
61.18,81.01,1,1,416.18,117,294.65,2
65.68,86.68,0,0,388341.87,80,225.05,2
22.68,58.85,2,1,92530.43,94,206.69,0
35.97,60.64,143,159,526310.35,109,215.99,1
8.16,29.88,2,0,451.11,75,242.66,0
76.92,68.8,1,1,75223.37,84,244.22,2
8.53,26.96,0,2,674.32,75,265.08,0
9.08,14.18,3,1,491.7,73,344.72,0
13.75,42.95,84,136,544858.9,107,208.51,1
2.65,33.52,0,2,1093.26,55,316.52,0
83.32,83.96,1,0,34766.79,120,303.46,2
45.22,38.03,120,126,725593.77,116,237.36,1
35.27,63.89,12,21,222855.4,130,350.9,1
88.21,87.73,1,0,2988.56,107,175.62,2
74.47,74.68,2,0,114910.72,108,296.75,2
51.14,74.79,1,2,308031.73,94,301.86,2
10.0,57.61,120,73,195912.88,103,178.11,1
21.58,56.42,5,0,259834.62,94,307.41,1
72.76,67.46,1,0,3398.55,92,128.14,2
22.82,55.05,67,123,214229.42,125,243.06,1
86.31,64.94,3,0,7017.45,84,356.94,2
72.85,98.0,2,1,62047.58,108,119.38,2
48.72,68.8,105,97,1088313.81,104,289.14,1
51.41,30.0,0,0,81529.65,85,168.56,0
13.45,22.95,0,0,493.23,82,130.91,0
7.89,28.65,1,1,3114.34,75,269.99,0
38.03,51.0,0,5,185200.26,83,201.23,0
32.75,51.72,96,185,133533.46,141,430.01,1
18.34,46.93,7,20,94152.64,90,201.09,1
25.6,50.47,127,147,369690.35,120,118.83,1
2.62,41.66,2,0,1925.92,104,185.67,0
34.5,58.76,115,182,429628.93,113,262.65,1
86.7,55.0,1,0,29035.38,67,72.08,2
23.57,48.6,1,4,3025.94,120,175.67,0
90.88,70.68,0,1,9528.69,127,177.23,2
4.22,26.24,0,1,65.43,44,276.21,0
40.08,67.29,128,145,546178.22,120,396.71,1
73.96,98.0,1,1,139298.1,80,189.91,2
60.02,30.0,1,0,51555.47,86,311.88,0
1.61,41.38,2,4,1671.91,77,321.47,0
7.51,33.43,1,3,2251.32,89,321.35,0
90.28,79.71,1,1,1690.49,93,407.98,2
8.47,38.45,2,4,2275.55,94,215.86,0
70.19,69.81,1,2,73640.41,96,347.57,2
3.71,30.93,0,0,3281.59,86,288.82,0
25.5,41.51,5,14,65393.15,118,467.2,1
57.44,82.34,195,160,736849.04,87,338.82,1
0.0,12.28,1,2,770.6,74,279.93,0
45.52,39.11,1,2,13760.16,123,333.02,0
44.57,57.15,38,189,53056.55,114,278.12,1
2.88,22.14,0,2,941.7,92,387.06,0
85.77,82.91,1,0,551796.94,111,237.64,2
10.0,71.39,168,47,1819743.44,110,260.53,1
10.0,42.29,69,125,108599.94,70,300.46,1
40.37,50.26,1,1,31574.82,89,209.99,0
66.4,62.3,117,224,273638.15,130,320.62,1
33.53,65.05,149,170,915151.16,121,283.41,1
10.0,37.05,96,125,307836.57,119,241.98,1
7.98,37.93,2,2,3920.06,89,314.48,0
14.63,37.38,3,1,1112.53,63,292.2,0
16.3,42.91,91,175,58094.25,105,85.64,1
6.38,29.36,1,1,435.74,63,259.19,0
39.55,65.45,156,187,1675537.09,106,298.61,1
6.47,27.48,1,7,4038.79,90,287.63,0
19.74,53.24,144,173,1145851.92,120,270.23,1
6.05,33.45,0,6,126.72,63,196.41,0
16.87,56.01,11,17,110453.39,105,316.65,1
37.04,41.71,1,2,42375.56,125,360.38,0
11.99,16.27,0,1,60.13,94,257.36,0
10.0,71.64,57,200,25887.48,120,186.55,1
32.66,57.07,86,119,775323.7,115,295.99,1
0.31,35.5,3,2,861.82,73,207.39,0
26.12,48.26,141,209,37135.61,106,249.23,1
70.65,69.12,1,1,40770.08,74,319.1,2
3.71,37.07,2,3,2001.82,81,249.58,0
5.14,28.51,1,2,4178.98,81,233.32,0
79.87,73.47,3,3,15475.2,96,232.38,2
75.61,59.97,135,78,1500461.69,139,249.74,1
54.61,62.81,152,197,500984.29,126,310.03,1
4.2,34.96,1,0,5530.04,72,256.34,0
89.17,87.0,1,1,47075.24,89,247.5,2
70.22,63.27,2,0,61341.88,66,298.22,2
5.46,22.74,0,2,435.4,89,297.23,0
3.3,32.24,2,3,2728.42,75,148.88,0
74.26,84.5,2,1,36840.45,102,193.67,2
53.49,40.46,154,152,687763.61,134,274.44,1
8.7,30.16,0,3,1933.58,49,138.84,0
29.87,79.78,130,121,31713.52,145,367.62,1
0.0,21.97,1,5,95.29,57,225.25,0
48.3,50.56,1,3,70689.82,109,199.6,0
50.05,53.11,88,200,917402.38,161,187.66,1
100.0,75.42,0,1,37956.96,82,131.15,2
15.02,38.66,11,26,52648.82,117,188.29,1
16.71,54.78,48,148,305342.23,116,197.33,1
41.22,50.77,137,150,122296.98,116,201.6,1
7.45,16.13,2,2,1077.52,76,204.79,0
34.28,61.38,113,94,23612.08,133,366.34,1
55.11,69.93,148,86,491102.63,116,373.2,1
33.09,64.49,128,158,336649.11,104,194.3,1
17.46,46.12,220,105,470789.29,117,383.57,1
75.2,85.67,1,0,24165.91,94,279.33,2
5.77,23.95,1,2,88.66,75,97.99,0
9.92,24.46,0,1,1349.63,83,141.57,0
34.32,58.84,74,148,253519.28,135,279.96,1
13.54,43.73,6,29,3044.44,151,241.52,1
4.48,31.04,2,3,2026.78,59,293.52,0
4.74,43.37,0,4,444.44,92,106.93,0
41.02,63.13,1,7,113868.27,128,218.01,0
56.93,30.5,122,176,598190.19,139,240.72,1
78.87,56.26,0,0,233583.75,101,257.51,2
16.89,61.14,165,178,469590.32,113,230.27,1
10.0,65.54,91,188,967324.69,110,263.65,1
69.48,91.2,0,1,17735.58,98,270.95,2
53.54,72.76,116,169,191241.04,143,313.17,1
44.5,61.06,167,208,128257.8,104,182.09,1
14.43,37.72,0,2,746.33,79,401.88,0
18.25,70.2,115,192,23226.11,120,177.72,1
6.68,34.3,0,3,239.86,101,188.64,0
33.03,49.88,188,138,190912.91,133,269.64,1
80.49,62.79,2,1,64679.63,107,381.06,2
6.51,27.37,0,4,3756.42,85,398.84,0
11.77,28.92,3,2,255.93,78,211.94,0
10.12,34.49,1,3,611.22,62,210.66,0
37.95,47.75,6,49,618938.08,107,268.78,1
7.82,27.48,1,2,2393.22,90,244.38,0
8.18,18.62,3,0,1119.82,68,72.55,0
52.21,74.63,0,0,14104.59,102,113.34,0
58.37,64.23,2,2,296222.18,106,220.92,2
30.72,45.9,38,198,49075.19,129,154.89,1
74.13,71.3,1,2,295182.87,95,399.93,2
34.41,52.01,134,121,580913.71,91,269.56,1
64.78,79.99,1,2,36311.77,116,178.76,2
46.02,43.13,78,145,322804.75,92,125.76,1
25.89,52.21,2,3,63327.32,56,147.08,0
74.75,72.25,3,1,41810.54,113,225.1,2
46.51,49.62,146,193,27500.67,115,228.51,1
9.56,26.37,0,4,4358.35,61,169.02,0
5.68,30.63,1,2,3691.65,102,235.51,0
47.37,41.74,30,225,439057.77,96,184.07,1
7.46,10.0,1,4,1218.81,73,415.44,0
9.57,19.57,0,3,3666.34,42,209.92,0
23.57,36.81,99,20,7103.06,113,283.33,1
24.2,37.99,5,38,428993.03,79,321.88,1
5.57,36.84,1,1,796.69,80,351.66,0
19.39,52.01,97,75,58921.91,153,162.78,1
36.55,53.97,122,202,29124.28,107,254.93,1
46.12,79.6,100,146,415136.37,133,252.84,1
43.88,51.05,126,126,39371.71,129,223.42,1
5.0,73.54,4,22,53856.85,86,54.19,1
6.03,22.77,1,1,986.17,80,97.64,0
42.92,52.85,142,143,418068.52,93,186.79,1
66.41,85.78,0,2,139306.29,99,367.25,2
39.08,62.52,89,238,437371.62,80,378.58,1
0.0,31.21,0,0,1296.91,90,123.37,0
12.43,58.69,145,61,452338.58,117,255.45,1
67.81,68.86,0,1,99929.11,85,282.49,2
53.85,26.86,121,139,206398.42,137,226.72,1
9.31,28.49,1,2,148.83,79,196.62,0
70.46,78.64,1,0,20845.11,100,206.69,2
7.79,44.49,0,0,748.82,95,193.79,0
3.88,40.99,1,2,5251.28,70,279.79,0
1.86,32.89,0,3,1783.31,74,337.85,0
12.39,53.7,67,95,381769.15,113,236.04,1
95.57,69.17,1,0,70994.04,103,162.62,2
41.66,60.04,97,105,73605.39,129,202.73,1
7.66,35.05,0,2,62.52,90,50.0,0
38.27,63.14,148,170,130278.48,162,96.96,1
68.1,83.89,0,2,151485.39,88,210.95,2
26.22,32.42,1,4,14021.47,107,196.23,0
75.67,83.41,0,2,35849.41,60,159.73,2
71.87,68.07,1,0,83355.44,104,358.05,2
60.66,53.74,142,197,178043.91,131,278.63,1
7.87,34.66,1,3,652.85,58,289.13,0
2.01,38.63,2,1,1797.2,90,270.96,0
5.68,41.34,5,39,24161.93,96,266.53,1
17.28,55.89,6,24,114825.13,101,180.44,1
36.72,68.76,113,160,685989.7,148,177.92,1
5.0,56.98,4,0,1105768.25,148,289.05,1
25.31,65.91,121,141,543707.66,135,269.94,1
0.0,16.63,0,2,2491.31,86,237.04,0
22.21,45.41,0,3,9698.62,76,171.85,0
82.64,63.42,1,0,23195.4,88,171.76,2
34.69,65.92,153,112,105266.24,103,230.73,1
45.25,41.96,2,0,12340.3,113,253.02,0
2.2,21.58,1,5,1592.35,80,232.38,0
70.32,65.66,1,0,35048.88,93,143.26,2
11.25,29.59,0,5,6545.39,76,187.15,0
28.68,42.36,189,175,938032.58,141,243.35,1
74.81,82.02,0,1,3161.99,82,209.59,2
19.95,67.18,187,220,150642.87,123,357.37,1
44.09,54.59,201,169,894358.31,89,312.6,1
28.31,43.78,2,5,191264.25,115,284.69,0
12.6,63.2,49,147,129272.23,145,160.24,1
37.04,59.48,30,123,799022.47,115,328.65,1
6.78,27.96,0,2,2895.79,77,386.14,0
10.0,55.57,63,143,222764.6,150,179.06,1
49.07,64.59,142,167,829536.69,184,295.78,1
7.05,31.88,1,3,4663.23,64,167.58,0
85.14,88.27,0,1,10928.91,96,210.25,2
27.03,33.82,138,189,1074040.38,128,360.34,1
100.0,57.39,0,0,94647.29,104,124.63,2
15.89,27.79,0,2,1355.58,87,268.62,0
82.83,66.47,0,0,134294.34,79,334.42,2
33.47,74.51,159,87,172872.29,102,362.43,1
35.69,59.74,136,185,272390.53,121,219.01,1
22.93,57.4,163,113,111785.87,136,363.63,1
77.88,75.95,1,1,9519.96,79,268.2,2
30.72,25.0,5,30,404577.81,70,429.82,1
8.73,40.47,12,28,601800.08,128,237.83,1
47.23,60.44,46,167,503425.84,111,159.28,1
26.91,38.85,4,0,219565.04,107,160.24,1
73.43,65.0,2,0,26710.59,95,415.57,2
94.75,76.15,1,1,39256.13,133,244.29,2
50.58,41.65,162,182,2569377.54,86,280.56,1
33.5,73.11,149,171,312097.22,122,440.77,1
50.63,66.9,82,131,97452.91,98,233.25,1
6.05,26.48,1,1,273.07,66,203.84,0
3.29,32.52,0,2,1461.13,86,160.11,0
5.85,38.94,0,3,1301.64,69,233.92,0
36.75,59.3,122,140,207763.77,100,188.13,1
3.74,40.83,2,1,1942.43,88,366.68,0
20.97,49.87,0,1,5769.47,96,402.32,0
30.94,43.73,5,21,780316.38,113,261.78,1
35.74,47.5,1,2,67244.93,80,302.23,0
30.05,42.71,68,179,17175.91,115,121.32,1
10.29,52.27,5,33,243601.89,110,209.44,1
2.01,34.53,0,1,402.5,79,204.03,0
57.9,54.18,120,169,228067.19,91,326.6,1
30.77,50.83,147,183,408243.18,100,188.05,1
30.37,65.19,83,20,229962.25,151,312.68,1
49.42,32.24,117,207,113346.04,106,183.83,1
5.0,39.0,2,24,477865.41,132,365.77,1
92.11,67.85,1,1,81300.55,117,358.86,2
31.12,41.37,1,1,15189.72,115,296.09,0
16.81,47.24,13,27,630890.85,108,283.24,1
57.53,75.14,0,1,110687.8,92,275.89,2
93.35,98.0,1,1,320168.74,108,144.48,2
90.27,87.2,2,0,52129.73,106,190.46,2
28.03,63.24,85,221,382287.46,99,186.47,1
0.0,43.14,1,2,111.16,73,368.52,0
22.3,45.0,6,16,57787.1,78,111.73,1
38.4,56.76,7,20,697194.31,136,208.11,1
67.87,91.15,1,0,180959.89,90,184.47,2
7.56,41.76,1,1,182.14,121,345.09,0
47.2,39.5,53,145,205931.14,84,221.51,1
72.01,98.0,1,1,25251.65,91,199.44,2
65.33,68.65,1,0,337427.88,72,248.87,2
77.9,75.93,0,0,86413.3,82,307.83,2
92.29,62.45,2,1,146293.97,113,420.29,2
47.21,54.1,69,238,772659.12,116,376.44,1
82.68,91.61,2,1,158823.15,105,308.75,2
0.0,33.15,1,1,1312.43,70,366.27,0
3.0,26.82,0,4,1282.08,63,305.46,0
2.17,19.24,2,0,1512.24,68,302.11,0
41.47,55.77,6,19,39803.42,126,283.51,1
0.65,35.23,2,2,2052.47,61,360.14,0
32.07,43.11,92,128,149343.0,107,130.82,1
43.26,42.18,125,155,2842190.2,122,314.33,1
13.62,30.25,0,1,1018.1,59,159.38,0
94.76,93.03,1,3,23407.9,96,275.14,2
1.37,27.95,0,1,147.03,76,88.42,0
0.0,30.56,0,2,3384.31,86,354.94,0
8.01,23.41,3,2,35.0,87,154.06,0
12.36,40.89,2,3,12973.78,50,244.5,0
9.86,21.25,2,3,1703.43,79,152.26,0
30.61,67.87,5,0,260804.26,150,245.9,1
14.24,30.0,0,3,4004.79,60,124.89,0
16.2,26.31,3,4,139.06,40,238.91,0
85.47,58.18,1,2,95448.05,116,342.84,2
13.42,53.89,8,28,265050.63,105,289.24,1
0.64,30.61,0,1,2207.85,94,193.81,0
14.51,19.95,1,3,924.8,54,169.8,0
43.19,53.78,187,166,1238203.06,134,416.2,1
3.88,29.85,1,1,4735.43,86,185.76,0
76.83,62.08,3,0,18672.21,130,151.07,2
28.5,46.26,15,30,68848.87,143,409.28,1
46.31,45.77,127,161,89141.25,154,241.94,1
0.0,26.9,1,3,4394.61,82,204.47,0
2.28,14.42,1,2,162.65,75,109.69,0
100.0,78.95,0,2,19223.84,102,201.92,2
39.22,63.4,124,129,7224.34,70,248.87,1
48.35,69.55,90,151,624353.41,91,214.14,1
40.81,44.66,55,177,395826.95,119,394.07,1
13.08,26.71,150,112,322625.01,147,133.89,1
79.01,79.0,1,0,17000.48,114,260.85,2
7.62,56.22,3,14,64821.86,121,326.82,1
83.51,69.53,0,1,3606.55,88,170.2,2
27.91,41.98,3,23,188098.95,119,50.0,1
82.11,74.45,2,0,29610.61,144,274.28,2
5.76,20.72,1,5,370.74,51,130.02,0
1.66,37.23,0,2,3631.94,86,396.08,0
7.8,38.81,2,2,1982.45,66,381.87,0
5.71,27.07,1,2,883.99,65,199.46,0
77.88,72.73,1,1,86264.81,136,263.29,2
80.05,72.18,2,2,360093.88,72,252.56,2
69.75,74.92,1,0,9638.27,122,187.37,2
88.11,70.98,1,0,423175.56,105,164.4,2
37.48,54.63,4,9,318094.59,101,284.3,1
28.75,44.14,134,166,398716.82,137,254.3,1
43.79,51.84,141,165,75984.63,111,241.24,1
5.86,29.2,2,2,4185.19,65,233.32,0
65.21,80.4,0,0,117462.62,76,189.93,2
72.25,70.91,0,0,50473.39,120,203.71,2
36.79,56.2,181,164,1067499.4,84,180.26,1
74.18,71.67,0,0,28259.65,105,308.41,2
82.83,68.9,0,0,44706.7,87,202.06,2
15.78,51.62,196,85,923690.34,109,206.73,1
9.48,25.19,0,4,629.18,75,155.02,0
7.01,30.04,1,2,855.25,82,346.81,0
68.71,68.48,0,1,444960.35,103,273.94,2
90.43,98.0,0,2,898.15,116,226.68,2
46.57,49.82,152,146,2339920.41,108,184.58,1
23.55,54.86,101,64,23211.52,104,300.41,1
17.72,37.65,7,23,988583.51,96,206.29,1
6.81,40.46,1,1,3159.02,78,341.88,0
3.63,30.2,1,0,248.24,73,220.24,0
38.2,46.5,0,0,71399.16,91,181.67,0
31.81,64.01,95,72,1222432.13,118,170.2,1
0.0,16.87,0,0,1050.02,88,348.19,0
3.78,23.87,1,1,126.59,79,417.19,0
55.32,53.7,0,4,11730.32,53,223.47,0
7.33,27.16,1,1,7990.76,72,249.52,0
47.83,68.13,63,158,796942.56,120,251.0,1
13.65,51.79,50,182,130559.62,129,158.84,1
7.07,33.03,2,2,3074.6,74,244.98,0
78.93,82.68,2,0,171050.2,74,274.53,2
39.48,51.88,195,118,407467.65,154,236.06,1
82.01,72.76,2,0,32887.56,103,263.47,2
33.74,47.83,120,87,408532.61,115,208.53,1
2.78,34.72,0,2,1386.62,73,343.98,0
92.59,67.98,3,1,68912.17,94,97.43,2
26.86,48.73,77,142,414034.26,100,197.65,1
0.02,32.57,0,2,1012.9,80,244.84,0
28.8,41.86,64,88,106645.5,83,251.03,1
4.69,31.63,2,2,3031.81,99,350.45,0
59.12,43.48,0,2,248212.76,90,201.21,0
32.68,83.32,76,64,151718.03,114,117.58,1
14.54,59.5,128,139,11970.33,119,205.08,1
82.74,58.07,3,0,144473.77,102,322.92,2
1.69,27.25,2,4,418.54,54,261.96,0
91.15,69.26,0,0,37611.7,103,321.94,2
13.77,57.36,160,131,594649.0,101,281.86,1
65.14,63.25,0,0,157274.03,99,307.24,2
8.12,36.71,2,4,2188.52,91,311.98,0
0.94,36.22,0,5,2033.61,92,244.3,0
35.16,70.96,49,151,103434.05,137,277.84,1
14.24,54.47,119,151,681284.27,126,173.23,1
81.39,73.56,0,1,29449.04,76,334.96,2
9.18,25.03,3,3,225.69,87,266.45,0
82.79,74.66,0,1,263602.94,104,172.86,2
9.08,34.56,2,1,3094.65,66,339.95,0
48.99,66.25,75,222,857469.99,124,332.84,1
6.88,22.94,1,5,2433.59,98,182.44,0
100.0,60.74,0,1,17834.22,89,364.89,2
8.48,40.87,0,0,1825.94,100,340.15,0
42.03,46.99,124,137,236553.13,121,245.14,1
7.17,27.43,0,4,2618.85,83,227.48,0
96.25,75.67,0,2,92875.44,115,120.73,2
4.64,33.21,0,3,1455.25,79,432.23,0
3.46,25.0,2,1,2105.18,60,243.73,0
82.06,78.63,3,3,60852.35,97,308.29,2
11.09,31.19,2,0,2559.4,76,244.88,0
77.29,78.54,0,3,1121.04,114,184.66,2
4.55,33.57,1,2,79.79,73,254.21,0
10.33,34.73,0,1,2378.88,81,223.25,0
3.15,21.54,1,3,914.67,77,380.9,0
48.28,81.6,213,151,59096.37,86,215.68,1
23.08,33.7,6,21,77739.26,85,345.04,1
20.86,44.65,85,159,14665.72,128,255.4,1
80.44,63.44,0,2,323771.08,135,185.52,2
7.9,47.15,1,2,1671.45,80,361.03,0
22.04,30.3,8,23,77808.6,102,244.5,1
4.37,32.74,1,0,271.78,101,384.41,0
6.48,24.71,1,3,3035.23,82,216.84,0
25.66,56.77,140,142,549096.63,119,228.04,1
26.61,73.48,137,134,551959.39,104,50.0,1
28.8,66.31,33,132,197598.33,131,190.79,1
2.7,27.57,0,3,1239.61,106,108.36,0
40.83,49.35,146,165,289137.36,135,268.14,1
3.26,44.35,3,0,317.02,73,169.81,0
86.76,69.59,1,1,317665.93,87,123.78,2
35.9,34.37,85,101,5000.0,138,294.15,1
14.97,40.44,115,122,571073.93,85,296.6,1
69.33,69.73,1,0,22477.41,96,326.47,2
1.71,35.96,2,2,6590.86,86,208.5,0
45.1,61.21,0,1,34018.71,89,277.27,0
7.22,27.93,1,0,826.45,68,260.39,0
30.64,52.65,169,148,114356.46,117,100.49,1
4.65,15.52,0,0,3973.24,70,264.42,0
35.49,53.72,135,112,182904.31,125,405.93,1
54.95,68.23,77,141,102932.89,92,242.49,1
12.98,29.19,5,22,262475.45,148,167.48,1
79.81,68.68,0,0,149731.33,101,350.24,2
7.36,35.64,1,4,1038.87,67,173.8,0
3.86,31.67,1,2,0.21,80,299.79,0
53.21,50.32,0,3,114204.04,133,250.03,0
7.69,28.12,3,1,2140.41,66,294.22,0
19.42,57.37,72,156,509665.6,108,328.69,1
31.0,68.48,59,185,76079.41,121,344.14,1
47.06,60.91,158,60,582879.6,146,254.36,1
100.0,65.02,1,1,107428.62,83,407.57,2
30.36,58.64,0,3,6518.53,55,320.0,0
79.06,94.16,0,0,11917.27,86,362.96,2
22.86,47.49,1,17,109966.3,96,195.91,1
12.73,29.46,0,2,2153.29,86,222.32,0
6.36,32.77,1,2,483.7,53,286.26,0
0.31,33.07,2,1,4879.2,78,349.19,0
42.21,37.71,7,24,130257.39,98,331.91,1
20.52,36.49,5,0,427635.24,110,333.0,1
45.4,49.94,217,158,113414.52,103,384.05,1
6.98,31.73,0,1,1616.0,75,391.21,0
41.75,66.57,70,179,1498339.15,113,271.98,1
94.97,73.42,1,1,30392.56,72,278.67,2
11.42,47.48,81,256,285303.33,122,311.47,1
9.11,36.37,0,1,2295.04,85,204.93,0
37.24,43.94,114,172,5000.0,110,235.1,1
8.16,35.19,1,1,3877.06,80,254.51,0
10.0,40.63,101,159,1160024.55,97,163.21,1
5.72,29.68,1,0,4971.14,99,227.18,0
100.0,66.7,0,2,152843.52,113,223.37,2
89.26,78.31,1,2,295576.18,94,357.19,2
95.51,75.5,3,2,264584.95,101,274.41,2
39.17,37.82,4,0,268151.69,85,230.35,1
16.07,30.37,0,3,1131.39,73,219.42,0
0.0,23.98,0,2,6023.54,52,243.87,0
48.83,49.55,137,159,843222.67,128,369.93,1
8.93,34.47,4,0,853.76,85,363.58,0
6.41,21.84,0,2,295.69,80,192.38,0
44.62,65.34,172,270,1302787.48,141,239.47,1
3.68,26.3,3,4,7117.67,88,345.09,0
4.51,38.21,1,1,1486.16,90,263.45,0
2.15,36.54,2,3,446.69,69,250.12,0
5.26,38.31,2,2,445.65,105,183.32,0
13.67,61.92,4,28,406592.24,139,295.45,1
53.43,41.78,1,2,109520.26,69,79.08,0
79.84,76.8,0,1,84875.5,86,304.41,2
38.89,57.03,177,118,178561.79,86,131.82,1
1.51,16.07,0,2,121.79,70,384.24,0
34.73,43.66,6,15,174270.54,90,285.12,1
10.56,27.59,1,3,563.92,43,406.05,0
18.65,57.72,153,148,1415201.65,127,161.83,1
25.28,61.08,4,20,731016.99,104,260.16,1
17.3,33.55,2,22,170292.68,112,204.4,1
34.43,47.38,3,1,105142.93,129,158.37,0
70.15,65.34,0,1,8897.0,122,199.94,2
3.77,36.54,0,1,1044.42,77,173.76,0
19.17,40.82,60,216,1162006.51,103,409.42,1
7.33,14.4,1,3,1454.66,78,199.87,0
95.27,77.15,0,3,82385.38,114,306.59,2
4.43,30.38,2,5,3272.33,86,287.21,0
7.76,30.64,3,2,339.32,88,332.57,0
15.57,28.73,0,2,628.97,82,282.19,0
6.05,45.16,3,3,1110.98,72,207.62,0
30.57,54.4,72,161,63415.05,116,192.32,1
15.2,29.54,0,2,1075.61,89,191.08,0
14.08,22.89,0,1,1794.36,97,249.76,0
33.22,66.06,158,151,57725.38,139,235.2,1
43.63,34.16,118,158,174879.08,110,275.91,1
3.02,19.25,0,4,1325.97,73,328.24,0
41.98,39.52,134,94,662950.34,104,146.07,1
10.26,20.87,1,4,828.01,68,239.52,0
98.05,83.14,0,1,223149.92,101,285.01,2
41.11,34.98,94,153,206998.96,99,372.22,1
50.95,67.92,1,0,273804.17,85,218.3,2
42.03,54.4,115,180,36062.17,130,350.85,1
48.13,56.9,1,1,51968.67,92,330.01,0
8.62,40.27,0,1,1936.54,119,415.77,0
100.0,72.53,0,1,116078.47,105,226.69,2
5.14,28.06,0,0,3750.79,84,204.18,0
10.34,47.4,6,0,314616.79,122,283.18,1
48.23,61.68,102,61,466702.28,94,349.49,1
3.23,19.95,1,4,1199.21,93,277.28,0
73.06,70.0,1,1,77493.79,123,183.63,2
12.96,49.3,73,179,1284336.91,101,343.83,1
79.36,82.79,3,0,141346.9,92,192.69,2
57.57,89.68,2,1,60453.67,111,257.53,2
10.46,36.93,0,2,13638.76,85,165.94,0
19.99,61.74,3,0,78402.05,82,192.44,1
6.24,24.81,2,2,1798.44,91,488.6,0
25.91,61.56,177,145,371290.1,131,285.48,1
12.28,54.51,8,26,151118.84,124,386.26,1
47.5,30.0,1,5,27747.7,114,87.19,0
29.96,42.96,5,15,6541.46,98,202.96,1
7.53,36.08,1,2,2886.94,80,185.95,0
55.88,48.9,166,162,403959.62,114,190.14,1
18.13,50.22,116,134,634470.87,85,159.15,1
79.2,72.24,3,2,45407.47,140,187.87,2
18.72,58.1,6,32,1247322.04,87,118.59,1
71.08,83.53,0,1,348194.76,108,246.87,2
52.09,39.45,4,8,89182.61,119,361.23,1
22.26,77.7,130,196,1275821.06,120,171.25,1
12.1,52.41,90,88,154503.9,119,369.81,1
46.95,67.32,50,205,326967.63,74,227.42,1
0.96,39.59,5,1,378.3,73,133.36,0
10.89,38.51,1,0,1053.16,105,123.78,0
9.86,36.45,3,0,769.54,72,186.59,0
4.46,24.15,1,1,274.1,118,316.11,0
1.88,23.78,1,2,2615.69,55,347.7,0
88.84,70.58,2,2,142036.82,86,183.47,2
0.0,29.66,2,2,28.94,91,372.78,0
8.22,23.2,0,2,6209.15,79,191.39,0
10.51,25.92,2,2,1048.38,79,352.46,0
8.65,33.69,2,2,977.78,80,270.79,0
20.0,78.52,1,2,22336.44,56,323.65,0
8.07,31.56,1,0,796.44,84,190.19,0
7.26,20.28,1,1,741.95,82,199.44,0
42.47,72.01,80,109,77805.54,109,116.26,1
38.39,52.3,194,179,1564825.51,127,290.02,1
42.47,71.08,132,178,464770.55,117,204.73,1
23.53,63.91,168,133,1214138.66,114,266.3,1
9.51,31.81,0,3,9096.57,78,289.12,0
32.74,55.2,1,3,96626.87,103,253.72,0
9.71,31.09,1,2,4281.07,91,310.99,0
31.85,45.35,112,123,312360.65,109,298.44,1
35.34,48.92,132,215,33604.37,120,363.83,1
23.05,58.49,109,134,704691.88,107,79.7,1
20.52,59.43,183,92,142796.13,147,242.69,1
24.15,52.38,77,173,63394.03,124,296.18,1
70.0,54.93,1,3,113270.7,106,246.18,0
45.8,30.33,1,1,146871.22,66,224.44,0
21.35,55.19,47,132,63915.08,124,204.22,1
9.87,41.99,1,2,2742.63,97,219.17,0
10.98,18.02,0,0,2590.93,80,257.44,0
72.83,74.48,1,2,63621.13,92,209.26,2
50.0,79.08,0,1,36937.08,93,156.28,2
9.25,28.03,1,2,3757.14,73,243.37,0
52.76,52.31,176,136,692453.86,133,153.56,1
31.78,44.83,104,180,1205449.76,104,382.28,1
59.58,90.91,1,0,187201.63,112,292.08,2
25.51,56.98,138,194,373649.85,111,178.71,1
28.31,56.43,140,154,376383.24,106,261.31,1
8.46,28.68,0,4,2858.63,90,281.9,0
34.22,49.09,120,135,1081769.17,128,186.6,1
22.42,45.59,2,31,291491.81,141,322.2,1
95.2,86.3,1,0,2465.59,97,320.81,2
52.54,63.43,136,98,204854.09,125,155.36,1
36.76,45.95,11,11,199010.0,72,335.52,1
49.4,55.63,163,107,492357.04,120,202.93,1
27.44,48.66,2,1,6521.94,106,218.43,0
6.54,54.05,5,25,150842.57,122,227.33,1
9.48,49.08,3,10,280360.82,94,249.59,1
8.56,29.44,1,3,1786.88,70,306.13,0
96.42,69.91,1,1,75991.56,101,215.48,2
55.92,41.46,96,122,47527.99,166,298.06,1
5.82,39.8,0,0,1426.4,103,317.67,0
67.84,87.72,0,1,226153.3,83,234.78,2
39.99,56.99,51,111,463756.23,138,293.67,1
6.65,21.13,2,3,5368.38,78,390.29,0
69.94,78.07,1,1,36368.97,120,321.15,2
47.82,62.01,117,149,163681.93,119,230.81,1
32.6,40.25,1,3,15285.04,88,239.84,0
42.91,34.69,61,184,1517249.47,91,318.37,1
3.91,43.0,1,0,75.85,68,364.41,0
4.08,29.84,2,1,12.73,63,245.74,0
23.47,58.33,7,0,437754.58,129,223.75,1
20.16,68.88,4,21,39383.26,100,196.21,1
7.03,21.65,0,3,2202.79,73,333.6,0
46.67,53.32,129,147,615314.14,86,338.38,1
73.26,86.94,2,0,37401.61,70,180.86,2
0.75,39.64,3,2,732.32,69,146.39,0
29.29,71.42,57,159,134555.79,95,281.22,1
6.92,19.47,0,4,5933.18,77,96.04,0
32.14,72.81,5,1,42682.83,95,189.34,0
34.92,41.33,111,134,221464.53,157,290.92,1
49.96,53.61,54,138,30952.66,158,120.72,1
33.44,47.28,93,133,50115.93,101,173.4,1
10.0,52.68,109,198,2662110.6,119,271.24,1
33.81,57.52,132,147,207331.16,122,246.9,1
57.03,43.36,146,209,354284.71,138,221.64,1
39.55,61.82,102,177,736964.97,106,327.78,1
7.94,14.03,0,0,4078.59,92,272.07,0
5.0,28.6,11,9,742629.55,138,303.42,1
8.36,23.16,1,3,3085.64,80,265.66,0
7.68,31.22,0,0,963.89,51,257.5,0
38.95,72.44,120,159,297851.81,114,267.59,1
2.45,27.47,2,0,2743.43,76,352.3,0
11.34,21.19,1,1,65.01,84,141.57,0
48.02,67.11,129,50,1110609.4,147,133.89,1
94.0,68.81,2,0,14512.07,97,200.63,2
6.66,42.37,0,3,1119.14,86,343.37,0
9.22,25.51,1,2,3371.77,79,215.68,0
70.0,30.0,0,2,28574.06,105,219.29,0
33.76,78.51,152,168,394651.13,93,278.74,1
65.38,78.48,0,0,108961.72,109,295.31,2
3.67,36.43,1,3,557.16,90,50.0,0
5.8,39.64,1,1,1513.61,120,259.45,0
75.62,82.29,2,2,87076.24,105,222.73,2
74.21,72.75,2,0,42155.03,73,366.91,2
34.91,49.82,51,172,650977.64,108,383.19,1
25.78,60.07,94,173,401902.95,136,367.53,1
5.3,29.21,1,1,1589.74,79,249.1,0
47.19,30.95,0,2,38449.48,129,299.07,0
5.28,28.49,0,7,735.37,97,107.87,0
73.95,76.09,0,0,258968.26,116,197.85,2
9.38,36.0,1,2,248.62,48,212.26,0
74.2,84.29,2,3,66901.22,106,329.27,2
100.0,75.83,0,0,116658.16,66,282.39,2
49.56,67.33,134,132,333292.52,113,332.87,1
0.0,33.68,0,2,1430.74,103,349.52,0
60.61,63.49,0,0,244225.92,87,239.7,2
6.05,29.14,1,2,2104.96,80,421.86,0
87.07,98.0,1,1,2253.88,101,339.21,2
6.31,43.4,2,4,1261.87,84,271.54,0
42.84,81.27,131,285,1464962.15,132,385.48,1
34.71,70.05,6,10,35213.18,94,224.55,1
12.24,27.8,1,1,701.7,70,163.19,0
52.87,44.38,2,3,156082.57,106,159.82,0
1.99,27.04,2,1,1175.52,104,237.14,0
15.56,29.92,0,0,978.35,110,230.88,0
21.18,54.06,104,116,1008598.48,115,150.7,1
67.75,83.39,0,2,55282.72,65,206.5,2
8.02,30.93,0,3,1154.22,96,175.94,0
95.23,88.2,3,1,42897.33,99,214.48,2
5.41,15.71,1,1,2848.2,54,221.4,0
27.88,43.86,2,3,719.37,76,309.7,0
72.22,93.84,1,1,23468.82,91,294.62,2
4.35,29.53,0,0,6232.83,103,279.53,0
6.76,53.92,5,28,9774.33,91,300.4,1
75.33,69.56,1,0,26476.42,133,203.49,2
58.74,52.52,158,158,30418.35,80,421.67,1
32.59,55.67,102,187,138867.25,115,234.63,1
25.37,64.32,1,3,215616.54,107,284.16,0
5.95,10.0,0,2,645.32,99,437.64,0
53.38,72.17,81,169,457133.11,119,404.55,1
10.0,35.06,132,181,410421.58,127,203.8,1
7.76,29.32,1,1,5619.97,66,200.15,0
33.93,51.64,1,0,66048.33,102,206.33,0
9.99,29.39,0,2,1012.78,83,113.01,0
77.95,58.46,1,1,27437.21,67,372.21,2
7.02,30.59,1,0,296.46,102,180.72,0
33.24,40.56,136,114,1259610.44,114,213.79,1
86.39,76.86,1,0,12047.83,94,379.88,2
38.77,66.95,2,2,128706.12,118,209.36,0
6.2,34.14,0,3,6583.96,88,157.99,0
64.6,49.68,93,162,329969.16,133,164.34,1
4.75,36.75,1,0,743.65,84,371.73,0
52.06,51.44,95,176,793133.72,104,230.43,1
38.76,45.68,100,196,218395.63,145,204.15,1
71.76,77.75,0,0,107416.56,102,185.83,2
45.45,71.76,131,252,97239.38,147,281.67,1
5.09,39.91,1,2,5712.56,56,310.65,0
18.16,45.58,8,15,441793.93,138,235.1,1
11.93,39.36,0,4,441.97,90,106.68,0
61.65,69.18,0,1,82274.31,101,241.13,2
91.59,76.53,0,0,20924.85,97,339.89,2
36.81,60.42,110,113,806350.95,92,85.81,1
75.05,78.51,0,0,6232.37,78,328.73,2
5.44,38.39,2,3,337.76,97,137.89,0
7.13,24.58,3,3,4882.22,53,228.85,0
6.62,23.86,0,1,2869.83,90,275.04,0
96.99,75.11,0,0,230908.23,98,182.29,2
41.0,53.35,4,16,295717.9,92,271.28,1
9.32,31.27,0,4,5126.08,71,188.89,0
85.77,74.75,2,1,195550.69,86,260.39,2
17.48,40.5,5,22,176877.61,121,246.5,1
47.03,42.63,1,0,54974.14,63,211.24,0
23.81,37.97,42,150,208639.08,109,214.83,1
29.39,68.48,91,124,7661.67,100,210.33,1
47.79,65.84,1,3,9338.53,84,235.89,0
4.7,34.12,0,1,4814.87,80,343.11,0
32.71,58.32,188,20,241644.68,111,150.46,1
6.81,16.76,1,2,1704.98,71,314.33,0
95.17,67.9,0,0,5210.37,96,193.05,2
35.15,52.88,108,82,732994.71,87,409.46,1
32.98,49.75,128,108,3754720.07,149,228.16,1
96.83,80.28,0,0,154046.2,85,217.22,2
75.71,80.86,3,0,39482.51,84,293.02,2
17.75,33.29,155,258,801846.15,70,89.77,1
83.17,70.4,0,0,65242.15,85,254.06,2
88.17,66.88,0,3,39435.75,112,172.61,2
6.06,37.85,1,5,3104.52,94,120.25,0
41.12,62.99,0,1,4623.72,87,277.53,0
63.76,84.36,2,1,24444.71,107,412.25,2
8.5,39.1,2,2,132.25,91,281.73,0
36.19,32.57,135,231,344934.72,106,222.12,1
3.02,23.23,1,4,2303.32,78,319.06,0
87.99,94.25,1,0,52403.82,92,287.7,2
28.53,68.58,158,163,1561345.57,134,273.44,1
76.59,76.29,4,3,75878.29,127,195.97,2
75.94,75.92,0,0,3653.8,106,186.35,2
69.47,85.31,0,0,17375.41,98,180.9,2
5.16,23.53,2,1,2049.11,82,123.27,0
11.34,51.21,6,15,309341.37,96,353.73,1
1.67,24.18,1,1,6245.61,104,219.85,0
0.0,36.8,1,3,1557.07,40,325.17,0
31.92,70.13,168,27,1360819.87,114,286.94,1
23.52,65.37,0,4,54554.17,68,305.09,0
15.45,65.25,6,16,405413.34,119,261.69,1
17.78,48.13,122,95,1167945.87,123,234.56,1
83.64,84.84,3,0,87517.58,91,295.73,2
80.9,91.01,1,1,7403.13,92,303.79,2
53.66,30.0,0,0,70480.97,83,225.72,0
85.56,75.62,2,0,139198.2,105,58.5,2
32.29,70.67,4,8,206718.75,107,255.09,1
48.65,54.96,100,226,193341.18,73,303.37,1
2.45,27.37,1,1,5203.92,72,202.78,0
4.11,27.0,0,1,1333.39,93,305.99,0
2.71,43.75,0,2,939.11,84,396.94,0
7.48,30.92,1,0,1509.11,88,277.14,0
62.0,56.71,65,153,762616.18,131,185.7,1
21.69,62.95,114,253,120790.16,107,256.34,1
4.14,36.36,2,1,1259.36,77,330.19,0
9.28,41.51,3,1,1139.52,93,151.8,0
28.94,49.91,93,154,100287.0,119,205.39,1
35.53,73.78,127,97,236660.75,102,269.09,1
11.65,29.57,0,3,737.08,83,239.7,0
49.01,61.96,3,0,30608.27,95,263.31,0
57.41,57.37,155,138,51379.78,125,324.49,1
7.43,28.21,3,1,1445.99,95,231.93,0
46.05,30.0,1,2,15514.5,94,284.03,0
86.74,85.74,0,1,293089.9,122,169.12,2
30.03,48.99,8,12,184565.84,127,298.83,1
27.04,47.74,179,224,51680.75,124,292.64,1
75.44,77.06,2,1,16731.59,113,242.26,2
51.22,41.4,0,0,285190.86,102,220.8,0
87.19,72.55,2,0,11282.29,93,207.88,2
31.39,60.82,119,168,68496.83,121,191.16,1
78.24,75.41,2,1,2595.08,80,320.14,2
54.49,40.6,91,237,458835.48,96,219.02,1
69.56,85.82,1,1,50361.65,122,282.94,2
36.0,54.58,200,127,1066730.03,105,158.67,1
58.78,61.67,3,2,153911.14,126,299.1,2
28.69,48.64,99,174,165241.74,127,254.89,1
0.0,31.91,0,0,4311.08,95,255.52,0
26.65,25.0,139,48,256309.01,125,322.77,1
41.3,56.2,88,214,550406.42,105,208.07,1
2.11,29.91,0,2,2424.06,55,176.36,0
99.41,82.35,0,2,180343.64,117,247.49,2
27.25,51.9,62,174,344146.29,128,279.49,1
86.55,73.34,1,1,129029.33,72,304.05,2
1.53,16.27,1,3,502.97,87,331.23,0
2.71,28.64,0,2,816.45,94,374.75,0
84.97,80.18,1,0,17226.77,102,271.21,2
69.76,81.54,0,2,19781.26,119,282.16,2
92.88,83.58,0,0,6571.57,97,338.23,2
70.17,70.28,1,0,38158.2,107,382.13,2
69.35,86.73,0,1,133270.63,67,237.86,2
6.52,41.09,2,27,917533.65,113,223.16,1
43.57,42.55,177,205,564797.98,129,169.94,1
5.62,43.32,1,0,535.24,90,345.92,0
8.5,34.04,0,1,1080.58,92,294.96,0
64.62,39.99,134,132,52747.74,123,250.89,1
4.12,35.3,2,3,7706.99,68,261.56,0
27.87,34.99,120,121,116842.82,134,215.63,1
7.56,26.45,1,1,2742.5,74,347.58,0
27.25,63.09,81,95,804407.23,92,183.86,1
57.41,50.89,169,90,111665.95,109,295.17,1
38.1,50.53,9,14,122561.93,132,174.71,1
31.38,46.75,110,169,854367.02,112,193.4,1
64.63,59.62,0,2,2790.77,112,157.77,2
44.37,38.04,6,25,252950.66,92,381.75,1
57.95,51.46,46,119,1918608.65,164,368.33,1
4.29,41.5,0,0,132.9,99,303.85,0
47.94,60.44,131,124,613155.25,114,336.36,1
22.97,44.71,10,9,274427.99,111,299.34,1
30.11,56.13,4,17,386005.43,120,185.35,1
58.28,45.23,111,141,1542622.24,135,313.81,1
28.49,39.6,75,148,17237.98,145,228.88,1
52.06,57.5,197,140,59783.69,120,225.34,1
40.96,57.52,0,1,86593.49,92,214.03,0
69.68,66.03,0,1,50362.97,102,325.91,2
31.25,52.91,162,158,182431.38,107,264.48,1
1.79,22.76,1,0,1283.23,57,231.04,0
46.97,64.06,64,78,119132.87,101,264.04,1
7.58,36.75,1,3,2013.75,95,263.82,0
7.09,27.9,2,4,533.91,68,445.07,0
57.41,67.56,1,0,106039.33,90,223.19,2
42.08,65.6,160,97,704014.22,126,341.81,1
25.11,54.26,151,151,812148.2,107,273.02,1
48.84,52.96,126,237,240482.86,108,255.26,1
0.48,39.29,0,2,5475.24,108,309.77,0
3.78,21.81,1,0,1466.07,69,277.93,0
10.08,48.26,138,138,777027.48,126,75.67,1
5.0,56.68,3,29,173817.44,77,204.72,1
14.98,40.0,8,17,153788.48,137,249.55,1
13.99,25.9,2,0,96.92,84,285.08,0
16.55,58.0,8,3,249959.64,123,341.14,1
12.44,72.37,4,16,204674.3,117,273.37,1
9.76,19.4,0,1,2459.5,63,263.13,0
37.78,56.83,106,143,419122.46,103,146.55,1
25.09,50.92,69,105,923271.78,118,268.06,1
92.02,84.65,3,0,39069.15,92,230.56,2
98.98,66.32,0,1,98860.0,105,142.76,2
4.02,20.14,0,0,157.04,104,266.62,0
1.44,26.91,0,1,10597.14,56,199.28,0
4.03,37.79,2,1,189.44,51,212.16,0
4.73,23.2,0,1,1189.33,86,261.54,0
4.54,32.7,1,1,616.09,88,231.09,0
80.0,42.33,152,70,653027.94,103,279.69,1
41.6,55.59,154,113,242296.51,117,201.22,1
6.03,16.79,0,1,1645.68,89,244.53,0
14.34,75.81,81,175,169064.9,109,187.71,1
12.44,45.81,9,20,29157.49,115,340.35,1
0.0,23.3,1,1,2454.68,99,210.93,0
45.41,42.09,100,133,360221.29,108,476.8,1
3.18,29.6,0,2,398.18,71,349.43,0
5.0,68.29,8,14,152108.32,146,121.69,1
44.83,30.6,93,157,16446.02,113,172.87,1
1.56,36.38,1,2,280.26,52,138.85,0
27.07,34.15,0,1,258974.52,104,126.41,0
52.4,59.84,142,185,102355.75,103,196.23,1
7.67,36.09,1,3,2863.77,84,312.73,0
35.59,34.83,179,188,792893.4,119,258.03,1
29.76,44.12,125,29,211748.2,141,267.7,1
55.28,56.65,111,97,123688.35,124,373.29,1
35.98,45.58,2,5,211221.64,71,299.19,0
6.39,24.25,1,2,612.0,90,144.65,0
31.98,56.16,150,120,386516.03,131,148.33,1
10.3,20.81,0,3,3097.03,71,141.05,0
27.84,54.92,149,120,226493.84,127,250.97,1
34.53,64.78,133,124,548442.63,101,176.45,1
6.23,25.48,0,4,7173.45,69,188.61,0
22.91,35.81,140,61,514343.78,105,173.74,1
4.3,36.04,0,3,1308.05,40,157.88,0
78.97,63.02,0,0,85254.87,104,295.5,2
36.67,52.15,43,138,318993.08,121,185.21,1
74.74,67.03,2,0,135432.3,107,132.17,2
24.33,70.59,122,200,205768.43,139,295.12,1
40.02,32.71,132,136,1299218.45,110,223.44,1
3.38,23.38,2,4,2480.52,49,128.78,0
13.04,44.25,8,27,287043.34,102,177.95,1
34.93,59.93,80,98,159473.33,121,217.34,1
34.38,60.45,142,219,126091.91,113,183.75,1
89.64,77.86,0,0,50723.9,88,167.92,2
46.59,61.86,154,199,166730.27,131,169.86,1
5.8,27.81,0,3,2230.3,58,238.12,0
83.39,88.3,1,2,2684.02,112,387.52,2
10.65,27.55,1,1,172.36,69,222.17,0
33.98,52.31,76,230,181071.8,70,326.14,1
27.49,57.9,148,140,117469.65,153,206.68,1
0.0,32.39,0,2,367.16,78,250.2,0
100.0,70.07,1,2,94728.5,98,365.42,2
48.54,68.44,37,68,243804.03,123,266.28,1
10.36,30.21,0,4,2382.64,90,205.99,0
16.53,64.87,94,191,141033.67,135,245.42,1
6.56,37.21,1,2,2341.35,90,189.27,0
32.93,53.18,123,60,428260.99,102,166.17,1
21.87,52.59,5,2,54677.23,109,429.23,0
7.46,29.78,1,2,117.92,56,318.41,0
6.99,23.3,2,3,2305.8,78,188.47,0
42.16,40.17,1,2,63233.1,97,363.49,0
41.69,25.13,111,114,340500.14,83,170.45,1
56.71,40.85,1,1,142194.05,113,137.18,0
100.0,66.86,0,1,1885.46,74,110.69,2
15.07,37.39,7,0,157622.35,125,241.1,1
58.93,69.78,1,1,139066.38,105,151.89,2
13.68,68.88,30,122,2123019.18,103,302.5,1
11.63,49.6,7,34,1010653.53,159,373.8,1
68.77,77.21,2,0,53342.79,94,171.25,2
5.0,57.63,10,27,54185.37,118,274.17,1
83.22,66.04,0,0,35567.9,142,228.72,2
94.47,67.56,0,0,3126.27,124,135.06,2
29.87,52.58,178,139,1167879.9,127,351.33,1
6.11,25.81,0,2,5382.62,87,286.63,0
5.0,30.47,2,35,540817.51,93,243.26,1
3.83,31.38,2,3,2021.82,86,374.99,0
41.86,49.21,7,31,131214.26,104,174.24,1
17.88,45.66,174,135,926868.04,145,425.78,1
2.18,41.2,0,3,3349.4,88,301.6,0
10.0,43.45,140,230,170554.51,96,277.39,1
6.66,25.99,0,3,677.98,69,244.22,0
10.59,34.23,0,4,752.57,97,329.8,0
99.57,75.48,0,0,69149.08,102,214.84,2
16.82,68.0,4,17,1029006.84,105,111.39,1
10.0,33.31,84,178,420227.5,95,120.92,1
5.35,40.69,2,3,1666.26,88,208.72,0
30.57,39.69,111,112,30164.2,83,97.86,1
48.29,40.6,140,143,476570.66,112,143.35,1
11.53,18.01,0,2,626.98,58,208.76,0
10.0,56.09,95,250,82116.69,103,276.93,1
56.55,73.37,166,128,480345.29,124,366.57,1
100.0,55.0,3,2,219.2,109,347.82,2
18.56,57.44,115,103,207317.07,118,317.86,1
60.95,79.97,0,0,48834.76,115,333.97,2
38.99,56.18,108,178,409003.6,110,247.58,1
66.92,92.2,0,2,27036.85,98,198.66,2
8.04,34.61,1,2,1013.95,102,115.42,0
4.84,39.17,2,1,1234.21,79,269.51,0
11.13,63.77,134,172,969009.82,100,200.28,1
80.32,92.59,0,0,118823.41,122,244.31,2
40.44,51.45,9,0,676947.59,134,281.87,1
19.52,54.6,117,177,189849.43,128,160.72,1
43.08,59.59,69,170,610288.13,133,311.81,1
5.0,44.61,3,21,521257.92,82,260.23,1
63.35,72.8,0,2,29909.29,93,105.93,2
3.56,32.59,1,3,999.01,82,279.11,0
76.03,92.52,2,1,159362.51,87,311.11,2
88.45,67.87,0,0,39062.24,102,225.14,2
41.48,76.37,98,107,24194.47,122,109.5,1
20.88,51.14,5,26,214542.06,109,129.35,1
41.84,57.17,180,137,103587.36,109,309.21,1
61.45,71.15,0,1,170758.23,114,151.38,2
51.78,78.16,0,0,110445.06,95,395.55,2
86.7,68.64,0,1,17815.29,95,195.3,2
87.61,88.97,0,1,266689.08,93,188.69,2
66.36,71.87,140,155,1178409.42,146,196.89,1
20.0,51.66,1,5,67653.11,93,254.73,0
8.15,28.13,1,2,1095.42,68,197.24,0
66.56,62.45,0,0,44469.86,99,73.98,2
85.56,60.99,0,2,22247.6,102,151.52,2
21.6,54.26,133,139,2916817.79,98,272.65,1
43.24,59.14,202,20,254789.83,91,275.48,1
10.29,21.31,0,3,442.04,67,250.76,0
0.19,24.77,2,1,1639.39,50,332.71,0
9.44,30.39,0,2,630.8,84,353.19,0
33.52,57.04,171,196,2372836.09,93,313.24,1
0.0,24.48,2,2,2245.95,104,194.11,0
4.52,18.39,1,2,131.05,73,196.06,0
42.98,48.01,55,185,361441.19,162,402.32,1
5.72,40.48,2,1,223.35,65,310.35,0
34.78,67.64,6,6,17272.34,89,293.98,1
99.9,93.27,1,1,59402.31,97,354.71,2
61.44,72.58,0,2,28896.93,115,73.77,2
0.13,24.82,0,1,2358.23,69,298.13,0
20.04,46.33,9,25,563836.44,111,291.28,1
32.66,54.68,101,109,296102.36,91,198.25,1
23.93,63.99,130,114,380586.19,123,241.73,1
57.37,70.33,1,1,87107.07,77,50.0,2
77.38,77.06,2,2,369450.22,95,416.66,2
4.94,10.0,0,6,4348.74,65,199.47,0
0.44,17.71,1,2,1956.84,46,61.02,0
4.93,33.22,2,1,3309.34,40,244.51,0
10.0,53.17,129,93,241643.27,99,196.62,1
26.22,57.27,4,39,198151.35,110,172.7,1
77.95,55.0,0,1,214517.69,95,376.54,2
9.49,46.24,2,1,1660.77,69,227.94,0
67.13,58.53,1,3,11062.79,107,230.26,2
6.39,41.85,0,1,8895.04,87,454.93,0
100.0,89.04,0,1,17898.65,112,175.62,2
27.32,65.97,93,125,518553.13,130,299.51,1
19.39,66.72,114,139,684776.1,116,254.11,1
5.51,34.61,0,3,1555.05,102,284.19,0
71.74,67.99,1,4,150316.14,101,373.38,2
53.64,60.47,173,126,297824.0,103,211.88,1
42.81,57.53,121,160,182743.55,102,405.51,1
76.12,81.18,1,0,334988.4,67,340.25,2
0.0,17.3,1,3,1961.51,120,50.0,0
0.0,25.5,0,1,599.36,70,318.64,0
10.53,27.6,0,6,4208.28,78,256.97,0
56.41,79.79,0,0,11286.99,90,295.19,2
69.55,66.19,1,1,120745.71,81,386.75,2
32.76,32.95,118,139,17571.75,101,410.82,1
40.21,68.56,140,166,273515.66,120,387.67,1
20.11,43.54,6,21,332041.88,116,381.4,1
57.97,73.46,1,0,15629.36,93,261.33,0
0.0,22.71,0,4,115.19,70,120.51,0
6.38,18.39,0,0,635.5,95,359.71,0
5.25,19.48,0,3,15.84,69,256.07,0
22.86,57.0,6,35,251074.28,87,58.66,1
7.44,23.08,0,5,1054.58,66,229.3,0
9.92,36.92,1,2,6095.83,71,114.88,0
4.0,35.97,2,0,2815.85,73,261.97,0
38.42,47.44,101,102,238726.64,138,284.6,1
45.8,49.11,110,122,379597.44,105,461.14,1
1.13,14.88,2,1,4198.54,66,349.6,0
38.84,46.07,136,106,1366659.6,128,235.47,1
52.1,55.73,180,121,830375.41,136,194.66,1
35.89,45.2,71,136,259120.68,110,352.81,1
49.38,61.59,47,137,488463.44,119,328.97,1
100.0,56.96,0,1,36036.38,98,355.95,2
10.26,23.91,2,1,4404.64,71,258.25,0
4.11,32.14,0,2,678.89,104,247.75,0
37.7,39.1,3,8,64660.36,120,188.02,1
83.46,78.54,0,1,203647.3,92,288.21,2
1.77,34.72,1,0,5850.61,93,346.27,0
28.46,43.72,49,97,764131.56,120,265.92,1
80.59,79.18,0,2,236.45,81,240.36,2
75.56,74.23,1,1,435047.75,87,254.66,2
78.25,78.04,1,1,22503.17,79,97.07,2
48.39,71.97,70,117,456275.26,125,302.78,1
24.08,56.58,7,15,299096.07,151,283.36,1
26.73,49.5,84,141,29000.7,149,222.55,1
46.03,62.84,109,214,3165324.61,125,201.04,1
31.93,75.05,11,32,407029.21,122,173.63,1
0.0,27.89,0,1,360.15,82,240.04,0
7.32,41.29,3,0,1634740.77,126,258.79,1
85.35,73.72,1,1,217263.6,98,333.28,2
11.31,42.76,0,0,3432.38,86,165.64,0
25.73,47.99,114,110,1074507.65,102,202.32,1
94.38,55.0,1,2,1817.79,112,387.06,2
82.33,87.32,0,0,173370.77,80,257.61,2
37.32,41.62,145,143,89343.82,76,191.23,1
97.64,93.24,2,0,134686.36,83,262.47,2
3.91,43.79,3,1,1150.6,69,279.89,0
13.8,23.28,0,3,451.06,40,148.35,0
3.14,21.27,1,1,811.26,77,269.94,0
4.38,34.7,1,4,239.43,84,293.19,0
34.06,36.17,91,228,476509.75,104,361.35,1
2.95,39.5,0,3,565.19,60,210.71,0
6.48,32.83,0,2,120.78,73,258.09,0
75.81,67.5,1,2,48875.53,85,178.34,2
56.96,87.26,1,1,143915.7,101,206.22,2
64.45,60.85,1,0,5612.42,96,207.78,2
18.3,52.57,59,208,187791.06,104,228.61,1
40.56,30.0,2,4,10318.32,98,218.12,0
9.12,24.71,2,3,2936.63,78,179.42,0
67.06,76.27,0,0,201872.16,105,258.67,2
74.24,57.55,2,0,17506.18,83,156.0,2
19.38,55.24,5,0,1994111.89,145,163.65,1
97.74,70.47,1,1,89971.44,124,203.12,2
95.73,74.97,1,0,25202.47,113,248.21,2
9.66,27.41,2,2,755.87,75,187.72,0
17.92,34.26,5,9,95768.74,107,142.7,1
57.14,66.48,158,171,180949.92,98,243.6,1
90.67,79.06,1,1,243664.68,87,105.32,2
6.15,38.88,2,5,1314.7,101,243.53,0
76.14,74.63,1,2,281076.7,93,195.37,2
36.04,51.68,0,4,22089.87,90,299.07,0
57.13,68.28,0,2,56832.8,100,336.83,2
6.37,16.79,1,3,232.09,91,331.54,0
8.23,40.21,1,2,3015.9,97,242.82,0
70.8,84.11,0,0,77362.13,102,266.44,2
24.94,54.18,108,135,623401.36,109,281.9,1
28.95,78.18,80,40,1907290.28,153,266.69,1
2.32,38.76,2,8,311.38,83,194.91,0
29.1,55.01,7,29,653855.22,115,182.22,1
42.28,49.29,181,193,316005.13,133,409.03,1
23.67,65.69,138,198,277001.73,165,243.39,1
4.92,20.5,0,0,7677.57,102,329.96,0
1.99,25.09,0,0,3469.75,51,398.8,0
79.15,98.0,3,2,9520.3,117,280.04,2
9.0,28.96,1,2,5163.25,110,207.34,0
31.68,41.42,143,52,1557043.53,126,205.98,1
23.77,59.05,94,120,2042157.15,141,317.73,1
36.77,43.5,146,98,379424.94,138,147.33,1
3.89,29.37,2,1,3179.45,80,246.08,0
88.27,59.01,2,1,13190.95,75,277.99,2
64.7,68.81,1,0,4655.84,122,345.28,2
89.08,76.58,1,1,15455.61,96,199.29,2
24.85,46.84,158,142,28006.82,115,300.5,1
10.52,18.1,0,1,659.93,79,230.91,0
36.62,50.03,4,9,81376.18,120,153.27,1
22.49,47.82,9,26,90869.51,126,308.74,1
7.32,34.89,3,2,2026.62,104,65.05,0
11.47,38.06,1,0,2735.32,100,297.4,0
12.44,20.21,1,2,664.4,69,143.41,0
0.0,28.11,0,0,1293.92,73,301.16,0
7.52,33.92,0,0,2611.76,86,50.0,0
6.37,32.59,0,4,4890.59,65,426.21,0
11.04,34.87,2,2,127.69,79,367.42,0
22.82,79.39,140,146,5000.0,101,302.82,1
65.96,78.28,0,1,71755.91,83,303.86,2
50.89,25.0,186,102,795694.31,98,197.99,1
4.49,16.83,1,1,73.55,76,106.43,0
25.82,25.0,5,21,1070341.03,102,168.02,1
40.94,52.82,2,3,40183.12,69,50.0,0
24.78,25.0,113,20,177938.81,144,202.89,1
42.9,55.15,89,122,950597.96,166,134.56,1
86.73,81.12,1,2,4162.57,117,174.47,2
5.19,36.95,2,3,1870.03,60,224.36,0
3.63,29.08,0,4,3717.06,83,153.32,0
5.08,44.28,1,2,200.49,72,175.48,0
34.19,32.87,115,98,476019.58,189,183.63,1
100.0,73.09,0,0,120746.81,73,383.35,2
47.83,30.82,65,95,828597.49,107,239.25,1
89.98,98.0,2,1,76140.01,103,290.82,2
34.97,29.08,138,113,6806.29,109,196.25,1
3.37,36.94,3,4,2254.85,99,418.64,0
41.19,69.09,56,124,149436.07,126,300.78,1
6.21,36.34,4,1,278.93,70,328.57,0
26.47,44.02,8,18,127779.52,95,160.33,1
14.3,50.78,180,146,261453.96,112,265.74,1
30.0,68.95,71,209,1021460.1,100,192.56,1
27.31,66.76,178,152,799883.44,136,147.91,1
3.75,25.2,0,0,2959.65,93,273.8,0
40.29,50.96,129,153,523461.06,132,254.82,1
86.14,76.03,1,0,276334.12,84,193.35,2
26.74,42.6,197,264,785382.86,136,95.67,1
24.94,74.62,99,70,209713.49,124,166.01,1
91.32,60.19,0,2,270326.11,83,50.0,2
12.29,10.0,1,2,4931.6,91,189.87,0
64.39,85.66,2,2,209885.92,81,76.45,2
28.31,57.34,4,4,111601.2,94,276.23,0
22.49,58.98,112,173,293325.39,153,331.07,1
0.69,19.73,2,3,1889.98,79,254.12,0
97.47,84.57,1,0,71940.67,119,313.87,2
64.41,53.99,125,88,58010.51,101,272.82,1
9.39,12.32,4,1,1501.05,96,283.65,0
43.91,55.91,118,134,484511.64,86,216.31,1
69.86,84.2,0,1,30683.23,97,318.89,2
85.71,71.4,0,0,107693.77,106,215.83,2
74.04,80.23,0,0,119377.01,91,272.97,2
27.57,60.0,146,173,885871.98,133,244.94,1
76.87,88.4,4,1,216772.94,111,239.23,2
59.07,57.31,68,236,1125285.13,114,334.97,1
5.56,25.23,1,2,267.68,85,123.98,0
29.2,70.77,56,238,31620.53,134,146.5,1
26.4,58.52,102,169,432724.39,121,198.29,1
7.66,31.42,2,0,1154.72,95,374.35,0
87.36,81.74,2,0,260847.16,73,239.19,2
49.59,52.35,139,209,114406.19,126,417.24,1
45.29,30.76,134,112,273991.68,147,166.96,1
23.32,37.39,112,104,109364.88,114,187.83,1
38.16,57.87,131,223,147079.62,110,283.79,1
5.53,23.35,1,3,886.0,78,292.01,0
83.0,74.82,1,1,157867.22,116,196.8,2
82.77,75.41,0,2,118492.64,95,366.03,2
78.32,55.58,1,3,26213.56,88,159.25,2
60.18,80.83,2,3,305682.82,126,236.68,2
12.2,43.9,83,91,521093.94,139,155.45,1
30.56,62.42,155,157,1319051.4,131,161.33,1
9.11,13.82,4,2,3864.29,73,227.02,0
48.72,56.1,61,82,1361727.14,195,156.13,1
6.59,10.49,2,1,3406.82,82,345.04,0
18.24,24.81,0,3,6907.39,107,123.98,0
30.21,44.26,120,166,515364.71,142,228.42,1
29.62,54.75,111,178,588390.13,101,277.1,1
11.53,33.37,1,0,878.05,85,253.1,0
51.49,55.99,130,165,292552.34,109,226.45,1
21.91,52.21,84,190,3055028.29,125,126.88,1
90.1,72.04,2,1,158177.68,89,224.3,2
3.34,31.5,2,0,5315.22,70,229.08,0
67.17,61.24,1,0,935.65,89,178.71,2
0.0,29.05,1,2,2407.11,90,261.46,0
92.45,67.65,0,3,45147.39,110,394.28,2
61.39,69.28,0,1,49910.89,118,296.02,2
5.0,54.88,7,19,819238.91,108,268.7,1
53.26,37.72,0,1,99358.08,50,172.36,0
5.02,27.49,1,1,1.57,61,279.66,0
6.28,30.73,0,0,164.7,78,221.03,0
78.86,60.29,0,1,186569.4,114,151.96,2
11.31,38.48,1,0,10790.16,88,242.23,0
57.34,58.18,0,2,57797.68,89,259.23,0
70.61,85.17,1,1,6007.19,63,265.83,2
7.35,45.85,1,3,154.23,96,257.11,0
5.76,29.61,2,1,2166.81,79,206.92,0
40.26,55.39,7,27,376646.28,115,194.18,1
41.3,58.45,1,2,5898.15,105,187.89,0
51.76,63.71,119,149,63904.55,117,273.52,1
6.01,37.13,3,1,1174.21,101,162.46,0
6.16,20.81,0,3,1809.14,60,139.1,0
77.44,59.79,0,1,182306.92,127,198.56,2
2.59,27.9,2,1,231.9,62,267.21,0
4.2,32.71,3,0,2852.26,60,376.88,0
35.15,36.77,2,3,28124.87,61,247.51,0
78.42,64.09,2,1,291510.73,84,114.86,2
36.43,56.25,201,66,491333.41,121,248.24,1
44.99,42.18,5,11,630943.45,91,251.21,1
43.56,74.04,83,97,1158294.39,102,169.76,1
75.64,70.56,2,0,8637.13,74,216.01,2
93.7,66.33,1,2,93544.29,93,239.65,2
5.77,44.8,3,1,742.69,74,195.0,0
33.8,42.99,80,167,342475.95,94,359.3,1
81.51,75.07,0,0,4454.02,103,123.35,2
7.11,33.51,1,4,274.85,69,330.28,0
90.29,55.0,0,1,113794.12,84,268.59,2
84.19,58.43,0,1,49257.31,89,201.71,2
59.84,89.56,0,1,69294.16,104,410.93,2
10.0,77.11,177,123,417811.27,144,280.34,1
32.5,48.48,94,235,383218.68,123,234.35,1
0.38,27.73,1,2,2904.71,71,129.1,0
84.39,82.82,1,1,321669.17,60,281.82,2
75.7,89.83,1,4,56321.66,94,306.21,2
5.0,67.1,1,15,46888.5,97,184.92,1
31.27,63.91,135,27,230901.19,124,233.13,1
32.54,45.01,139,174,218264.19,91,294.23,1
16.89,44.17,166,225,394407.87,159,153.85,1
11.94,39.44,0,1,2185.58,83,221.96,0
76.33,69.26,0,0,28804.25,101,174.99,2
17.6,50.48,8,6,93916.95,150,293.64,1
42.43,53.94,131,155,182609.48,102,345.22,1
70.02,77.64,0,0,17964.87,125,409.97,2
34.85,37.61,143,158,578957.79,119,204.57,1
45.34,42.76,154,157,266498.32,129,163.35,1
3.77,17.41,1,2,289.73,87,271.95,0
9.19,44.26,1,2,469.85,49,134.03,0
43.92,43.27,139,119,356916.88,112,288.48,1
20.56,45.67,196,152,1288360.79,124,232.55,1
65.18,86.5,106,71,477763.36,137,175.99,1
26.6,50.06,3,7,143645.85,119,346.38,1
6.74,16.71,1,1,5728.4,106,320.85,0
39.04,56.43,119,56,407694.71,173,123.99,1
24.24,64.63,104,226,966834.79,114,180.46,1
31.42,48.58,8,11,744013.87,138,387.17,1
63.44,84.67,2,1,52662.28,92,259.21,2
24.93,41.75,8,19,151738.58,104,243.0,1
98.32,92.94,1,2,144615.55,93,234.01,2
88.23,77.69,3,1,81442.53,116,242.38,2
12.21,25.16,1,0,194.06,80,290.96,0
0.0,22.83,0,0,2531.35,62,169.25,0
2.59,43.4,2,2,2018.81,102,387.31,0
43.43,62.56,146,239,982628.4,147,233.64,1
8.26,21.73,0,3,1799.27,68,247.03,0
41.45,65.26,95,213,103469.53,101,253.2,1
42.58,57.29,95,54,6486.39,154,300.09,1
45.54,57.66,48,88,154175.47,84,209.0,1
6.47,25.39,1,1,432.84,80,406.51,0
24.38,60.34,98,191,266968.95,132,190.11,1
0.0,34.49,0,1,5462.55,77,118.51,0
9.7,28.9,1,1,853.37,72,176.94,0
70.0,58.06,0,2,1579.68,97,365.86,0
2.79,39.05,0,1,1685.04,97,94.4,0
66.03,86.32,2,2,133062.62,94,354.83,2
3.51,32.2,1,0,3530.33,92,98.63,0
11.8,30.04,1,4,908.5,88,321.32,0
71.68,55.0,0,1,17406.82,131,295.56,2
8.03,26.12,0,4,292.69,70,271.64,0
3.31,16.19,0,4,60.18,61,248.62,0
8.42,33.03,2,4,3561.2,102,324.86,0
30.43,62.33,1,4,20669.7,122,225.18,0
45.11,58.42,53,29,644342.81,147,95.07,1
74.79,60.16,0,2,44671.09,95,314.37,2
32.41,60.14,118,158,1496366.2,154,340.59,1
8.51,17.18,1,3,11234.5,82,78.66,0
6.35,36.29,0,2,3684.56,68,214.99,0
48.84,74.49,66,141,209272.03,141,259.23,1
27.96,60.18,167,165,264880.52,105,212.16,1
0.18,32.37,0,3,2168.23,97,251.39,0
30.91,47.83,71,153,426934.44,128,239.12,1
49.6,51.97,115,211,494601.63,121,243.64,1
84.97,67.77,1,1,113386.72,92,205.11,2
10.0,47.66,140,143,106917.52,126,186.67,1
84.37,78.38,0,1,7110.99,113,262.71,2
47.46,63.85,107,203,60585.19,162,243.11,1
57.92,51.25,178,88,403561.86,135,286.35,1
6.0,31.09,0,3,607.69,76,262.55,0
0.0,31.57,1,3,642.21,90,315.62,0
1.56,24.71,1,1,76.34,81,199.85,0
47.19,30.0,1,2,71138.89,61,270.78,0
49.26,70.76,163,171,609465.52,130,113.55,1
71.99,69.29,1,0,163172.34,86,264.18,2
25.77,42.54,117,221,1562437.32,129,128.42,1
71.91,71.1,0,3,120384.77,110,205.19,2
13.88,73.52,107,180,651766.53,112,222.84,1
29.22,47.53,172,119,22076.73,124,190.66,1
6.79,25.04,0,5,112.54,78,281.12,0
81.69,71.35,2,0,68557.43,103,306.07,2
0.73,30.65,1,1,2009.43,70,252.51,0
36.49,63.55,0,2,32739.58,74,295.34,0
78.9,98.0,2,1,226633.86,84,270.92,2
70.17,78.99,1,3,219488.93,99,203.41,2
3.81,31.85,0,1,8287.52,86,249.69,0
23.39,56.25,108,58,184992.99,107,296.5,1
10.51,27.14,1,1,33.39,49,209.98,0
89.2,89.44,1,3,124274.33,101,229.86,2
10.32,38.98,1,0,2616.14,73,328.15,0
11.92,31.06,1,3,3400.97,112,397.47,0
25.69,67.89,121,145,315538.12,118,234.31,1
8.22,38.72,1,2,2855.79,69,133.26,0
67.16,73.96,2,0,246459.51,62,391.17,2
36.2,73.02,119,186,103996.13,126,326.94,1
4.23,37.11,1,1,4251.38,101,289.48,0
51.86,43.01,232,212,1191539.06,114,304.59,1
54.74,39.77,1,3,68428.7,97,160.64,0
35.37,51.99,9,17,411313.5,122,260.69,1
6.74,39.17,1,2,2805.29,96,163.88,0
12.26,23.96,1,2,352.27,89,243.77,0
39.87,57.1,0,2,95888.43,108,275.83,0
10.0,45.53,91,109,42341.46,93,283.89,1
0.0,39.13,1,3,64.71,52,309.82,0
64.62,68.98,109,135,384883.86,120,359.33,1
10.34,59.82,116,131,502611.16,110,220.62,1
16.48,55.01,126,154,30948.14,99,190.17,1
8.56,30.08,1,0,1632.3,97,284.58,0
100.0,75.85,2,1,145405.39,88,410.62,2
11.48,23.99,1,2,1980.94,66,345.6,0
29.72,78.67,77,133,744692.97,129,213.8,1
38.45,44.81,1,2,8058.3,110,179.98,0
0.37,26.17,0,3,3036.72,72,217.4,0
59.96,75.89,1,0,74060.84,107,295.32,2
4.0,34.65,1,1,901.13,100,251.29,0
53.24,54.68,155,182,213279.27,80,164.68,1
3.72,28.58,0,0,3818.82,94,328.21,0
26.96,49.6,137,158,212194.36,117,206.88,1
45.98,39.42,136,129,882970.61,137,301.22,1
3.11,19.03,0,4,563.83,63,232.29,0
14.75,47.31,141,197,103039.06,88,250.81,1
5.93,38.51,0,3,3543.9,54,213.82,0
33.09,35.43,153,145,1239537.06,111,224.34,1
55.69,53.21,2,2,13735.64,86,411.99,0
5.0,43.76,6,13,169718.62,159,99.95,1
4.66,28.57,0,1,121.89,81,313.46,0
18.35,44.76,113,163,672347.21,110,302.58,1
6.6,23.22,0,3,3841.45,95,204.23,0
1.93,23.49,1,0,4164.58,80,263.53,0
78.81,59.1,2,0,19301.72,96,163.09,2
50.3,30.0,0,1,61183.62,112,407.83,0
55.68,53.84,0,2,15209.65,76,208.2,0
2.66,40.43,0,2,848.23,63,260.33,0
4.43,24.69,2,4,1406.64,96,231.78,0
24.74,47.65,48,206,436168.08,143,214.62,1
33.04,44.61,107,111,1748089.73,116,221.13,1
32.46,59.28,6,10,49250.79,119,304.98,1
29.15,62.37,158,174,413441.69,140,274.5,1
32.24,48.04,8,16,643257.74,114,190.0,1
9.16,12.1,4,1,3340.18,77,375.23,0
4.75,30.6,3,0,3942.89,98,388.05,0
3.28,29.08,1,3,2115.0,64,273.03,0
0.0,28.49,1,2,1068.05,88,164.76,0
1.12,41.74,0,3,936.36,98,466.04,0
7.33,26.73,0,2,2450.9,79,276.7,0
0.0,21.12,0,2,417.09,79,215.49,0
59.89,86.26,0,0,86885.13,80,205.29,2
3.96,25.02,1,2,1253.06,91,219.18,0
70.0,62.61,4,0,45798.25,103,201.19,0
54.4,42.37,122,216,96333.37,165,264.95,1
7.19,29.47,0,1,443.19,69,307.77,0
4.41,26.53,0,1,1082.1,78,294.98,0
41.62,78.47,94,89,604969.84,118,265.22,1
4.03,15.15,0,2,2581.6,84,161.92,0
1.23,43.02,1,1,493.59,61,270.48,0
4.76,24.2,0,5,1147.61,68,211.76,0
18.04,66.24,74,179,805976.92,113,358.89,1
78.24,60.31,2,1,1762.5,96,294.26,2
75.97,55.0,1,0,140319.32,100,173.53,2
5.18,43.18,1,1,830.51,88,263.42,0
5.52,31.34,1,1,376.64,71,233.15,0
5.34,34.87,1,4,418.3,69,95.95,0
7.79,28.1,3,6,1959.56,75,286.55,0
27.34,51.71,148,204,379551.56,121,243.96,1
9.11,26.33,3,1,5950.56,97,183.94,0
8.12,25.66,1,1,1652.31,81,393.77,0
18.01,71.23,7,0,158374.71,100,211.7,1
50.9,51.74,49,121,422416.89,136,148.07,1
14.0,29.76,0,2,158.6,98,154.21,0
16.93,59.11,131,254,7345.48,107,172.87,1
1.84,36.6,1,2,517.82,107,194.6,0
61.9,74.06,1,1,13787.0,114,254.12,2
45.64,57.44,82,169,14066.12,145,426.13,1
6.7,45.99,0,4,348.07,76,246.93,0
89.49,69.5,2,1,151771.83,102,240.1,2
5.39,22.94,2,1,1449.04,70,192.51,0
89.98,87.27,1,2,123760.64,98,235.3,2
30.67,59.0,0,1,21215.39,91,295.77,0
4.06,26.29,0,1,194.26,80,143.36,0
6.24,13.2,1,4,645.43,93,309.92,0
48.01,48.25,0,2,66827.4,123,315.3,0
73.27,71.78,2,1,188805.74,96,234.89,2
2.95,29.58,0,4,1825.72,84,215.91,0
21.62,50.09,111,162,2796295.13,111,215.88,1
24.83,49.24,140,121,570381.01,110,269.51,1
97.68,64.58,0,0,226856.67,103,111.24,2
77.16,80.13,0,0,42951.0,120,208.07,2
50.0,89.78,0,0,96438.68,104,215.82,2
31.12,53.94,83,215,545133.95,143,421.06,1
37.29,30.0,3,5,11665.7,100,139.13,0
1.71,19.06,1,2,1402.82,71,331.79,0
88.0,63.46,0,0,1731.42,98,317.89,2
50.0,78.08,2,1,12002.43,115,228.75,2
6.93,33.57,1,6,464.3,83,253.0,0
43.09,41.03,101,130,52047.79,120,115.55,1
80.41,66.7,0,0,144157.44,73,340.41,2
78.23,60.92,0,1,62838.82,94,311.69,2
80.21,88.76,1,2,91176.63,92,197.61,2
1.77,31.41,0,2,4285.32,72,348.22,0
0.0,15.23,2,1,4627.88,54,285.61,0
7.02,24.34,1,1,1071.8,82,270.33,0
11.82,36.32,0,1,2130.64,60,442.03,0
5.0,56.84,10,22,255510.47,106,224.75,1
12.4,32.84,1,3,6956.5,58,270.14,0
54.46,52.51,131,129,395988.19,95,198.08,1
44.87,45.04,167,137,213665.15,122,216.5,1
56.99,45.83,106,198,703599.63,113,243.96,1
7.63,45.64,1,1,80.34,85,169.89,0
48.51,64.49,190,59,284450.17,77,297.08,1
20.0,35.73,0,3,157819.98,75,297.13,0
1.03,23.85,0,3,3557.43,73,253.93,0
6.9,39.24,0,3,1314.93,86,212.9,0
23.65,38.69,1,1,7908.88,108,466.9,0
22.51,69.51,131,172,404637.49,116,209.43,1
91.56,82.67,1,0,72164.26,76,311.86,2
22.26,63.7,89,115,59495.68,91,270.19,1
10.84,58.13,146,127,46344.97,108,383.55,1
6.78,33.4,0,3,679.16,72,246.2,0
39.99,49.27,1,0,1945.44,137,341.69,0
76.24,63.19,0,1,83621.95,104,330.89,2
47.78,60.31,159,63,609965.38,145,349.67,1
81.03,76.93,0,0,274811.88,98,221.52,2
1.0,36.58,1,4,507.14,75,224.53,0
4.23,31.03,0,3,2126.02,109,330.26,0
6.68,39.8,0,2,534.39,74,413.27,0
60.93,50.17,0,1,44508.53,88,336.87,0
12.59,38.17,1,4,209.28,88,209.24,0
22.19,61.79,5,0,77855.95,110,274.79,1
41.93,45.48,72,170,25429.86,130,286.86,1
3.85,30.8,0,0,297.97,89,208.28,0
12.1,61.56,136,127,1570585.57,114,259.84,1
31.9,64.87,95,262,98556.65,108,195.46,1
45.26,51.37,147,145,539180.02,146,297.93,1
4.79,16.97,1,5,469.83,83,301.46,0
9.92,19.99,1,1,40.88,75,128.51,0
54.21,60.27,0,2,48163.71,114,380.86,0
14.69,54.82,78,189,638663.81,139,155.03,1
2.86,29.65,2,3,154.36,100,547.53,0
2.89,30.52,3,1,1312.01,84,293.56,0
8.58,33.14,0,4,590.17,81,205.43,0
51.28,77.71,1,0,91740.24,115,313.42,2
9.89,31.92,1,3,1409.29,45,190.43,0
3.34,42.41,0,4,1150.29,51,260.71,0
12.75,23.77,3,3,2560.97,63,244.82,0
2.7,27.73,0,2,3037.63,87,132.65,0
39.6,28.42,139,188,70505.95,119,184.76,1
98.22,81.0,1,0,4342.94,98,273.62,2
3.51,26.37,2,5,83.48,94,112.79,0
19.66,31.86,4,10,152124.22,94,76.75,1
78.56,88.44,3,1,15270.91,63,313.05,2
82.63,67.13,2,2,52316.19,90,259.25,2
5.93,26.87,0,1,4637.76,73,351.29,0
30.9,52.06,151,161,73807.63,102,225.1,1
32.44,66.35,33,162,94743.96,109,156.32,1
49.24,50.07,124,160,865952.51,87,359.48,1
88.22,63.36,1,0,43054.45,99,364.42,2
9.16,23.45,1,4,2206.63,98,228.67,0
26.19,71.58,143,129,62642.66,101,252.48,1
23.21,38.25,6,9,968534.94,120,222.66,1
6.79,39.19,1,5,28.69,83,218.55,0
11.2,57.19,135,140,49960.45,70,249.43,1
39.23,72.39,138,107,1223995.39,161,327.62,1
80.48,77.94,1,2,108565.55,97,240.25,2
0.0,20.56,2,2,6275.83,98,275.43,0
98.24,82.29,1,3,151964.73,97,107.65,2
2.18,32.67,1,2,1011.66,81,289.83,0
5.0,53.74,2,0,64307.19,110,362.17,1
5.54,37.09,1,0,1294.83,79,184.17,0
65.45,65.89,1,2,240094.26,98,289.96,2
28.54,58.93,131,193,526052.49,132,267.76,1
1.55,34.89,0,2,2715.21,93,303.17,0
29.21,66.78,147,148,907695.68,109,238.53,1
0.0,20.53,0,3,2818.62,54,215.05,0
5.73,31.76,4,1,86.53,84,119.63,0
5.67,24.13,0,2,45.96,82,318.37,0
46.84,59.32,96,182,54708.17,91,267.76,1
23.14,41.63,92,148,1257165.87,136,284.99,1
4.5,31.96,1,0,323.95,98,238.86,0
57.39,60.53,103,206,313423.42,134,340.1,1
88.67,70.5,1,1,37839.85,75,249.82,2
4.76,22.2,0,5,9408.25,91,282.85,0
6.25,22.68,4,4,876.02,78,334.25,0
15.57,60.34,111,252,101963.62,92,315.03,1
5.05,40.26,2,2,4035.21,74,247.76,0
3.21,38.94,2,3,1802.24,52,144.26,0
70.0,76.33,1,8,2866.99,107,103.72,0
43.31,72.11,1,4,25736.73,83,294.39,0
89.25,86.37,0,2,168071.78,104,219.46,2
1.66,26.51,2,1,3070.49,88,291.17,0
75.45,78.76,0,0,57043.79,95,403.92,2
10.0,56.62,198,125,1585831.0,91,229.42,1
7.11,38.21,0,2,3473.73,45,72.58,0
2.99,23.92,1,1,788.02,119,279.6,0
70.41,79.75,1,0,108883.05,95,220.82,2
37.2,62.36,115,175,211475.54,105,375.47,1
6.06,46.14,2,3,1893.75,80,208.5,0
50.07,52.9,1,3,207961.08,70,246.37,0
29.11,25.0,64,60,880684.77,125,136.53,1
10.72,10.0,1,2,1134.29,84,241.63,0
10.0,32.42,1,2,766.85,80,170.45,0
38.61,48.98,131,174,6539.29,100,316.54,1
6.95,30.29,1,5,3579.32,91,275.83,0
11.04,20.3,1,4,1436.23,61,339.24,0
1.39,35.61,1,2,781.93,79,119.49,0
3.93,25.86,1,1,1378.83,96,213.62,0
23.18,34.62,7,2,588871.86,121,211.33,1
10.64,50.46,110,201,417763.54,92,136.61,1
3.3,38.88,2,4,3148.1,68,75.05,0
30.77,47.75,1,3,90771.7,121,268.18,0
20.21,64.37,90,107,547160.6,121,313.13,1
0.36,29.47,0,2,1172.98,73,332.33,0
70.0,81.24,1,1,109905.34,125,304.51,2
11.2,33.58,0,0,4627.27,75,258.62,0
4.23,48.18,0,3,2510.55,57,381.49,0
3.21,33.56,4,4,449.36,93,252.54,0
48.92,43.37,94,155,434007.02,168,180.59,1
25.19,83.65,118,196,233429.06,130,365.38,1
36.45,51.8,156,266,43560.62,136,337.75,1
1.1,29.71,0,2,4396.75,99,329.3,0
77.01,79.01,0,0,135531.27,89,163.33,2
37.87,65.19,165,115,109704.44,139,281.99,1
42.24,54.19,0,2,107956.71,103,232.71,0
10.0,41.98,97,77,514033.22,116,262.87,1
37.04,64.3,89,164,192006.27,117,284.3,1
2.0,37.01,0,2,12192.43,96,144.45,0
38.16,36.07,3,27,211697.1,89,267.69,1
3.15,21.78,2,2,1100.4,54,319.75,0
50.0,79.47,1,0,69192.18,89,314.59,2
27.11,63.0,144,90,513337.59,105,215.02,1
73.52,73.26,0,1,168456.14,121,337.78,2
19.63,47.64,10,3,29562.13,120,215.55,1
0.12,30.04,0,0,316.17,113,273.98,0
6.68,38.86,0,4,197.46,85,294.92,0
10.9,27.21,1,3,435.73,66,176.25,0
11.17,43.5,0,0,724.56,86,311.75,0
18.02,63.94,150,208,88251.04,115,280.44,1
4.37,23.07,2,0,4897.86,97,285.05,0
34.58,44.86,5,5,353432.0,89,197.08,1
23.34,73.22,86,102,118239.31,141,279.78,1
34.23,78.83,7,40,745909.83,106,229.53,1
71.78,89.04,0,1,48529.67,101,391.04,2
76.38,67.58,1,1,76330.72,117,111.22,2
4.24,27.7,0,3,663.43,70,124.04,0
42.66,55.43,7,49,909873.01,118,324.76,1
0.0,28.58,2,3,1871.73,52,366.72,0
2.22,21.53,0,2,592.68,77,136.81,0
7.13,38.08,2,3,2118.99,62,316.56,0
15.53,79.8,6,0,170737.51,156,239.47,1
94.91,97.22,1,1,19225.8,120,227.7,2
4.69,30.57,1,5,772.11,86,195.94,0
40.14,44.65,1,1,13600.02,138,227.79,0
49.53,63.9,118,156,771843.66,117,292.03,1
1.4,31.21,1,4,121.83,82,81.23,0
9.16,29.24,1,4,2101.65,56,320.42,0
0.0,24.49,0,2,373.33,86,330.84,0
30.3,55.89,9,14,136024.23,98,202.51,1
2.34,34.63,2,0,294.46,44,296.89,0
20.43,58.51,1,2,59168.1,112,226.99,0
60.33,65.79,148,140,606885.66,120,277.06,1
5.0,58.93,11,31,660700.79,132,73.68,1
43.21,49.2,128,219,24836.1,165,178.93,1
5.87,48.96,4,36,954218.58,101,285.53,1
4.52,35.93,0,4,780.66,101,223.23,0
60.79,83.16,1,1,91476.82,114,160.78,2
24.88,71.31,5,21,492679.22,105,144.73,1
5.47,30.07,1,2,827.14,69,260.31,0
66.66,56.04,120,153,374045.26,118,213.27,1
69.55,69.46,1,1,203975.14,96,336.43,2
5.0,29.08,7,16,264347.79,111,129.53,1
72.31,72.19,2,1,265394.66,106,206.27,2
40.12,31.62,114,239,26264.96,107,216.93,1
5.78,41.52,0,1,2734.0,92,273.58,0
70.87,88.13,0,1,256972.14,103,289.21,2
68.68,77.47,0,0,229306.32,99,307.72,2
42.54,49.78,2,24,61621.77,94,295.18,1
36.09,62.22,74,102,429707.48,119,242.17,1
4.34,24.81,1,1,94.18,61,214.96,0
32.85,55.7,152,233,575119.11,154,267.24,1
4.41,38.15,1,3,99.21,119,266.4,0
71.58,67.25,2,3,397150.06,89,297.07,2
2.56,30.94,0,2,628.51,66,264.07,0
9.07,28.4,0,4,4084.04,82,364.8,0
26.67,44.42,3,1,142850.06,89,305.95,0
23.49,55.67,82,104,362156.2,121,288.28,1
44.19,43.94,1,1,171407.31,85,284.46,0
66.6,75.97,0,2,32514.43,113,422.99,2
58.54,79.75,2,0,145500.28,110,326.96,2
34.4,67.92,137,151,1246150.69,133,312.07,1
29.67,43.51,70,151,1710131.4,116,240.5,1
6.29,29.26,1,1,1586.48,62,157.03,0
55.66,56.99,0,1,61773.56,56,201.82,0
7.27,34.21,2,4,3123.62,87,290.52,0
90.97,71.71,1,0,55210.38,105,218.9,2
8.64,21.31,1,2,1043.43,77,144.02,0
75.61,62.8,1,1,269981.93,105,329.52,2
60.44,80.0,1,4,35590.29,81,306.91,0
10.0,65.47,169,184,300167.64,125,233.56,1
5.36,29.6,2,2,2519.75,81,284.44,0
2.59,28.07,1,2,4031.0,83,344.63,0
58.3,69.29,1,0,58410.82,73,322.15,2
92.16,71.43,0,2,51723.23,75,182.41,2
32.84,41.47,6,11,1127894.27,87,363.99,1
4.73,24.27,2,1,2841.65,81,301.2,0
82.68,83.96,2,0,268778.85,123,142.28,2
39.58,46.09,74,128,811766.72,96,253.33,1
31.52,31.78,4,2,76034.21,142,218.55,1
61.47,78.29,1,0,34350.59,67,345.66,2
51.67,65.28,76,125,2171964.07,102,240.28,1
17.81,39.85,30,85,45037.04,117,289.52,1
7.04,20.63,2,6,2456.07,91,248.9,0
4.44,42.49,1,2,300.82,93,197.27,0
54.2,59.84,10,18,1502530.71,104,89.07,1
4.91,35.75,2,3,1246.86,78,165.65,0
19.91,47.0,188,201,710851.62,110,291.14,1
0.0,33.14,0,3,2287.13,75,298.34,0
13.51,39.39,6,21,155266.21,107,162.38,1
53.03,25.0,119,118,401783.39,136,178.38,1
2.77,31.37,2,3,2702.34,84,285.7,0
68.55,77.56,2,1,7681.21,102,391.17,2
0.85,22.8,1,0,394.74,67,344.82,0
28.92,66.78,80,190,590920.05,97,189.92,1
2.44,39.91,0,0,1383.19,61,363.17,0
0.0,32.73,0,3,698.83,100,155.24,0
71.2,66.22,174,208,536782.22,113,232.37,1
3.67,26.01,2,2,9129.74,63,277.61,0
32.75,51.34,168,164,182717.67,112,248.23,1
3.73,13.34,1,3,3732.42,80,257.7,0
0.0,36.62,1,2,1966.0,82,334.37,0
91.21,67.53,2,2,69421.24,99,206.24,2
35.07,57.88,56,144,1172715.42,103,285.88,1
20.98,51.03,7,38,7549.49,104,185.6,1
42.16,51.75,91,153,1871975.36,113,212.69,1
0.0,26.18,1,0,1443.33,68,377.9,0
91.52,79.05,2,1,117014.0,82,219.87,2
27.64,39.64,191,228,250849.17,134,160.09,1
46.07,40.84,99,154,875200.52,86,166.99,1
88.11,72.42,1,0,228135.4,121,333.01,2
23.64,26.72,110,211,361034.08,114,187.92,1
90.27,79.39,2,0,56649.03,112,264.3,2
93.19,77.78,1,2,124023.61,97,214.97,2
84.86,67.72,2,0,6184.31,106,290.44,2
68.46,78.23,1,1,82920.16,111,369.34,2
34.26,59.34,1,1,20268.62,84,213.62,0
62.89,73.87,2,1,22534.56,84,62.87,2
39.44,30.32,196,171,742883.31,105,175.38,1
25.55,49.66,149,117,231174.6,136,146.97,1
47.26,52.57,104,62,614117.67,141,381.05,1
4.88,19.37,0,3,2257.45,71,254.96,0
55.95,75.19,50,140,478114.93,142,311.08,1
2.9,43.02,2,1,8583.42,74,282.05,0
91.81,77.98,0,1,132461.78,100,365.94,2
71.82,85.55,0,1,122291.94,112,245.74,2
10.62,24.62,0,1,725.24,79,194.65,0
50.0,82.06,0,1,293339.36,145,129.18,2
7.71,29.1,3,3,1671.98,68,77.42,0
86.1,82.05,1,1,53327.17,98,319.56,2
18.17,47.33,5,3,505173.31,115,462.33,1
34.89,79.12,1,4,68029.72,95,294.69,0
3.93,31.98,0,2,6248.26,72,255.82,0
74.84,92.59,1,0,5807.97,114,250.63,2
4.94,28.55,2,0,808.77,65,223.91,0
10.0,54.02,89,177,141039.22,141,240.21,1
33.59,55.51,133,98,419732.2,109,299.77,1
10.56,30.13,1,0,1016.03,92,184.0,0
23.91,55.11,98,225,490127.37,143,248.32,1
31.86,48.94,85,50,63517.34,106,270.66,1
37.8,48.71,173,212,384602.94,121,316.73,1
54.79,64.35,0,2,49218.03,78,280.38,0
54.92,74.22,0,1,244795.99,101,321.14,2
15.0,51.12,113,179,162046.2,98,225.09,1
66.95,60.81,0,0,17416.12,93,189.63,2
95.53,63.19,2,0,299311.0,109,148.75,2
34.16,52.98,104,145,451150.63,114,90.52,1
5.18,21.01,1,2,842.24,63,335.97,0
0.0,30.81,1,3,2768.18,40,235.97,0
11.11,42.16,2,2,5164.69,73,179.13,0
30.66,46.05,176,160,178490.12,130,211.98,1
31.85,37.54,129,142,527746.34,120,158.22,1
5.25,35.23,2,0,3066.84,71,290.77,0
8.22,35.43,0,4,1495.57,76,331.28,0
4.3,18.68,2,4,1577.54,75,357.84,0
16.18,50.91,3,1,199983.32,109,116.32,1
4.05,16.37,0,2,2357.15,71,206.77,0
11.73,41.25,0,3,1022.19,59,372.46,0
45.61,75.82,77,157,729551.33,119,150.9,1
23.0,41.27,11,0,75531.57,126,242.68,1
43.19,43.64,97,157,39708.96,168,134.37,1
3.48,42.93,0,1,2987.43,66,263.74,0
15.53,58.13,3,26,118985.28,99,338.39,1
80.11,67.16,0,2,87512.65,74,164.26,2
5.0,46.75,10,11,47498.74,91,97.31,1
26.65,59.77,203,174,249572.71,110,238.16,1
48.96,50.6,108,20,220769.45,144,81.73,1
8.83,28.29,0,4,322.41,88,275.22,0
61.59,67.7,111,170,78249.22,128,284.27,1
24.45,72.21,170,184,705009.44,128,325.44,1
7.08,12.07,1,2,1352.48,69,245.42,0
88.59,74.68,3,1,247558.96,116,277.5,2
59.26,72.4,0,0,11096.31,122,211.9,2
98.95,98.0,4,1,23733.67,74,149.99,2
50.0,80.31,1,2,3964.29,105,175.36,2
59.77,40.94,0,2,3784.67,93,254.94,0
76.38,56.71,0,1,65851.25,101,362.27,2
21.26,66.4,167,163,177471.44,125,268.07,1
95.47,68.0,3,1,16632.43,101,265.63,2
49.18,64.8,177,125,105710.93,93,190.44,1
8.04,33.43,0,4,491.31,71,336.56,0
11.0,19.45,0,0,1481.99,88,219.1,0
14.99,90.0,185,151,348060.75,116,210.4,1
7.74,31.17,1,1,4051.89,52,214.05,0
82.63,81.03,1,1,18578.08,137,341.9,2
48.88,34.58,2,3,161761.84,103,201.13,0
87.8,65.13,4,1,118459.68,69,361.87,2
58.75,69.62,0,1,9721.6,125,195.51,2
2.64,39.94,3,2,1297.05,85,316.4,0
5.87,42.89,1,2,600.04,81,385.3,0
65.86,84.31,1,2,79309.78,109,296.1,2
12.51,51.3,129,89,236493.22,126,331.45,1
74.37,71.1,1,1,20369.13,95,366.0,2
21.5,66.26,30,157,661165.55,123,255.73,1
5.43,28.81,1,1,3812.93,108,131.25,0
70.1,79.25,1,1,14840.71,86,192.3,2
6.23,32.15,0,3,4042.98,92,256.46,0
7.22,23.94,3,2,154.03,72,250.17,0
58.55,73.68,2,1,11218.92,119,216.42,2
9.05,26.79,0,2,671.2,102,146.8,0
37.32,31.96,141,203,298352.73,109,364.78,1
24.39,41.56,105,217,368296.18,111,328.62,1
56.03,90.0,90,92,77508.12,121,219.77,1
83.8,69.41,1,1,112525.36,108,398.83,2
53.64,61.62,97,165,44655.52,100,357.05,1
76.9,87.14,1,3,85817.79,97,359.94,2
6.57,19.53,1,1,732.31,91,381.19,0
68.72,83.79,2,1,46797.58,108,277.87,2
63.36,55.95,1,4,37166.44,88,194.35,2
1.1,23.04,0,1,1186.6,83,247.04,0
7.63,18.13,1,2,761.51,96,238.45,0
0.0,26.08,0,2,1124.27,62,251.21,0
51.64,38.6,199,139,409878.24,103,152.51,1
19.89,64.49,6,15,749489.28,96,118.42,1
5.0,35.8,0,5,3953.9,53,50.0,0
78.83,74.82,1,1,239600.29,107,263.5,2
79.86,69.22,0,0,106058.53,99,371.93,2
10.15,18.94,0,2,7980.23,58,153.99,0
6.73,29.6,2,0,1590.21,66,194.41,0
2.08,36.76,0,1,2125.93,96,271.48,0
9.3,29.47,1,3,3041.82,86,342.48,0
22.66,60.46,123,168,56728.32,120,168.28,1
47.13,56.23,111,203,68947.66,121,166.56,1
76.58,88.65,4,2,171210.67,88,232.26,2
11.6,25.89,2,3,216.83,61,247.69,0
7.82,18.41,2,3,1916.64,82,189.96,0
1.65,30.1,0,0,821.48,83,384.08,0
80.08,55.0,0,1,77310.35,96,307.17,2
94.49,66.46,0,0,35598.77,85,206.27,2
40.13,49.1,101,196,651598.6,135,234.31,1
5.13,21.24,1,1,2336.54,55,316.49,0
11.15,41.12,2,1,1102.96,67,308.17,0
3.49,46.52,0,3,1424.1,73,220.0,0
81.62,86.46,0,1,157505.25,85,358.79,2
47.13,51.26,107,147,585203.24,93,229.22,1
50.92,58.58,1,1,80094.35,89,347.72,2
26.48,47.5,160,88,550907.17,138,206.97,1
34.04,55.83,2,0,116052.33,97,204.49,0
42.4,61.85,115,106,717800.76,129,333.35,1
19.48,66.04,148,136,157645.3,112,372.3,1
63.34,83.25,3,0,59040.46,91,180.06,2
42.8,56.02,108,209,115314.44,113,242.14,1
0.0,23.55,1,0,1329.07,86,302.02,0
32.07,49.45,2,4,7534.7,96,220.98,0
61.32,31.37,0,1,8285.45,58,145.32,0
35.29,81.25,123,31,23685.18,115,301.29,1
5.14,32.31,3,2,526.42,94,50.0,0
33.94,53.94,123,40,946426.03,102,278.54,1
17.96,64.54,77,173,88181.22,97,327.73,1
10.8,26.12,2,2,1456.22,61,223.75,0
1.35,55.0,0,2,551.33,86,326.84,0
21.67,46.3,145,147,1008712.3,119,297.65,1
37.76,46.51,103,207,572352.41,133,321.66,1
53.04,82.83,3,3,39691.51,115,344.71,2
35.95,44.9,132,172,347888.39,107,93.66,1
46.16,60.83,101,202,737978.46,146,310.99,1
8.46,31.96,0,3,733.1,95,260.14,0
41.03,53.73,100,276,192386.2,132,295.58,1
70.49,72.37,1,1,105754.57,123,213.36,2
51.81,78.21,0,1,86700.76,115,303.75,2
4.2,29.83,1,0,3448.55,75,343.99,0
44.95,50.0,2,2,24563.1,107,200.07,0
5.0,32.91,6,14,82458.29,70,258.37,1
5.0,33.22,7,7,59292.27,97,356.02,1
40.89,48.63,138,115,861888.94,135,124.23,1
8.2,23.72,3,0,856.48,81,178.73,0
3.98,39.52,1,1,5416.1,79,284.27,0
30.9,37.29,8,29,334805.53,108,390.69,1
72.66,65.8,1,1,10162.12,97,232.87,2
35.65,70.99,121,155,847092.08,111,307.04,1
1.49,22.31,1,0,632.65,71,229.72,0
59.83,66.19,2,1,7625.99,108,301.52,0
12.2,50.94,8,13,95779.74,112,270.27,1
4.12,41.69,2,2,103.8,64,175.06,0
35.74,61.49,2,3,84449.44,106,125.25,0
28.79,48.79,98,113,128748.94,96,218.35,1
8.25,32.18,0,1,222.51,99,253.11,0
44.06,35.34,108,182,203496.61,142,174.37,1
81.94,74.69,0,1,117544.8,99,198.23,2
4.87,35.41,0,5,7668.4,98,236.63,0
38.27,50.31,138,82,109262.93,119,195.55,1
42.17,50.46,131,201,794381.23,142,228.57,1
31.43,42.22,113,225,193716.13,70,254.14,1
68.73,84.1,0,1,26149.59,101,285.63,2
33.1,60.48,95,94,271154.67,111,236.76,1
48.09,70.41,150,229,613394.05,101,385.21,1
46.95,62.72,112,85,25361.02,93,423.26,1
0.88,29.25,0,1,1898.22,87,284.27,0
5.31,33.89,1,0,3942.14,88,217.4,0
80.41,73.53,1,0,60859.3,68,319.41,2
24.06,46.8,5,14,61329.44,88,228.12,1
90.67,79.57,0,2,42264.83,95,315.98,2
34.26,66.56,127,132,2605421.02,109,155.96,1
6.65,20.97,0,2,3625.44,110,176.79,0
2.34,22.11,0,1,867.09,65,322.29,0
83.28,55.0,0,2,38931.26,101,340.59,2
7.81,20.82,0,3,3899.54,64,223.87,0
69.06,55.0,0,0,4922.23,95,244.51,2
6.87,29.59,0,3,896.76,93,317.14,0
6.28,13.06,2,0,6439.41,99,159.22,0
46.96,44.22,140,233,103423.78,107,236.12,1
22.77,69.28,167,87,34281.91,141,203.67,1
25.9,50.77,206,157,717268.15,117,79.06,1
66.87,91.43,0,1,53092.83,68,271.41,2
20.0,51.22,1,0,124972.83,103,270.99,0
20.17,51.81,77,78,633561.59,97,325.77,1
4.16,26.47,1,3,2794.42,74,140.01,0
45.66,59.05,2,0,41739.04,93,360.65,0
37.19,35.39,177,141,1071833.04,97,140.73,1
4.98,33.59,2,8,166.05,72,415.03,0
69.58,57.79,0,1,30422.69,80,255.37,2
1.44,24.39,0,0,2495.27,108,322.72,0
46.69,67.74,176,190,1023536.32,108,89.5,1
73.2,71.41,1,2,101540.7,123,166.75,2
40.69,47.44,116,152,81233.44,142,203.67,1
21.0,48.01,83,138,802851.24,124,259.07,1
20.97,41.58,1,2,180206.52,117,202.34,0
35.36,65.6,81,161,23682.45,87,333.23,1
7.56,42.84,1,4,3344.53,94,341.83,0
3.3,31.52,2,1,326.05,77,224.04,0
28.08,54.98,113,166,442775.97,116,222.13,1
24.53,29.41,122,253,840917.2,97,223.19,1
47.54,36.81,1,1,26070.64,90,257.98,0
18.53,28.61,171,79,1455819.1,139,184.9,1
58.97,80.61,2,2,246470.97,101,244.19,2
99.91,70.18,0,1,42184.42,87,336.9,2
50.0,73.35,3,3,1750.18,92,255.65,2
79.24,82.1,2,4,347015.16,118,355.24,2
47.27,48.05,6,18,33344.1,173,226.87,1
10.53,10.0,4,2,1170.91,75,247.58,0
3.84,39.6,3,0,369.17,81,271.05,0
77.61,90.88,1,2,148710.64,101,293.84,2
20.04,57.13,3,0,151615.66,145,316.4,1
30.49,59.28,111,150,945255.79,122,331.38,1
63.31,56.01,59,133,44329.89,81,340.07,1
35.89,54.68,0,3,48760.58,80,405.75,0
72.5,78.91,1,0,104529.6,99,353.09,2
26.14,69.53,132,278,968530.53,140,385.25,1
7.21,40.44,0,1,2839.54,86,161.58,0
40.64,50.5,114,144,574602.64,146,298.41,1
39.01,63.38,56,133,108242.94,148,360.87,1
46.2,48.37,189,219,505096.59,146,238.38,1
34.91,39.08,64,82,174561.5,125,154.7,1
7.9,36.28,1,0,353.32,87,405.59,0
80.68,68.59,0,1,19753.68,60,156.05,2
1.71,34.29,2,2,765.4,82,108.24,0
5.6,22.76,0,1,11675.49,64,208.96,0
6.21,40.98,0,1,592.94,72,270.61,0
44.23,52.73,0,2,114802.44,109,283.51,0
20.0,46.06,1,1,4252.06,70,241.59,0
70.25,69.71,0,2,104523.45,113,303.86,2
7.1,32.62,0,1,1256.58,81,284.12,0
38.51,47.64,1,1,4451.49,127,259.68,0
7.21,44.15,0,1,611.53,77,286.06,0
49.46,46.39,141,152,312264.64,104,239.19,1
85.84,94.6,0,0,44244.33,113,223.74,2
27.65,55.54,126,163,412995.08,128,285.82,1
20.61,59.17,100,187,107158.66,117,320.7,1
67.48,79.39,1,3,17435.72,118,390.71,2
92.83,62.9,1,2,44489.98,84,316.6,2
11.85,33.08,1,5,190.21,78,307.17,0
23.32,52.3,62,218,175222.15,148,260.76,1
57.4,46.56,4,1,45762.21,103,144.44,0
16.49,61.75,193,77,258559.5,110,330.92,1
33.97,58.34,117,157,374487.99,127,389.16,1
41.37,62.76,1,4,48941.35,77,345.12,0
5.53,45.6,2,0,5364.33,80,221.24,0
13.28,61.91,5,12,274369.16,111,248.54,1
7.5,35.78,1,3,443.98,59,195.9,0
32.28,58.81,7,33,25469.1,84,385.22,1
8.96,33.84,1,3,5319.54,67,241.39,0
71.83,77.34,2,0,181397.59,89,224.3,2
0.0,27.07,1,0,3296.73,92,293.55,0
3.49,29.04,0,0,939.66,86,142.74,0
43.57,27.31,97,234,90871.36,101,231.48,1
19.37,56.4,135,55,221367.77,141,292.45,1
6.25,30.6,0,6,3.07,75,283.58,0
7.57,21.97,0,3,1534.66,105,147.35,0
17.5,57.47,107,237,20201.39,105,186.76,1
5.04,30.64,0,1,3221.25,75,197.92,0
0.0,41.53,1,1,1216.93,81,277.66,0
28.05,64.35,42,176,458195.62,103,139.75,1
27.56,51.09,0,4,60565.48,78,255.23,0
7.69,41.89,0,4,809.04,94,315.18,0
5.05,34.68,0,3,7331.02,69,268.1,0
76.57,55.0,0,0,51554.41,87,355.45,2
8.46,25.72,0,2,309.52,92,310.81,0
33.69,59.51,4,24,38493.03,110,198.35,1
29.22,57.96,179,111,713608.63,124,327.44,1
77.04,80.65,1,1,3067.52,71,340.88,2
22.59,45.8,4,20,136007.62,141,275.3,1
15.84,68.36,104,142,832507.44,155,199.85,1
6.63,29.16,0,1,1194.06,70,367.16,0
25.57,50.29,74,171,267693.73,89,188.45,1
5.37,29.52,3,2,1736.99,71,397.35,0
9.77,44.0,1,3,1080.74,80,220.53,0
33.15,48.88,129,78,70747.11,132,242.01,1
17.07,33.62,1,2,26.74,88,281.45,0
0.0,28.4,0,2,132.59,99,281.66,0
7.8,21.55,1,2,2191.27,46,256.75,0
10.32,29.3,0,2,919.13,69,199.81,0
11.41,27.6,1,1,1491.31,75,192.75,0
6.48,18.03,0,2,1987.95,90,243.23,0
51.88,78.58,1,2,25457.0,116,363.73,2
28.39,44.51,126,122,806172.83,121,64.9,1
23.25,48.6,127,156,488282.94,99,343.65,1
41.43,65.09,84,79,372670.06,119,203.55,1
21.9,50.2,4,16,805768.01,113,128.39,1
36.71,68.29,190,85,285367.74,119,218.58,1
87.04,73.13,1,1,113899.48,120,194.66,2
7.68,29.57,1,2,4144.27,102,182.81,0
25.45,44.68,134,219,1097745.38,126,233.65,1
83.31,82.08,0,0,166875.69,100,232.1,2
5.06,36.0,1,1,1151.84,97,180.09,0
56.45,74.17,120,161,299583.07,130,154.89,1
47.64,47.47,1,1,9049.71,122,248.69,0
5.63,39.41,2,4,1144.24,59,327.98,0
11.85,56.7,117,20,918101.43,87,335.44,1
5.31,31.36,2,4,5999.22,83,428.98,0
2.0,37.48,0,1,73.14,79,287.24,0
5.7,31.17,3,1,478.22,85,164.49,0
8.9,30.53,2,0,581.12,77,204.3,0
23.24,53.69,102,20,85945.03,155,184.31,1
29.95,52.54,91,108,36459.28,143,176.89,1
14.22,47.69,149,154,40552.83,70,247.42,1
67.09,52.66,115,123,274601.93,137,267.92,1
24.86,51.41,9,39,166447.59,88,306.76,1
35.69,41.88,86,264,224872.27,170,234.84,1
7.0,22.85,1,0,2681.49,90,264.05,0
5.76,34.31,1,2,1292.78,85,303.31,0
8.06,32.03,2,2,4067.29,83,164.36,0
50.8,43.41,146,166,566700.9,99,344.68,1
37.27,64.92,5,12,352499.53,116,150.3,1
6.63,28.22,1,4,6351.72,91,331.85,0
30.81,69.7,4,7,82447.37,119,187.31,1
2.55,37.84,1,0,2301.14,87,247.51,0
20.33,43.26,155,98,208461.08,99,243.78,1
71.19,55.0,1,1,244641.76,94,252.65,2
43.08,70.1,181,191,303054.12,137,274.18,1
62.39,71.67,2,0,20902.83,93,195.38,2
69.37,81.33,1,0,68078.56,113,75.23,2
36.19,61.26,115,203,770307.8,119,436.69,1
42.91,69.72,178,211,679628.3,125,248.67,1
0.0,27.0,1,1,1555.51,75,271.81,0
37.13,35.81,133,207,48069.9,133,273.32,1
7.44,26.73,1,2,1528.75,107,308.03,0
100.0,79.72,2,2,42709.12,118,395.42,2
10.83,24.91,0,1,190.31,75,182.74,0
17.77,35.7,96,20,68959.66,97,214.5,1
43.37,31.45,0,2,58723.46,75,230.91,0
85.66,87.06,1,1,46111.29,103,238.37,2
4.12,40.81,1,1,8211.0,95,216.2,0
3.38,19.67,4,3,1949.14,60,241.74,0
4.75,31.88,1,1,112.95,89,295.84,0
15.54,52.36,4,33,101451.49,151,219.88,1
28.65,55.5,0,0,2007.95,82,226.75,0
6.35,32.3,0,4,29.72,82,114.57,0
6.04,30.19,1,2,64.01,95,356.21,0
85.1,92.25,1,2,124915.81,91,299.04,2
7.76,29.16,1,3,4766.79,61,166.58,0
82.39,86.84,0,1,191829.25,89,169.26,2
2.96,37.07,0,2,2218.23,82,346.28,0
37.71,47.87,124,160,868299.52,103,434.86,1
0.21,34.46,1,3,540.73,61,216.67,0
62.41,75.7,2,0,175379.91,138,257.35,2
0.06,33.78,0,2,2686.07,73,322.2,0
26.58,57.02,99,239,291840.55,152,103.85,1
5.05,30.12,3,3,4350.11,81,324.47,0
86.44,72.27,1,0,111.23,79,219.23,2
62.69,65.51,1,2,32741.02,106,224.65,2
46.97,48.68,2,2,163568.75,98,315.2,0
8.26,24.52,1,0,1269.67,76,248.21,0
10.0,56.44,161,194,170878.83,111,327.94,1
30.34,36.15,120,129,21731.83,113,100.43,1
10.1,40.64,1,2,5.92,68,285.89,0
2.5,32.94,3,1,1967.12,90,306.08,0
25.33,49.71,123,255,60479.51,79,231.69,1
90.41,71.26,0,0,72560.1,118,230.92,2
41.09,45.69,125,235,231236.24,128,282.78,1
43.61,82.76,89,108,39400.48,114,225.22,1
6.36,29.49,0,2,434.3,93,341.25,0
69.13,79.55,2,2,2958.38,94,334.55,2
33.04,56.45,93,133,190253.67,82,264.52,1
75.82,72.55,0,3,27013.67,110,212.0,2
18.72,31.72,0,1,2173.72,72,364.68,0
18.82,70.52,143,101,303641.05,99,332.85,1
26.45,48.09,155,218,1432011.45,104,366.22,1
5.57,35.56,0,1,2568.8,106,282.45,0
6.09,29.52,0,3,1927.41,60,261.33,0
87.2,77.95,1,2,212632.8,107,252.56,2
45.11,53.14,55,171,89768.89,125,247.01,1
96.42,89.6,3,1,7012.59,102,282.18,2
89.07,74.76,1,1,24507.31,154,154.92,2
33.86,57.63,6,25,1047944.55,100,276.92,1
0.79,20.02,0,3,44.7,77,177.98,0
11.31,65.29,111,97,1638379.67,106,192.92,1
100.0,74.48,2,0,107768.56,114,253.79,2
10.73,53.03,198,143,2426760.65,81,259.05,1
10.53,25.06,2,1,3072.21,91,287.87,0
2.67,13.01,1,2,8702.83,85,261.34,0
67.02,87.05,2,3,11405.67,82,333.04,2
35.37,47.97,1,0,25929.42,111,405.47,0
25.41,68.92,0,1,49384.81,110,164.14,0
10.09,43.76,155,93,174625.1,108,219.09,1
50.11,51.36,141,209,93556.87,105,329.09,1
20.6,38.39,121,171,888230.68,124,196.87,1
11.43,17.27,2,1,4221.27,83,244.32,0
0.23,19.06,1,0,1829.83,73,132.55,0
70.07,85.06,0,4,19547.18,118,242.52,2
67.23,58.39,1,3,16437.28,81,307.85,0
68.08,64.18,0,1,11982.04,90,380.71,2
2.89,18.16,1,2,1073.64,92,267.6,0
10.0,55.01,192,216,195844.54,90,245.68,1
11.57,41.58,2,3,1931.3,97,327.37,0
7.31,31.42,0,2,21.84,67,246.07,0
40.95,39.24,161,172,374672.01,133,261.48,1
48.94,45.5,69,133,29576.18,128,151.19,1
30.63,44.7,6,11,158673.71,117,206.19,1
32.12,59.39,92,128,803358.86,100,116.16,1
51.37,77.17,126,155,68790.94,113,258.06,1
7.26,24.78,1,0,393.0,78,292.1,0
87.27,67.81,1,2,25215.82,99,283.72,2
5.0,64.64,7,19,88336.68,123,347.17,1
40.77,53.3,146,200,1589842.54,154,263.74,1
29.86,45.95,1,2,12747.21,78,168.24,0
24.66,59.72,164,93,86637.44,157,213.95,1
38.59,52.1,147,169,26653.76,120,331.19,1
7.43,42.55,1,3,364.26,100,208.44,0
18.82,51.42,5,3,344882.9,91,256.32,1
60.68,53.15,174,167,371323.07,108,182.12,1
0.0,35.73,0,2,1469.3,70,263.68,0
0.0,29.9,1,1,1776.25,77,214.35,0
63.1,63.42,1,1,69427.97,97,211.56,2
71.23,71.69,1,2,16637.67,90,221.25,2
15.1,61.14,69,169,1022451.45,111,267.96,1
82.97,77.69,1,1,13687.77,74,306.4,2
1.35,29.45,0,3,3737.63,80,331.23,0
74.7,81.3,2,2,29986.71,87,189.92,2
41.95,68.96,111,134,716728.65,115,379.97,1
70.48,64.29,3,1,83434.95,85,203.62,2
22.1,62.3,3,14,20990.82,102,213.78,1
5.07,32.64,0,2,2298.12,91,226.3,0
70.56,55.0,0,0,139872.42,103,305.43,2
84.98,67.73,0,0,149041.28,74,159.71,2
10.0,45.36,52,108,857300.02,91,230.11,1
13.09,43.66,135,68,350426.88,128,215.59,1
4.97,34.43,3,2,2041.65,52,366.99,0
11.45,22.42,1,0,267.11,85,251.33,0
5.52,37.23,2,4,2395.48,106,334.35,0
54.25,59.13,123,145,107130.32,135,351.34,1
53.75,46.88,67,107,335352.22,97,235.44,1
31.74,64.68,110,138,147085.68,132,321.36,1
30.86,57.52,88,165,1338833.49,147,342.39,1
5.5,29.48,1,2,4373.65,110,381.02,0
6.77,18.72,0,0,2574.54,101,251.29,0
74.29,83.85,2,1,163943.54,122,248.39,2
84.42,64.1,2,2,42962.8,83,105.28,2
3.44,23.23,0,2,233.15,72,397.01,0
8.32,24.45,2,2,389.49,93,185.89,0
9.46,24.07,0,3,2283.91,66,202.05,0
17.43,56.36,157,123,840602.92,118,231.36,1
3.6,33.06,1,2,568.74,70,201.16,0
38.92,69.29,127,168,82998.25,108,208.1,1
40.17,64.88,0,1,178313.88,93,92.57,0
22.77,53.58,137,144,665918.13,92,367.39,1
2.67,37.8,1,1,2214.33,84,259.94,0
18.84,61.29,132,156,212140.27,108,326.44,1
41.66,59.84,125,163,291380.79,126,429.0,1
90.48,69.17,1,0,6088.7,101,113.3,2
31.73,47.84,141,121,110142.84,140,289.21,1
35.76,52.38,5,3,206319.87,82,312.54,1
8.85,27.49,0,0,3750.72,83,295.59,0
7.24,39.0,1,1,146.48,103,377.97,0
5.23,35.33,3,2,561.71,86,185.5,0
11.95,55.96,107,225,51762.74,92,220.11,1
30.74,59.58,89,128,75926.21,117,302.38,1
50.49,49.62,96,136,265655.91,82,309.2,1
47.77,30.0,1,0,35568.71,50,408.84,0
75.03,68.78,0,3,136422.19,86,262.28,2
51.19,59.74,110,69,34808.24,127,263.24,1
85.47,76.57,1,1,1782.42,101,147.17,2
30.98,48.83,6,18,446732.02,135,287.64,1
8.24,43.61,3,19,611109.97,96,230.52,1
36.54,44.74,50,218,239963.37,74,196.53,1
7.09,28.74,2,2,313.02,82,192.61,0
27.83,68.82,121,184,349197.77,143,447.52,1
0.0,23.41,2,1,211.03,94,165.05,0
0.0,26.65,1,1,119.56,51,225.58,0
6.8,23.88,1,3,205.61,80,270.19,0
64.83,71.57,0,1,25820.1,132,257.57,2
85.4,78.46,1,0,193430.47,90,190.38,2
7.62,42.1,7,12,17571.26,102,279.94,1
44.76,67.56,91,131,77548.23,80,272.64,1
50.28,46.42,111,187,71279.59,112,243.24,1
33.8,51.73,98,120,662193.75,113,145.8,1
9.81,39.91,7,16,286328.28,104,312.42,1
30.05,38.07,3,25,670276.4,88,204.51,1
11.0,19.35,2,1,5125.01,80,207.18,0
47.54,60.61,154,95,877546.02,116,249.24,1
6.13,31.08,0,1,121.46,88,291.1,0
26.85,51.54,2,0,36337.51,110,354.62,0
40.81,55.95,138,129,368086.85,125,153.82,1
23.75,51.14,109,29,190067.7,126,377.74,1
42.2,37.57,58,165,1077344.48,105,245.39,1
32.27,54.36,8,16,315589.67,122,235.25,1
36.77,52.84,151,125,500530.08,135,261.37,1
10.94,70.87,114,234,81521.86,106,204.07,1
21.23,58.38,2,3,79170.19,87,184.25,0
9.88,29.2,1,3,5026.46,64,196.6,0
60.34,42.54,77,144,710922.05,141,327.41,1
40.49,36.8,2,5,30140.87,94,215.06,0
20.58,69.72,84,101,646292.47,104,77.27,1
9.35,27.32,2,3,1970.39,82,194.89,0
32.11,46.42,103,168,27989.41,108,306.76,1
49.45,33.97,99,66,14785.69,113,206.71,1
14.48,33.1,1,1,172.77,90,148.81,0
15.2,51.55,3,25,429593.82,105,244.77,1
6.71,15.92,1,0,2104.64,61,186.19,0
47.83,48.3,146,81,123544.84,108,278.53,1
40.97,61.81,163,21,62557.87,89,196.93,1
52.47,64.58,206,118,1215514.73,154,217.37,1
26.83,49.68,2,9,67750.34,156,177.11,1
21.34,48.81,105,192,940535.96,78,328.7,1
1.7,27.67,1,1,6143.43,73,252.89,0
16.21,66.46,99,209,338159.73,164,204.12,1
10.0,52.35,101,45,414253.72,135,241.32,1
88.57,74.95,1,1,85844.45,103,127.11,2
18.59,58.12,166,224,8182.21,106,320.85,1
55.09,74.18,1,2,74779.72,94,276.25,2
24.11,58.26,124,119,855522.66,145,199.36,1
54.01,62.98,98,132,15503.24,133,188.04,1
62.62,49.99,89,204,82257.35,93,219.52,1
53.06,57.68,54,147,843516.58,115,218.43,1
2.81,33.41,1,3,407.54,91,232.37,0
5.97,20.66,0,1,1971.57,73,232.51,0
6.03,36.09,2,1,3620.92,65,169.97,0
51.92,52.82,126,230,340242.38,89,161.07,1
42.66,43.82,52,133,220726.35,94,189.25,1
27.19,45.54,71,98,287482.16,143,295.04,1
37.65,51.13,6,21,523862.45,127,162.21,1
60.95,66.23,1,0,90149.63,85,363.8,2
52.25,55.0,0,2,432430.22,91,356.73,2
17.24,25.87,0,2,3818.09,63,390.73,0
48.51,52.12,118,173,7455.42,141,319.42,1
12.92,38.49,0,5,92.13,84,255.05,0
58.69,63.71,2,0,4314.56,96,190.38,2
1.31,30.41,2,1,1369.59,64,321.64,0
31.55,46.27,7,23,234162.11,133,233.78,1
24.99,58.0,4,1,121919.83,117,292.08,0
51.6,41.62,145,209,230795.23,115,212.57,1
22.59,51.52,137,170,151156.94,130,116.08,1
20.64,42.3,96,186,18581.9,164,311.2,1
17.84,66.08,5,38,557398.8,109,426.13,1
0.0,39.02,0,1,5546.49,86,334.62,0
94.56,58.3,1,2,64300.72,94,221.75,2
6.41,40.37,5,0,4372.96,72,360.6,0
21.64,42.26,135,135,467629.45,112,333.03,1
10.0,52.95,97,176,5000.0,126,234.45,1
33.81,53.49,7,9,113582.99,135,160.65,1
23.32,55.34,119,151,233265.43,134,232.89,1
22.09,55.96,92,168,1064568.3,131,220.52,1
80.99,89.84,1,1,132369.31,101,195.32,2
22.61,63.67,108,184,137400.38,141,278.99,1
36.0,46.16,163,188,18421.36,105,227.26,1
9.85,17.23,2,2,181.65,65,193.42,0
43.13,71.97,143,162,1619072.59,107,274.06,1
4.19,27.5,1,0,340.95,111,219.61,0
71.74,89.78,2,3,47882.09,99,216.38,2
8.08,37.86,2,5,148.73,94,275.58,0
0.0,44.6,1,0,2757.64,83,285.79,0
73.11,70.37,1,2,68279.28,90,104.28,2
61.24,55.0,1,2,31561.86,102,285.33,2
5.93,29.58,0,2,1001.0,81,438.93,0
59.75,55.0,2,0,119055.47,88,372.3,2
41.69,29.83,171,170,758787.97,119,363.09,1
92.4,70.55,2,0,3257.12,123,308.88,2
11.51,62.82,145,164,442046.97,115,217.17,1
45.12,44.17,1,2,133075.1,90,259.71,0
44.08,58.91,37,112,620543.62,141,208.95,1
10.43,63.2,7,12,268877.71,83,362.61,1
74.75,72.56,0,1,154.54,96,221.78,2
6.15,33.15,1,2,8044.16,80,228.07,0
1.92,23.07,0,1,918.34,71,232.07,0
37.07,57.78,128,227,530613.98,120,121.9,1
28.58,45.04,3,16,808595.52,99,221.52,1
20.08,53.62,5,37,235807.69,104,399.61,1
88.6,80.37,2,0,95838.09,108,287.75,2
3.29,13.77,1,5,1304.21,67,126.06,0
2.59,29.68,3,1,7293.36,98,102.34,0
11.91,24.11,0,4,811.55,58,299.4,0
33.64,50.75,150,107,1299641.13,126,329.93,1
9.11,32.78,3,2,463.11,79,218.11,0
32.09,54.11,121,209,176116.0,84,269.27,1
23.72,59.45,102,230,383766.78,131,185.47,1
9.64,33.68,2,1,3157.59,84,249.49,0
32.94,62.35,10,21,159444.36,137,205.11,1
5.39,31.57,0,1,1363.49,44,233.35,0
5.34,22.53,2,3,658.13,97,105.38,0
1.96,21.32,0,0,57.66,91,172.33,0
17.88,50.19,4,7,512000.08,115,212.87,1
23.99,62.43,127,177,9395.62,137,59.61,1
48.53,60.81,207,144,681469.72,126,220.72,1
7.23,45.58,5,6,25122.03,82,332.13,1
35.08,55.7,117,170,690321.57,105,227.25,1
47.73,62.04,89,150,1006499.64,139,215.6,1
49.65,36.82,1,5,230432.28,106,362.61,0
10.0,60.33,137,66,532737.24,123,263.76,1
41.18,37.78,148,131,349711.79,92,273.58,1
2.85,41.84,1,3,1520.44,82,287.5,0
31.28,29.53,3,0,227047.16,127,303.25,1
10.64,26.39,0,1,8446.1,72,220.26,0
67.14,59.77,1,1,79813.62,82,243.12,0
28.07,53.96,184,196,604050.13,106,206.25,1
74.85,78.92,0,0,130571.81,106,295.85,2
46.18,62.62,67,180,228091.18,109,122.93,1
7.93,29.4,2,5,6977.51,101,319.0,0
18.27,56.49,2,14,828638.67,126,296.06,1
87.88,82.85,1,0,101460.18,102,322.67,2
33.46,55.0,59,233,600945.73,86,310.1,1
7.41,18.56,0,2,2704.14,62,286.04,0
31.11,58.12,199,78,1535508.48,189,281.68,1
88.0,67.11,0,2,75766.96,101,410.94,2
74.16,79.73,1,2,31205.41,115,163.36,2
10.74,43.94,0,1,809.08,88,217.48,0
6.08,37.35,2,0,5031.83,94,375.28,0
80.85,57.61,0,0,24885.66,107,276.35,2
30.58,38.11,0,2,48231.22,96,354.52,0
84.39,89.69,0,1,141014.33,82,220.08,2
32.84,49.44,116,197,204719.04,140,176.0,1
8.5,23.84,0,4,1644.99,88,135.99,0
9.1,23.06,1,1,210.91,97,183.5,0
23.29,57.92,100,171,259656.59,125,114.91,1
35.6,64.69,151,179,68455.47,110,323.0,1
20.09,45.03,145,129,65669.33,112,260.0,1
14.71,32.19,133,163,198508.28,135,200.66,1
4.8,43.68,2,2,6492.34,103,343.9,0
47.19,64.38,137,230,755745.22,139,237.95,1
68.25,71.51,2,2,50139.27,79,186.33,2
3.95,22.44,1,1,1971.49,84,226.72,0
5.11,32.82,1,4,518.56,78,363.32,0
35.49,55.4,62,98,359659.33,116,262.49,1
5.07,34.55,1,0,5285.09,65,278.58,0
0.0,20.46,1,4,148.68,62,254.3,0
31.18,60.85,2,11,9716.9,117,204.67,1
7.24,22.71,0,1,93.83,64,354.87,0
0.0,25.59,1,1,79.08,69,255.86,0
0.0,17.05,3,2,7099.75,59,271.56,0
33.84,74.13,98,121,68662.84,134,305.33,1
0.0,31.31,1,2,727.81,100,175.42,0
78.13,67.64,0,0,148702.5,107,227.78,2
74.37,71.0,1,1,254612.42,118,306.53,2
62.06,55.08,126,227,135867.38,140,228.77,1
80.12,88.66,2,1,167769.28,98,112.91,2
46.58,50.93,2,1,319044.82,73,247.59,0
24.48,52.88,136,141,900104.91,137,134.62,1
61.31,52.11,83,141,257018.9,111,240.18,1
15.47,38.7,187,96,403925.92,143,214.72,1
78.51,85.18,0,1,1810.1,112,215.35,2
88.69,95.42,1,1,97767.65,79,296.73,2
30.96,60.46,151,240,2567533.84,115,349.36,1
48.44,42.22,57,50,11829.3,122,294.33,1
3.42,25.98,1,2,4429.05,94,164.96,0
45.14,53.36,178,93,774965.62,163,210.38,1
0.0,33.04,3,0,218.02,77,163.86,0
38.61,65.2,0,2,34877.36,116,191.18,0
6.25,47.73,6,25,70097.66,86,236.77,1
18.13,35.2,0,2,125.83,86,288.12,0
80.4,61.46,1,0,13599.87,117,351.99,2
6.92,31.98,0,2,2328.5,96,292.62,0
48.56,58.79,98,46,254109.98,125,242.46,1
30.32,52.43,5,19,356331.02,117,210.07,1
89.07,61.82,0,0,12920.52,110,158.18,2
63.37,63.56,3,1,3468.81,112,256.84,2
91.29,85.02,1,0,37816.59,88,221.25,2
65.77,54.22,52,84,199950.62,105,198.94,1
27.33,57.23,84,215,215026.45,99,269.57,1
4.96,32.96,1,1,3195.41,60,207.55,0
66.04,59.64,2,1,257692.48,126,137.94,2
5.11,12.38,4,1,108.86,96,254.77,0
60.27,78.98,2,0,156848.72,91,137.84,2
46.37,65.8,127,129,567487.34,124,189.98,1
10.03,42.37,3,0,1734.53,67,172.92,0
32.79,39.29,59,90,5000.0,140,259.57,1
6.95,27.88,5,6,4487.58,104,252.42,0
10.0,63.93,142,157,5000.0,76,347.24,1
8.52,34.89,2,7,794.31,62,308.4,0
1.35,18.28,0,0,165.6,90,179.94,0
5.0,42.22,8,15,218903.27,137,143.0,1
29.71,52.26,108,188,150074.65,122,278.99,1
23.57,62.71,158,79,190519.02,116,370.4,1
35.41,61.09,158,119,726343.06,151,144.75,1
79.49,82.84,2,2,28749.0,118,276.15,2
23.8,53.29,144,59,147748.82,125,147.84,1
54.8,98.0,1,3,10630.77,101,325.68,2
20.61,74.73,112,115,506212.11,119,227.62,1
25.33,62.72,6,20,225320.34,110,138.94,1
75.81,58.98,2,0,107444.71,118,299.32,2
41.47,56.4,62,152,168442.46,111,227.01,1
72.69,58.74,103,182,46553.15,147,271.15,1
30.5,45.43,64,190,418120.97,123,205.15,1
15.24,58.89,164,180,482514.05,141,327.9,1
25.67,54.72,7,8,88974.53,123,113.04,1
7.33,31.97,0,2,1353.58,60,365.75,0
4.17,38.69,4,3,1526.47,76,91.52,0
13.21,31.43,0,2,40.02,94,404.24,0
36.71,56.36,0,2,25763.92,97,266.76,0
5.0,76.06,7,45,336311.14,95,187.83,1
45.22,74.58,79,131,1615267.51,95,387.06,1
43.28,57.18,158,163,590812.61,107,233.05,1
21.37,60.03,139,170,326012.54,149,323.37,1
7.59,36.21,6,24,95600.17,143,126.52,1
29.45,44.22,107,45,254514.6,100,470.48,1
89.17,59.8,1,0,264852.04,117,219.13,2
90.2,84.81,2,1,37100.58,114,377.22,2
37.85,55.83,64,107,377722.12,102,148.92,1
8.0,14.47,0,1,743.01,71,265.12,0
8.74,37.8,3,1,1599.92,87,443.72,0
10.03,28.7,1,3,4397.45,86,326.97,0
37.5,61.58,99,150,207881.45,97,350.24,1
54.53,36.78,104,248,1073612.23,132,291.98,1
85.59,64.9,0,1,211299.13,99,351.6,2
75.46,72.32,1,1,324973.28,96,321.57,2
6.55,28.63,2,3,4648.48,59,225.41,0
39.66,53.68,63,105,87728.88,121,102.87,1
95.47,88.9,0,0,1866.16,95,279.07,2
37.94,57.08,129,119,232982.69,70,336.09,1
7.51,32.94,1,0,127.04,68,382.24,0
93.81,77.17,2,1,24743.71,96,248.13,2
85.26,80.84,2,0,311931.88,102,331.08,2
42.3,40.87,154,202,359607.43,101,270.99,1
23.94,64.25,108,145,77977.94,120,257.05,1
7.43,44.09,0,4,4305.22,91,134.29,0
32.61,62.73,130,95,945524.49,107,267.52,1
50.19,50.7,1,2,329168.46,95,311.35,0
48.65,56.04,1,1,126272.39,95,211.75,0
22.81,42.94,3,0,59921.05,120,364.79,1
27.28,71.44,132,65,348592.49,161,303.39,1
7.58,20.37,1,1,1415.03,79,360.62,0
35.84,44.95,159,206,45135.0,169,263.24,1
48.28,52.44,72,161,143129.1,101,268.85,1
5.12,18.69,0,1,1423.12,88,275.74,0
52.8,73.99,156,240,109152.67,146,270.55,1
3.0,28.9,1,3,653.47,66,174.8,0
6.04,31.83,1,3,958.57,76,239.54,0
3.27,21.97,0,5,1124.46,84,225.72,0
10.87,43.74,0,0,1402.34,75,331.66,0
35.12,43.54,163,130,11618.56,104,117.49,1
81.19,69.44,4,1,119499.83,116,347.9,2
24.04,58.56,65,150,1428343.75,152,188.92,1
1.44,28.29,1,2,1489.49,70,305.41,0
37.19,37.3,6,12,164006.79,121,365.69,1
36.28,80.34,5,31,42450.43,119,227.29,1
3.29,25.79,0,2,5836.29,79,323.04,0
18.46,50.62,111,126,107786.22,156,226.09,1
9.89,42.66,4,10,257881.16,145,204.85,1
6.12,33.35,1,1,3517.05,97,352.73,0
5.84,36.49,0,1,3552.59,65,305.59,0
41.94,43.39,2,0,26128.71,77,341.31,0
100.0,59.92,1,1,130096.86,97,100.78,2
85.11,74.45,2,0,11647.62,115,197.37,2
11.31,31.47,0,3,847.08,75,303.54,0
40.66,49.3,107,137,505679.04,123,471.9,1
80.7,80.76,1,2,41802.59,112,233.44,2
1.39,30.13,1,2,407.44,66,277.66,0
93.48,72.45,1,2,401228.1,95,291.49,2
3.66,27.89,0,1,1832.31,126,357.37,0
31.09,51.64,154,105,1108075.31,99,222.4,1
10.0,55.89,161,187,1110117.24,102,276.11,1
47.47,67.01,97,148,336278.87,113,302.58,1
29.93,53.96,7,18,167227.35,101,238.3,1
1.71,29.9,1,1,703.35,60,332.08,0
53.18,48.62,3,2,85196.07,106,237.48,0
45.06,48.39,118,140,868830.54,144,155.98,1
82.46,65.7,1,0,209127.08,109,340.43,2
10.0,52.89,87,177,1146053.14,154,164.82,1
23.02,68.93,73,232,359312.64,118,233.79,1
15.83,28.91,2,0,526.08,65,170.33,0
15.21,59.47,90,116,275494.55,136,276.3,1
10.02,25.0,114,52,63498.86,156,188.58,1
3.69,50.23,0,1,1071.31,86,375.1,0
36.27,44.03,111,79,2039944.21,88,377.94,1
6.99,24.13,1,2,8482.5,79,243.88,0
4.04,26.53,0,4,398.67,72,214.78,0
52.16,48.81,213,106,38494.18,103,215.86,1
73.46,74.56,0,1,64699.57,90,165.2,2
39.15,57.25,113,125,184311.15,103,252.34,1
57.12,68.96,0,2,62625.86,116,298.57,2
6.3,25.75,2,3,872.31,77,211.78,0
22.67,31.65,116,132,253704.57,118,209.76,1
77.81,65.15,1,1,68233.69,74,221.04,2
77.08,75.81,4,1,158633.39,89,295.45,2
5.99,28.12,0,1,352.23,94,286.74,0
19.14,60.28,136,176,546315.52,117,279.12,1
5.0,48.86,12,18,218251.1,163,210.9,1
9.9,31.93,2,4,38.76,80,237.37,0
32.0,49.37,158,186,170094.71,135,358.09,1
43.09,40.54,110,227,593696.15,134,173.75,1
44.55,29.77,156,90,445586.05,129,224.87,1
27.44,67.55,7,8,40968.86,70,181.63,1
44.08,35.9,30,135,89454.44,109,159.55,1
4.88,39.27,1,4,1792.41,50,325.49,0
20.58,72.49,76,173,138680.65,149,50.0,1
4.67,32.97,0,0,3434.41,102,190.33,0
40.79,60.64,93,128,356366.84,111,260.85,1
93.11,97.74,1,2,128712.64,101,296.55,2
10.08,37.63,0,4,6296.88,64,204.77,0
49.71,50.46,11,13,575877.24,89,179.52,1
20.0,60.07,0,5,12288.19,98,332.37,0
4.88,24.52,0,1,3622.72,87,145.03,0
10.0,62.5,98,147,423790.91,129,160.66,1
5.54,43.5,1,3,827.27,91,184.86,0
67.05,71.48,2,1,137045.77,68,357.12,2
28.44,47.29,76,116,214122.24,109,410.27,1
0.0,32.62,0,6,2689.35,117,299.78,0
10.0,75.17,131,101,67108.81,110,249.9,1
9.13,41.84,1,2,3989.03,57,292.85,0
5.57,25.15,7,34,46938.69,132,187.85,1
48.63,47.08,2,4,13460.02,101,223.04,0
2.44,23.37,0,3,4929.99,67,279.44,0
10.0,52.52,161,148,162377.99,103,363.37,1
22.88,53.52,5,15,279718.82,122,308.86,1
6.4,26.19,0,6,874.19,88,189.35,0
5.4,29.66,1,3,4607.84,97,166.2,0
10.77,27.64,1,2,813.29,87,298.88,0
86.83,98.0,0,1,74354.2,99,279.73,2
4.39,33.19,0,4,2579.38,65,220.7,0
71.85,81.41,0,2,27493.89,102,250.6,2
6.74,37.96,1,1,159.34,75,211.88,0
10.79,21.71,1,3,306.88,77,244.55,0
33.87,63.03,132,228,345453.71,122,289.31,1
94.59,69.04,1,2,9048.02,117,235.46,2
50.0,85.76,0,2,406059.64,115,289.68,2
82.98,77.01,0,1,129632.74,96,87.93,2
28.26,71.13,58,110,636640.9,137,442.08,1
7.58,39.3,0,2,452.65,84,157.74,0
72.35,79.57,0,3,51114.76,109,216.77,2
42.18,71.06,83,158,188905.41,93,249.37,1
88.42,65.68,0,0,6389.99,100,251.32,2
4.86,31.29,5,3,696.72,68,327.33,0
41.58,60.85,137,135,1010233.39,108,391.95,1
28.64,27.02,102,198,1159214.69,98,301.18,1
25.42,38.09,5,0,64202.93,137,239.74,1
55.38,43.33,158,170,51906.26,105,134.0,1
16.04,60.43,94,127,928400.96,125,259.97,1
41.76,65.07,120,210,50400.6,125,317.05,1
42.97,43.03,103,128,1171637.18,126,411.66,1
78.21,67.27,3,3,259518.4,96,312.64,2
5.95,36.13,0,4,179.11,66,233.03,0
40.14,64.13,131,63,446422.22,119,191.12,1
18.75,56.69,116,137,395991.49,116,160.05,1
44.97,55.19,95,175,616237.6,112,204.29,1
0.0,17.87,2,2,3740.07,59,292.7,0
2.26,32.52,1,4,1300.62,50,248.49,0
12.74,62.66,73,165,2473331.85,108,175.18,1
6.97,31.68,2,4,444.44,75,298.19,0
3.19,43.65,2,3,1593.74,81,235.88,0
38.44,49.18,1,2,49222.65,56,334.47,0
30.04,52.09,104,204,18188.05,104,356.47,1
20.7,26.85,4,28,12808.4,145,376.05,1
38.18,50.77,60,150,86790.46,169,185.07,1
62.07,66.24,114,175,200050.62,154,229.28,1
10.08,31.09,2,2,2044.25,86,208.51,0
6.76,24.65,1,2,1794.51,55,243.07,0
43.69,35.36,1,2,82772.28,95,325.91,0
36.92,45.53,111,98,751317.95,110,281.0,1
6.12,15.31,0,1,1204.52,86,429.23,0
28.26,72.23,80,170,349481.64,139,435.07,1
86.73,85.0,0,2,90256.27,113,239.9,2
26.75,60.35,132,201,331602.12,117,401.58,1
41.85,53.47,60,110,5331.5,113,382.69,1
77.66,57.62,0,2,48156.39,92,336.32,2
25.6,51.11,132,78,809195.43,156,219.59,1
80.45,65.35,1,1,71928.0,95,179.31,2
34.76,65.46,164,232,357923.19,111,180.53,1
2.47,29.16,2,5,960.49,51,342.78,0
36.41,59.08,72,91,302617.95,132,231.35,1
35.33,60.28,4,17,348737.33,140,287.94,1
1.32,33.06,1,5,403.7,91,282.54,0
17.68,55.97,76,177,34379.67,135,134.45,1
19.45,43.89,76,141,1569861.97,102,232.39,1
56.3,96.0,2,3,43826.1,102,199.29,2
6.04,24.41,2,1,246.11,83,343.67,0
35.7,59.4,107,91,99804.92,132,140.44,1
10.59,33.76,3,5,5124.77,84,120.58,0
12.9,41.29,1,0,1189.32,72,262.56,0
33.11,72.8,98,136,463635.8,143,386.9,1
20.94,74.86,110,190,454150.3,128,138.23,1
33.57,32.03,4,21,135901.23,74,377.95,1
11.92,48.81,8,30,367035.76,154,105.81,1
32.37,54.75,6,14,77982.57,100,352.03,1
80.55,55.18,1,0,45905.34,84,89.78,2
6.05,29.77,2,1,681.92,51,182.82,0
8.05,29.47,1,3,1194.82,72,346.03,0
5.78,37.41,0,3,851.96,85,286.46,0
31.29,45.7,7,18,380220.15,124,339.84,1
8.96,24.81,1,0,4.48,107,246.91,0
3.85,22.19,0,2,6786.43,71,202.62,0
32.8,46.78,78,144,421295.02,129,217.93,1
32.33,62.53,5,26,464763.65,107,240.76,1
59.29,33.56,3,3,76486.78,108,311.19,0
4.15,18.24,0,4,1116.26,85,214.82,0
3.67,41.69,0,1,1766.09,82,110.6,0
56.16,56.32,95,93,733167.93,147,105.77,1
6.75,21.72,1,3,1131.79,74,386.82,0
31.64,52.47,161,126,530279.41,116,287.26,1
42.08,35.68,94,149,162881.9,118,228.09,1
8.66,23.74,1,0,698.77,79,353.44,0
78.07,86.72,0,0,162078.58,93,250.37,2
8.34,30.52,3,2,1454.94,116,202.66,0
6.26,28.29,0,4,3120.4,96,212.08,0
84.46,95.85,1,1,219285.54,69,257.73,2
42.9,52.81,159,120,61166.57,120,255.06,1
7.27,31.15,2,1,2169.79,108,335.93,0
7.85,45.56,2,1,7701.06,57,301.24,0
12.89,29.6,1,0,887.53,76,147.39,0
65.28,74.18,0,0,130988.04,95,207.55,2
29.53,51.11,98,245,177186.16,121,204.87,1
5.2,28.24,1,2,1746.47,85,262.49,0
77.23,79.78,0,1,185345.7,105,287.94,2
9.05,27.46,0,2,736.8,62,159.89,0
0.0,22.87,1,1,44.84,73,264.8,0
36.38,42.52,0,1,90377.02,121,108.6,0
90.94,71.97,1,1,353900.91,110,298.25,2
5.39,33.05,0,1,500.2,75,207.52,0
27.84,33.55,1,4,301342.86,124,327.18,0
5.69,23.46,1,2,834.38,66,349.92,0
4.82,19.91,1,3,883.47,69,423.81,0
75.61,87.15,0,1,101066.35,93,51.89,2
49.93,38.6,4,30,255976.49,124,285.72,1
70.89,62.66,0,2,97755.46,100,102.72,2
13.44,51.08,8,0,700088.17,108,144.41,1
32.85,57.37,101,198,172416.97,94,166.59,1
12.22,52.22,6,38,146104.29,109,249.46,1
68.65,73.94,3,3,14589.68,95,207.07,2
23.3,63.18,6,11,527447.12,170,231.88,1
29.98,59.24,149,173,521553.2,127,195.92,1
66.29,75.18,1,1,58065.54,100,250.46,2
36.15,63.25,135,190,1583001.48,102,206.09,1
43.52,70.27,131,179,1391236.28,142,250.93,1
6.91,46.18,0,4,737.55,84,162.34,0
4.62,29.49,3,1,1070.82,86,196.98,0
65.81,65.43,105,187,625987.65,121,296.47,1
99.64,78.21,0,0,170554.83,76,232.97,2
70.0,66.46,2,3,108560.47,93,198.63,0
3.87,29.99,1,4,3768.5,86,159.0,0
27.42,41.54,88,195,46230.39,122,103.27,1
2.56,21.38,0,1,1282.19,104,254.85,0
50.61,49.23,0,2,81642.29,87,74.67,0
66.34,76.61,3,1,94938.51,62,200.15,2
85.74,82.56,1,1,114602.98,97,319.13,2
62.68,63.38,1,1,304036.27,82,252.2,2
38.64,62.48,136,262,388096.74,114,184.52,1
44.14,51.42,115,205,1081759.98,99,178.89,1
1.22,51.85,0,1,2860.22,74,144.83,0
61.56,56.65,93,148,263821.78,115,234.43,1
73.4,68.96,0,3,3082.07,93,276.16,2
70.0,30.0,0,2,59356.64,74,135.89,0
10.66,25.0,122,234,130544.78,157,231.14,1
94.53,76.31,1,2,55432.5,83,221.29,2
39.29,60.91,153,164,286730.91,145,94.31,1
45.07,52.08,125,171,389212.57,97,220.9,1
43.42,32.26,122,221,1047930.17,128,197.73,1
85.18,86.81,2,1,3459.71,89,148.0,2
4.06,36.75,1,1,5824.67,78,174.21,0
8.29,28.38,0,1,7593.83,76,283.11,0
40.17,62.56,60,281,31323.3,111,269.77,1
46.87,43.7,145,185,172209.43,146,261.97,1
5.89,44.77,3,1,2230.11,88,298.4,0
3.84,43.52,2,5,1461.31,82,299.22,0
7.6,28.15,0,4,1218.28,73,267.57,0
84.16,96.19,0,1,228790.27,95,241.96,2
9.36,36.24,0,3,261.62,95,243.38,0
75.2,65.44,1,1,90124.72,90,50.0,2
33.86,52.28,101,201,153775.2,135,213.42,1
86.64,72.2,0,0,5915.16,78,164.97,2
31.16,63.9,86,146,741840.19,134,73.2,1
5.29,29.98,2,2,1468.11,79,223.98,0
29.95,59.2,187,169,317410.49,139,330.1,1
40.51,43.2,112,159,2864231.18,109,133.11,1
60.65,67.64,89,158,68111.44,111,298.8,1
8.79,44.25,1,1,2170.33,79,315.21,0
1.27,28.62,2,5,1131.82,89,384.59,0
10.26,24.36,0,2,3599.04,58,226.42,0
19.85,57.85,5,10,431978.79,121,214.52,1
55.74,77.06,97,124,573998.47,154,364.94,1
0.83,24.82,1,2,1633.98,106,237.77,0
47.63,47.6,145,164,604497.12,117,315.65,1
10.0,47.76,65,198,605640.76,117,270.1,1
1.51,31.29,0,1,3270.53,52,176.23,0
89.23,84.41,0,1,211707.69,80,310.5,2
58.53,74.1,0,1,20061.72,102,225.81,2
72.58,66.52,0,2,73647.05,93,285.01,2
6.93,26.56,1,2,1380.33,73,236.29,0
12.44,50.42,87,203,320210.34,118,255.55,1
40.56,63.72,171,134,156207.82,148,398.11,1
24.71,54.41,115,108,37975.16,130,213.41,1
92.97,90.45,1,0,22964.87,88,202.05,2
64.97,81.03,1,1,253061.45,105,226.33,2
4.78,22.51,3,0,1018.22,78,415.14,0
48.65,66.45,69,252,1510893.84,112,286.26,1
3.54,44.15,1,0,2083.63,75,325.1,0
32.96,60.29,136,185,290668.5,114,259.86,1
36.82,49.92,209,86,1453516.58,112,184.28,1
3.66,28.93,1,3,1035.37,88,383.53,0
2.86,15.81,1,1,314.84,58,249.98,0
82.15,76.21,1,1,119684.75,88,291.78,2
0.01,36.58,0,3,350.21,71,414.99,0
3.93,25.68,0,3,1747.02,74,285.11,0
13.55,39.77,1,1,4685.29,105,193.13,0
68.27,74.31,0,0,363373.72,85,272.47,2
6.79,19.99,3,1,2654.32,76,242.84,0
76.43,90.58,0,0,65145.14,87,180.3,2
42.89,56.64,118,152,763780.05,191,227.99,1
77.01,56.06,72,99,1202641.48,131,242.61,1
4.54,39.7,0,6,414.92,85,224.61,0
4.7,29.21,2,1,1832.08,72,261.67,0
12.83,31.63,1,1,4723.29,82,172.56,0
27.86,25.99,134,125,510414.32,114,293.08,1
85.36,69.75,2,0,184528.49,84,50.0,2
73.97,55.0,1,1,86057.45,110,198.93,2
66.55,66.51,107,126,428344.37,139,264.06,1
0.0,33.1,2,1,136.2,79,357.55,0
33.62,63.14,139,237,277932.54,109,205.81,1
4.42,25.43,3,0,2692.18,66,305.11,0
16.36,61.02,6,13,529351.84,123,141.58,1
9.48,31.32,2,4,355.74,76,275.45,0
100.0,68.21,1,2,120495.67,111,255.0,2
11.88,25.65,1,0,886.45,100,482.29,0
54.31,47.49,128,168,5000.0,116,213.14,1
86.75,62.15,1,1,39957.27,114,148.97,2
41.17,46.16,117,215,165921.55,141,291.31,1
6.36,18.88,0,1,2567.88,63,283.39,0
54.63,43.63,2,3,32274.87,90,239.27,0
48.23,73.33,149,139,92950.95,147,289.42,1
15.82,56.76,103,193,623351.89,160,245.94,1
59.09,75.55,151,209,146615.23,94,304.46,1
7.04,26.96,1,1,3245.37,64,192.05,0
34.0,52.56,76,240,193429.94,121,227.69,1
26.99,62.4,89,95,540876.91,146,374.33,1
31.52,57.96,127,119,425299.7,97,225.53,1
67.31,67.44,1,2,2713.39,111,249.17,2
36.61,25.0,132,190,36037.46,104,293.3,1
87.11,55.99,1,2,22889.58,99,491.64,2
7.11,23.68,0,2,24.86,85,191.91,0
26.78,40.35,125,127,270892.04,134,356.19,1
2.34,33.49,1,2,376.34,84,190.11,0
69.1,50.47,1,5,49465.34,91,270.65,0
0.0,35.7,0,4,887.17,81,208.19,0
11.96,42.69,8,6,55076.62,140,232.94,1
26.65,60.97,2,18,307053.0,104,207.49,1
57.73,74.24,0,2,10454.35,95,188.87,0
4.24,32.34,1,5,88.45,93,217.67,0
46.97,66.63,110,232,236613.31,131,178.3,1
8.69,41.83,1,6,260.04,45,95.45,0
30.86,49.5,170,219,52502.11,93,339.52,1
49.11,44.53,1,3,20316.05,94,186.43,0
18.35,21.87,2,2,869.76,73,331.86,0
1.58,29.28,0,1,313.37,99,374.0,0
24.73,38.17,6,23,565612.07,104,225.45,1
3.88,15.9,1,2,679.4,80,242.94,0
4.63,24.97,3,3,1422.85,58,203.64,0
37.75,49.44,1,1,102522.84,98,347.97,0
10.0,56.19,131,193,223214.38,159,197.19,1
51.32,42.29,141,151,59288.67,119,281.49,1
22.01,46.4,152,188,548577.94,109,195.41,1
65.43,58.62,2,0,158997.35,81,242.38,2
12.84,46.58,8,0,70984.06,112,345.57,1
60.98,96.14,0,0,92322.69,107,281.58,2
27.74,45.4,124,239,382760.38,156,179.16,1
21.72,59.04,88,133,544000.98,123,300.1,1
2.01,33.38,2,2,183.5,107,292.93,0
19.42,58.97,3,18,72848.32,114,233.41,1
27.06,66.29,113,162,84885.32,140,247.22,1
97.87,56.41,0,1,286217.06,100,247.39,2
13.19,28.25,1,3,1164.95,96,435.26,0
36.86,42.61,174,137,760969.24,148,371.36,1
59.08,63.49,1,1,75894.79,106,265.59,2
56.65,60.95,0,2,276142.38,79,138.81,0
4.54,25.85,0,0,590.06,51,322.73,0
76.11,66.89,0,0,211473.33,83,378.83,2
33.91,60.85,120,143,361022.54,109,349.62,1
4.95,28.11,0,5,677.57,62,293.37,0
24.64,56.67,85,94,105867.84,105,340.1,1
7.78,31.7,1,0,4186.34,82,342.48,0
35.37,54.42,107,201,56365.1,84,216.23,1
7.04,25.46,1,3,2683.48,76,347.05,0
3.1,36.78,1,0,1918.36,88,255.76,0
34.72,44.95,181,141,1703762.14,89,185.35,1
35.35,51.7,101,200,653973.64,112,188.78,1
24.86,42.94,5,6,66142.69,126,392.07,1
15.07,33.96,3,0,1433.0,83,204.09,0
47.53,52.44,141,193,241090.53,108,338.59,1
20.35,39.12,169,185,424288.38,136,234.64,1
61.73,83.71,1,0,79045.7,115,140.44,2
16.67,41.59,6,11,730073.32,122,134.82,1
11.92,28.63,2,6,5573.93,92,316.13,0
6.34,36.94,2,3,3189.17,56,276.66,0
41.6,76.64,10,0,98078.97,122,149.48,1
9.11,33.53,0,0,2879.0,86,167.63,0
52.2,45.3,80,117,45739.04,135,177.36,1
27.19,46.54,4,15,42019.65,118,236.09,1
31.35,44.0,129,101,620441.46,89,190.4,1
33.7,45.17,152,165,704428.45,118,165.3,1
2.63,16.82,2,1,396.28,59,166.94,0
57.63,43.11,114,80,529864.38,97,251.31,1
23.79,64.1,125,245,385472.65,117,215.34,1
93.41,81.68,0,0,145488.45,104,303.28,2
28.66,67.62,104,111,21527.42,117,330.94,1
3.12,17.82,5,0,1596.61,55,332.9,0
24.54,57.59,6,14,10075.26,115,222.47,1
5.98,28.49,3,5,1308.25,68,292.68,0
26.55,51.92,0,0,32043.93,97,185.61,0
72.6,85.54,2,1,34861.23,107,261.97,2
43.27,30.72,146,230,1760636.12,83,244.96,1
84.66,74.4,2,1,51469.35,101,288.64,2
67.69,59.69,0,1,84138.47,91,58.08,2
0.79,31.36,2,2,3700.44,83,294.63,0
72.69,97.04,1,1,18977.48,116,386.53,2
4.36,23.27,1,2,224.78,68,244.64,0
14.97,27.07,3,7,31038.42,125,205.38,1
5.72,31.3,1,5,1506.4,78,266.61,0
62.3,58.58,1,0,344064.49,89,206.24,2
21.9,48.9,89,74,10463.48,111,208.59,1
8.37,47.84,1,0,19.27,88,285.35,0
18.1,62.62,84,165,38829.6,105,256.74,1
41.01,32.97,3,1,86022.27,76,294.43,0
70.46,48.44,100,190,249293.58,104,334.07,1
6.22,42.39,1,2,1066.44,90,235.9,0
44.02,65.32,110,134,2353417.78,140,231.21,1
44.37,65.48,105,113,277882.59,121,325.51,1
39.18,76.6,89,180,73367.94,94,249.07,1
85.98,76.42,1,3,4509.27,115,350.17,2
9.82,38.14,0,1,1269.45,73,240.38,0
0.0,30.79,1,1,2029.77,81,272.87,0
40.78,53.64,113,137,55930.21,132,236.0,1
0.0,30.97,2,1,2660.98,89,292.61,0
76.4,69.75,1,1,176113.17,97,194.09,2
8.84,33.93,0,0,7781.89,62,87.12,0
7.09,21.49,2,3,2237.74,83,115.33,0
37.89,46.75,114,108,453722.28,137,170.0,1
11.05,57.89,6,8,293134.73,109,267.8,1
70.46,80.06,0,2,146935.61,114,398.24,2
58.39,58.91,2,0,14716.7,104,230.99,2
10.0,66.6,179,129,206684.34,150,208.61,1
65.15,43.95,42,147,127086.26,126,295.82,1
30.24,34.9,201,131,752881.63,142,319.13,1
78.12,68.39,1,3,335.91,111,321.72,2
5.59,26.97,2,5,873.6,87,310.96,0
86.82,74.94,2,0,60103.79,74,339.24,2
25.83,58.96,3,40,42868.36,103,324.52,1
56.6,41.9,97,115,520016.7,74,381.6,1
22.17,40.89,5,6,244516.67,113,84.32,1
30.67,41.78,91,104,412754.33,137,302.21,1
36.84,29.64,3,1,282339.96,109,320.62,1
6.21,39.89,1,1,376.72,108,248.37,0
88.69,98.0,1,0,189788.96,114,310.34,2
6.65,35.27,1,0,116564.74,119,330.48,1
7.41,32.0,1,4,1508.47,73,273.29,0
27.54,66.07,114,148,623740.63,154,351.48,1
3.1,30.91,2,2,195.82,54,242.07,0
23.31,48.28,81,88,1099214.16,157,150.79,1
50.26,60.37,85,165,454977.74,147,199.92,1
82.73,81.71,0,1,52715.98,111,166.32,2
30.17,68.9,12,41,167773.17,110,124.53,1
52.51,55.88,1,2,138367.37,78,225.43,0
7.26,36.12,0,1,396.19,71,269.05,0
9.08,21.97,1,2,2394.96,91,155.14,0
26.87,42.38,6,0,296364.53,130,318.84,1
62.42,56.46,2,1,97113.29,71,268.76,0
0.0,33.36,0,1,1013.3,89,314.89,0
7.67,27.93,0,1,2014.28,99,194.33,0
68.24,62.94,0,1,110631.42,126,317.34,2
6.81,25.91,3,2,445.53,70,241.37,0
79.93,66.48,1,1,219357.28,101,267.48,2
28.84,61.23,129,181,334873.88,122,146.94,1
40.65,76.89,138,134,2534489.38,147,297.16,1
43.1,32.64,102,234,1309462.89,119,359.58,1
67.04,60.93,0,0,113415.14,86,272.36,2
42.16,71.77,134,176,1149847.93,104,288.5,1
3.59,36.11,3,3,2569.41,78,326.44,0
44.54,60.62,4,33,19787.32,157,191.82,1
79.55,64.0,1,4,45153.28,98,214.55,2
97.58,82.72,0,1,89062.62,120,344.49,2
37.62,73.75,116,154,197731.63,137,428.47,1
77.61,63.24,1,1,67779.56,96,113.57,2
24.74,36.91,1,1,36269.5,120,180.71,0
25.08,50.99,1,2,30424.93,89,174.74,0
0.0,41.97,1,1,22.04,59,323.38,0
8.65,36.36,0,6,3441.49,90,301.16,0
19.18,59.41,3,33,109025.68,70,266.55,1
1.7,33.18,0,1,3599.94,83,148.17,0
57.86,36.38,171,164,820667.88,91,258.3,1
4.15,36.7,1,3,1612.47,53,319.06,0
5.9,35.89,0,2,1209.67,65,266.21,0
12.6,25.62,2,3,1041.7,108,152.92,0
58.09,82.87,1,0,135586.08,80,276.45,2
4.12,24.58,2,2,821.52,110,353.58,0
7.99,29.73,0,3,260.37,72,321.49,0
33.86,39.81,2,8,478628.73,77,249.76,1
11.74,18.41,1,3,4396.49,94,319.44,0
85.93,75.45,2,0,142019.18,104,311.61,2
83.34,55.0,1,1,117459.54,91,368.1,2
52.51,50.81,158,116,21939.64,119,169.33,1
7.7,21.16,1,3,2872.98,55,379.31,0
31.59,41.24,87,140,624732.56,108,282.89,1
5.96,27.64,1,1,1621.37,88,290.14,0
56.73,34.95,157,140,69577.15,121,392.13,1
49.53,36.33,98,181,1129548.53,87,337.55,1
70.07,48.32,113,285,923855.98,131,299.25,1
6.41,23.51,4,4,1085.2,73,233.5,0
45.54,40.16,72,164,914349.86,115,215.22,1
12.73,34.03,0,2,4098.5,91,296.85,0
8.56,40.44,2,2,227.65,77,247.26,0
57.49,83.84,1,0,62914.45,100,193.98,2
31.46,58.69,117,133,630265.43,108,106.96,1
16.95,59.61,141,210,60062.14,94,198.57,1
4.83,33.34,4,4,5466.22,65,399.21,0
43.09,51.95,107,105,948694.48,131,286.06,1
10.78,57.23,83,90,595225.62,105,382.55,1
35.92,39.96,171,82,11194.59,114,368.96,1
35.3,55.24,101,175,110947.85,122,225.46,1
2.07,32.33,0,0,9027.89,60,211.2,0
24.48,26.93,4,22,4605.63,99,283.3,1
