cpu_usage_pct,ram_usage_pct,kb_events_per_min,mouse_events_per_min,net_io_bytes,process_count,carbon_intensity_gco2,label
24.13,54.08,125,122,46907.57,133,210.54,1
10.24,51.3,143,209,18364.78,99,311.29,1
5.88,30.26,1,3,7.21,102,269.43,0
31.17,54.36,180,104,362625.8,139,332.18,1
52.03,58.66,113,115,136215.51,71,245.57,1
32.32,58.34,136,127,317126.59,83,381.89,1
11.34,22.82,1,6,6539.32,79,173.65,0
49.88,35.98,115,72,828445.17,120,94.7,1
28.79,61.77,149,47,1768672.58,111,325.26,1
7.71,22.3,0,2,810.02,69,173.01,0
7.57,35.57,2,2,5599.81,81,206.16,0
34.49,37.79,30,131,1672666.27,111,270.18,1
17.1,44.83,165,134,559879.07,125,304.57,1
25.97,84.16,83,215,830369.12,123,227.61,1
0.99,31.99,1,1,1195.49,76,134.53,0
21.0,57.77,101,238,2434751.0,95,288.32,1
4.82,31.19,2,3,301.62,85,243.96,0
88.72,77.48,4,1,24058.38,118,112.63,2
43.44,85.69,123,179,116777.6,137,253.43,1
71.15,57.69,0,0,31271.35,103,297.53,2
75.39,70.38,1,3,74742.67,105,376.42,2
10.66,31.93,1,0,5081.75,88,161.05,0
24.45,64.97,100,98,24952.77,107,313.18,1
76.75,78.45,2,0,8900.42,97,322.52,2
51.64,47.74,130,155,374101.08,95,122.55,1
66.64,62.91,1,2,78315.32,91,174.98,2
5.06,29.46,3,0,3756.27,93,300.84,0
85.8,66.28,0,0,61631.77,107,259.74,2
43.6,48.49,75,104,121594.54,141,289.89,1
95.27,74.73,0,0,388343.85,122,228.72,2
5.24,30.8,2,3,1458.34,58,251.94,0
0.0,34.38,0,2,307.68,110,335.98,0
14.91,43.72,70,55,257072.54,112,257.75,1
15.85,62.66,30,148,129679.53,115,331.94,1
82.36,75.47,1,0,12852.27,95,347.03,2
7.95,21.82,0,2,234.75,72,240.1,0
31.32,66.6,44,150,76469.27,123,295.89,1
7.37,26.53,0,2,1259.6,76,62.29,0
12.8,35.27,0,1,284.0,77,298.13,0
32.02,54.64,106,143,2629093.28,136,309.97,1
29.33,64.25,65,96,189223.69,117,359.98,1
10.52,31.29,2,2,228.76,77,314.06,0
69.3,74.48,0,0,50167.62,125,269.84,2
0.0,25.04,0,5,705.74,59,275.16,0
75.79,71.27,0,0,93010.72,109,196.92,2
8.6,28.61,1,1,7966.06,56,213.4,0
23.24,55.18,112,145,215514.05,134,294.21,1
14.26,33.56,1,3,276.54,67,198.09,0
1.3,49.29,1,3,2287.24,67,217.81,0
7.48,37.93,2,1,2829.47,86,332.0,0
9.64,13.47,1,0,1698.57,90,411.99,0
76.75,63.87,0,0,163207.73,97,243.07,2
43.07,61.67,172,157,1091176.46,112,284.24,1
93.08,91.2,2,1,215128.44,104,244.47,2
1.08,30.63,2,1,4598.84,107,344.94,0
38.03,36.73,111,72,1653449.95,113,303.88,1
5.71,19.66,1,2,1028.99,79,252.53,0
80.61,68.68,2,1,237585.9,70,179.7,2
4.05,29.68,2,3,2798.18,76,215.0,0
7.88,36.29,0,3,822.93,85,282.49,0
8.45,30.88,1,2,499.27,78,289.51,0
27.49,38.92,60,114,752113.3,115,242.33,1
47.53,53.96,95,117,214632.05,83,287.27,1
4.64,40.21,3,2,353.61,79,223.25,0
13.34,38.58,1,6,2871.84,81,220.13,0
72.05,69.98,1,0,303405.24,106,257.16,2
6.46,34.8,2,1,78.91,100,56.94,0
87.97,70.8,0,0,86326.62,101,327.93,2
43.41,61.01,164,123,754927.23,107,158.4,1
0.71,22.99,1,1,1207.27,78,246.89,0
45.66,64.37,158,140,79309.32,127,233.74,1
6.16,26.59,2,2,793.6,75,301.64,0
8.9,10.0,0,1,1612.55,96,219.46,0
3.35,29.26,1,1,1563.66,83,243.06,0
7.11,28.16,2,1,478.15,87,343.78,0
78.76,55.0,0,1,90896.19,113,50.0,2
5.58,18.69,2,1,1343.08,81,313.18,0
75.61,38.01,78,215,119425.42,137,177.63,1
59.74,77.61,1,2,47819.71,109,238.93,2
6.06,29.23,2,2,24.18,78,402.69,0
87.15,80.4,2,2,91127.35,96,294.04,2
7.91,29.38,0,1,1562.78,74,292.98,0
48.44,57.97,30,108,249801.9,85,82.27,1
6.04,30.11,1,2,2583.08,77,93.75,0
43.17,38.61,143,204,181707.54,134,236.16,1
7.49,26.48,2,1,3645.4,78,372.31,0
8.06,26.49,1,0,464.05,76,268.62,0
0.0,17.16,3,1,569.63,71,264.52,0
67.87,72.2,2,0,798377.86,132,251.02,2
33.2,52.08,68,98,350968.32,109,298.41,1
18.47,51.25,160,130,1000664.29,117,162.53,1
20.19,60.68,116,79,423954.54,100,274.97,1
61.57,59.99,1,0,211989.08,127,225.55,2
6.6,27.82,1,4,4299.95,107,394.09,0
3.57,44.41,0,3,3121.54,59,233.73,0
6.17,34.78,0,4,186.52,80,351.27,0
69.47,74.94,2,2,24440.95,105,355.24,2
23.17,33.72,56,165,366236.69,127,284.67,1
34.35,72.08,182,118,946807.73,107,231.87,1
33.19,47.57,110,136,775866.62,150,187.04,1
7.36,39.65,1,2,5342.74,58,291.71,0
36.63,44.34,174,127,66645.8,86,281.8,1
29.55,49.44,115,151,339145.61,104,239.29,1
89.19,86.85,1,3,66169.95,114,220.28,2
10.0,47.41,91,139,353320.71,124,229.35,1
10.99,34.38,1,3,2775.11,60,428.74,0
11.65,21.7,3,4,1606.98,93,285.97,0
31.12,54.96,84,149,296459.22,127,359.45,1
88.86,72.75,1,0,89898.7,82,274.82,2
11.92,28.05,0,2,4879.56,55,177.08,0
20.86,55.95,137,186,394622.59,136,355.18,1
17.88,61.84,167,102,243447.24,81,426.72,1
48.71,64.55,109,172,534200.85,106,204.8,1
5.06,29.34,1,5,2704.26,68,283.86,0
84.09,89.55,2,0,151579.62,103,367.05,2
37.55,58.17,85,254,578957.79,131,187.65,1
46.12,80.94,77,114,1029348.15,138,383.97,1
0.0,32.94,0,2,485.48,81,295.47,0
9.25,22.12,3,1,535.01,82,240.2,0
30.92,65.38,49,191,141438.48,137,288.57,1
55.74,61.25,103,158,1066467.68,128,262.95,1
44.08,42.57,118,159,319308.62,139,207.93,1
12.99,69.61,56,162,469448.8,117,322.23,1
10.0,37.92,36,123,1647012.04,157,258.66,1
6.26,40.97,1,1,4.63,67,269.01,0
40.97,47.86,200,73,1994167.07,113,279.46,1
4.02,30.14,1,0,4169.68,74,80.36,0
32.91,58.47,66,103,583493.29,145,211.09,1
66.08,58.83,0,0,56830.14,81,182.89,2
2.4,38.09,1,3,4222.91,77,365.62,0
27.51,32.22,59,197,321804.68,135,342.45,1
8.75,16.83,2,1,3054.71,91,226.63,0
0.0,27.9,1,2,293.78,121,292.0,0
16.54,59.03,81,139,162288.38,99,215.96,1
59.26,83.0,2,0,642.56,98,280.96,2
69.62,62.84,0,0,11287.15,93,136.2,2
0.71,34.4,1,3,2357.82,81,224.92,0
19.67,52.42,49,205,240754.42,100,318.81,1
9.58,17.67,2,0,483.39,87,165.54,0
76.8,72.92,0,0,355806.71,110,388.51,2
5.04,24.13,1,1,1737.29,111,168.01,0
10.0,43.91,153,228,1483228.1,111,378.08,1
49.43,48.05,117,150,6778.27,109,296.58,1
2.74,34.76,1,3,4089.28,64,373.26,0
40.49,63.66,134,77,275226.79,138,139.21,1
61.83,41.24,192,101,13809.39,135,178.9,1
42.78,65.07,98,152,36227.7,137,73.96,1
11.78,24.58,0,2,4145.18,85,317.68,0
3.07,41.47,0,1,2747.65,99,326.65,0
27.33,55.65,46,186,26671.33,113,97.71,1
16.53,41.74,64,198,1530906.27,106,278.73,1
24.15,45.31,116,95,152308.25,106,388.54,1
6.73,21.71,5,3,1378.68,84,225.9,0
60.93,69.39,0,2,26598.35,109,321.16,2
45.19,71.64,148,123,68969.2,131,300.45,1
19.82,54.2,111,187,621568.38,145,296.35,1
44.62,62.11,98,57,1239579.77,105,297.6,1
4.37,26.31,0,0,495.02,65,302.33,0
29.51,72.38,141,184,161037.01,103,338.45,1
27.16,41.69,170,120,23473.86,117,323.33,1
7.72,31.57,1,2,9468.76,70,221.16,0
63.94,35.39,218,133,153895.04,105,282.2,1
44.37,45.61,132,132,62100.6,123,254.21,1
6.63,29.97,1,4,2954.09,91,265.31,0
5.87,35.75,2,2,620.35,58,346.59,0
2.2,10.65,0,3,4313.56,65,303.18,0
60.01,67.82,2,4,1114.46,126,402.03,2
77.78,71.29,1,1,77579.49,120,265.77,2
91.33,76.4,1,1,106929.26,105,226.92,2
0.85,29.2,1,0,1471.81,81,242.33,0
11.26,24.58,2,5,1011.66,81,260.79,0
89.02,58.62,2,2,115485.55,95,144.37,2
50.89,59.66,170,150,144250.29,159,342.18,1
29.71,71.33,30,163,1421303.26,146,282.79,1
5.39,32.82,1,2,364.95,78,292.52,0
5.75,30.08,0,3,4110.73,84,305.9,0
11.86,27.99,3,1,1742.33,104,172.56,0
59.47,72.59,0,0,356744.85,85,274.71,2
51.5,53.71,146,120,179920.36,106,323.16,1
20.62,46.84,100,129,142921.51,122,184.92,1
73.83,76.99,1,0,62751.62,133,223.66,2
1.94,39.91,1,0,1494.44,74,144.25,0
32.84,54.4,79,139,340746.36,98,219.06,1
3.45,28.27,0,4,863.84,77,185.61,0
26.32,44.87,188,129,70653.22,111,277.19,1
50.57,43.3,180,116,755951.97,99,308.95,1
6.13,29.66,1,1,485.69,100,396.92,0
17.78,50.29,90,88,840834.06,116,335.44,1
3.81,33.61,0,0,2028.29,82,313.19,0
5.95,22.94,2,3,1636.22,84,221.62,0
76.09,66.9,1,1,142631.2,112,467.04,2
12.3,30.09,1,2,662.5,90,229.49,0
18.3,59.06,157,194,324499.87,115,342.34,1
1.2,30.42,1,2,3475.09,77,596.15,0
76.81,55.0,1,0,221950.4,96,252.29,2
10.0,76.6,48,186,72779.9,93,381.93,1
6.39,37.23,3,3,2994.98,77,187.0,0
5.79,29.28,2,0,409.52,70,392.34,0
4.87,28.58,0,1,3938.61,94,238.39,0
4.1,28.7,0,2,476.69,68,334.47,0
21.26,51.46,121,156,1388625.65,116,313.29,1
91.18,84.13,0,0,105489.16,98,322.66,2
0.5,27.04,1,1,368.87,108,107.28,0
4.09,26.36,2,2,1341.1,83,262.83,0
91.55,69.6,0,3,41775.67,90,190.7,2
7.72,21.6,3,2,1310.98,69,204.81,0
39.73,42.39,110,174,843402.72,124,202.51,1
9.59,27.69,0,1,482.28,63,443.19,0
74.21,72.82,3,1,28792.82,103,346.24,2
7.76,30.3,1,3,207.78,48,200.03,0
12.04,38.5,4,0,2287.39,59,327.31,0
63.28,55.2,116,96,379880.65,92,124.41,1
31.61,65.0,70,145,1394915.73,106,224.46,1
100.0,75.05,0,0,35688.29,94,184.73,2
19.16,60.74,127,185,21818.53,127,84.15,1
87.71,78.73,0,0,109420.73,113,391.87,2
23.81,52.61,46,45,875511.64,104,260.78,1
50.9,67.97,127,85,459057.83,126,149.16,1
43.29,34.35,174,215,30295.67,104,297.07,1
5.06,38.06,0,0,1776.55,79,249.84,0
38.15,55.72,86,189,108862.26,157,275.86,1
24.04,55.19,127,169,943162.69,146,375.37,1
61.38,66.33,1,0,35208.7,93,305.59,2
0.0,38.44,4,0,7213.92,55,344.73,0
82.0,82.22,1,0,10199.48,109,211.61,2
44.95,70.61,113,244,177095.47,133,274.37,1
75.76,68.23,0,0,64008.45,104,342.2,2
41.28,33.33,110,154,460293.0,103,128.46,1
0.88,22.16,1,4,2289.25,74,146.72,0
45.14,79.88,117,206,416247.12,140,208.27,1
5.99,34.87,0,0,1065.86,76,133.01,0
10.36,39.89,0,4,688.72,118,173.27,0
31.39,69.16,127,107,299960.09,142,203.04,1
17.59,55.4,116,152,837805.63,143,217.69,1
63.49,67.45,132,219,541757.1,117,181.2,1
29.87,46.75,161,80,159886.1,94,59.25,1
1.39,30.08,1,3,1689.5,80,268.13,0
11.15,41.95,1,6,5202.5,74,363.6,0
29.78,42.6,108,144,374014.32,138,202.69,1
92.19,60.19,1,1,65691.17,93,358.12,2
10.06,28.3,113,184,899007.07,126,143.03,1
0.0,36.48,1,1,2094.73,79,199.74,0
7.83,38.86,0,4,365.62,88,280.92,0
31.59,61.79,86,119,158362.74,126,116.61,1
0.0,25.01,1,2,445.12,66,50.0,0
6.53,33.41,0,4,552.46,105,302.23,0
36.92,90.0,136,82,672285.87,106,273.44,1
9.44,31.79,1,1,1263.6,80,232.96,0
3.73,24.71,2,1,5001.37,67,209.88,0
43.08,55.78,116,150,342008.78,112,150.58,1
32.64,36.97,97,177,192706.89,115,282.02,1
4.31,23.88,0,0,823.91,85,314.42,0
95.27,75.93,2,2,95824.47,99,260.8,2
72.69,74.75,106,89,16654.4,116,267.18,1
23.22,66.06,149,143,537573.78,119,230.4,1
28.92,49.52,156,157,187294.84,121,273.32,1
11.72,39.53,2,2,229.92,81,177.28,0
77.05,76.22,1,0,24217.51,126,192.49,2
21.5,55.0,111,119,34030.74,89,328.3,1
1.81,33.06,2,1,3051.41,89,353.41,0
38.44,47.85,114,112,150694.32,112,291.88,1
48.04,47.26,205,152,220380.93,95,284.38,1
63.08,71.49,2,1,50975.98,95,328.19,2
12.28,38.61,1,3,634.15,65,276.66,0
4.46,23.92,2,1,1351.64,92,374.04,0
34.91,76.27,54,179,296056.69,132,183.32,1
75.88,96.12,2,1,99077.35,103,220.35,2
63.83,56.25,30,143,16268.71,112,216.89,1
4.28,25.03,2,1,147.11,51,333.02,0
2.73,33.58,2,2,10605.95,56,220.53,0
13.44,48.3,133,124,467461.6,110,243.58,1
75.8,87.45,2,1,177730.21,71,224.98,2
92.57,55.0,1,1,59434.34,68,183.2,2
66.78,79.6,0,2,53373.16,88,311.56,2
0.0,39.13,0,3,217.71,93,179.2,0
21.44,62.34,184,165,157554.99,109,229.27,1
43.23,54.55,146,154,797292.87,110,391.45,1
3.08,33.15,0,0,2731.91,88,254.89,0
25.33,48.81,68,214,47564.19,97,198.89,1
36.43,54.26,105,105,2241232.96,147,293.05,1
36.19,60.57,184,84,882431.28,86,146.24,1
7.92,26.47,2,2,2564.34,62,115.75,0
81.21,74.67,0,0,149129.42,96,243.16,2
50.0,77.88,0,1,47085.43,116,238.79,2
99.38,76.92,2,0,84199.24,92,248.32,2
44.02,69.0,223,164,796830.64,74,208.58,1
11.29,12.62,1,3,2340.74,101,221.77,0
12.33,44.47,0,2,3237.48,106,189.88,0
9.5,29.01,1,2,642.02,88,275.87,0
17.44,57.27,186,197,474265.3,141,150.05,1
55.95,56.2,142,89,78003.35,103,151.51,1
28.47,68.43,105,111,1121924.97,139,336.7,1
86.87,81.63,0,0,62672.48,105,157.92,2
9.75,24.58,1,3,1496.39,85,300.4,0
37.43,47.53,58,101,211718.82,123,256.6,1
10.0,59.39,53,178,1687519.25,116,188.4,1
53.84,34.54,123,190,41445.04,87,227.88,1
63.93,60.28,76,189,504499.14,153,306.3,1
4.59,36.27,0,4,1791.6,79,415.77,0
46.24,67.4,53,104,540023.79,128,217.28,1
52.2,56.88,87,158,421963.58,100,362.94,1
5.96,21.32,0,3,88.84,66,93.26,0
24.72,36.05,134,171,216968.57,119,287.66,1
7.6,31.47,1,2,906.29,63,183.31,0
9.36,41.75,0,0,2929.85,100,261.38,0
26.09,68.75,122,125,26344.31,122,220.61,1
82.59,93.06,1,1,57273.96,119,134.91,2
36.16,65.53,98,114,302813.64,93,180.14,1
3.62,32.44,1,3,3404.05,106,214.22,0
37.84,64.35,97,135,2616581.4,116,173.93,1
76.37,80.13,1,3,47932.74,71,280.94,2
70.3,93.04,2,2,35292.16,113,330.07,2
75.8,87.78,1,1,189242.33,73,247.95,2
27.08,35.72,160,176,556302.39,122,236.41,1
3.52,36.77,1,1,586.32,78,303.78,0
42.43,66.56,93,111,281349.77,118,199.37,1
13.92,60.26,157,166,1165992.62,102,279.61,1
33.76,49.93,119,168,307099.24,116,117.33,1
34.02,44.98,121,207,73626.19,142,421.47,1
39.71,56.85,148,162,65012.61,114,193.13,1
35.43,70.09,99,171,317045.13,125,334.4,1
50.35,56.79,209,131,1123793.59,132,246.31,1
30.25,40.52,100,170,14009.95,105,342.59,1
73.56,83.72,3,1,59283.14,103,276.88,2
36.59,36.54,128,161,197273.02,125,131.34,1
38.53,63.66,109,110,338401.05,131,129.9,1
31.66,60.19,161,83,1206332.27,94,352.03,1
41.91,52.56,113,156,1044062.94,148,391.62,1
30.13,68.64,115,239,457007.59,125,207.18,1
38.17,53.64,86,75,1295052.38,115,211.91,1
3.97,33.15,0,1,569.09,60,275.47,0
23.53,58.52,30,51,401680.92,116,92.34,1
0.0,29.18,1,2,6957.59,83,232.19,0
4.09,12.38,0,2,2041.18,88,293.45,0
70.94,77.79,1,2,48268.08,136,413.18,2
37.78,48.43,200,89,404592.71,133,275.69,1
4.78,51.25,1,1,2370.42,92,372.0,0
31.1,39.91,30,41,263459.37,134,276.09,1
22.98,45.5,136,145,130808.37,119,308.96,1
31.36,66.25,90,147,669069.6,129,166.58,1
23.94,66.8,111,142,204225.04,83,317.5,1
76.62,92.37,2,1,234850.78,82,324.43,2
62.62,45.37,182,117,1268440.31,145,262.62,1
18.42,72.52,70,169,709437.5,105,234.56,1
78.98,69.71,2,5,168012.68,116,280.75,2
8.03,28.27,0,2,376.43,62,433.54,0
30.71,58.56,190,211,138527.67,91,174.83,1
72.15,78.41,0,3,44426.31,97,345.81,2
27.42,65.06,72,128,136361.7,134,284.51,1
10.0,51.04,147,176,633023.32,111,200.47,1
19.7,45.26,74,90,900765.37,124,242.43,1
7.41,26.83,0,2,2174.54,66,281.24,0
7.11,16.97,0,5,4366.8,101,261.12,0
0.0,22.05,2,2,6610.46,69,121.42,0
89.88,74.5,2,0,143027.47,105,319.04,2
10.0,53.59,62,121,260265.69,125,215.91,1
38.53,48.9,158,174,78945.76,119,238.98,1
4.04,29.81,2,1,317.9,58,295.34,0
74.83,78.86,2,0,46420.21,98,147.92,2
10.14,31.76,1,4,1348.16,74,170.03,0
6.52,26.23,0,4,503.78,98,286.24,0
10.0,38.98,108,161,384945.04,94,91.02,1
30.53,40.46,82,136,896617.47,118,180.04,1
38.63,47.45,94,144,337992.65,121,347.61,1
18.0,60.95,131,185,208105.41,159,323.26,1
10.0,47.12,90,122,17197.85,136,322.13,1
11.86,48.03,118,104,610617.08,91,347.75,1
60.97,70.55,2,0,86947.5,144,270.29,2
10.0,40.05,52,145,58187.05,118,374.68,1
0.11,33.99,2,1,721.27,106,295.98,0
3.28,34.66,1,3,2083.5,79,199.58,0
18.07,46.95,92,172,89545.09,78,273.16,1
9.2,19.21,1,3,210.37,88,301.77,0
6.01,18.62,2,4,502.98,73,244.13,0
4.06,35.04,1,3,51.67,74,255.51,0
65.75,79.84,0,1,34484.68,106,248.32,2
32.34,59.75,103,141,255355.15,112,254.63,1
9.9,30.94,0,0,3814.34,88,286.6,0
5.51,22.95,0,1,986.23,98,312.72,0
0.95,29.34,1,3,4982.48,65,144.85,0
42.35,63.0,153,185,593589.58,113,166.26,1
27.87,67.79,195,66,642449.33,165,181.19,1
0.0,27.0,1,0,2597.61,98,403.14,0
5.3,30.15,0,3,6562.93,74,77.05,0
7.21,41.83,1,1,822.85,64,331.59,0
21.72,25.0,128,129,231227.19,151,345.17,1
99.61,81.86,0,2,65326.93,101,221.93,2
5.45,40.05,1,2,1033.75,81,225.66,0
49.85,62.11,71,100,129705.65,133,316.12,1
15.97,19.59,0,2,881.75,100,246.18,0
10.34,72.76,111,150,15127.98,122,254.26,1
60.9,68.71,0,0,228639.2,101,307.85,2
5.89,27.71,0,1,776.13,73,209.13,0
9.64,44.7,2,2,162.49,108,137.95,0
48.02,70.25,122,152,331760.05,102,265.24,1
35.19,46.19,197,147,70576.71,91,308.31,1
25.68,57.48,195,138,841719.58,121,293.87,1
2.02,29.52,1,0,2605.37,70,316.56,0
0.0,23.23,1,2,3429.68,93,356.74,0
7.87,31.37,1,2,606.82,47,392.19,0
7.94,16.83,1,2,1262.96,74,300.79,0
34.29,58.84,147,134,269686.7,154,100.02,1
88.96,59.72,2,0,86164.11,120,206.79,2
82.86,78.3,2,3,5185.91,99,86.45,2
10.0,60.3,115,219,80110.18,97,341.71,1
6.44,35.68,1,2,598.36,103,232.53,0
52.22,45.27,43,160,734631.52,99,284.32,1
10.0,41.88,105,214,86809.09,116,298.32,1
5.99,28.2,1,3,1443.35,90,365.5,0
1.95,38.17,1,3,616.44,52,200.88,0
36.97,43.92,135,157,416398.45,141,194.88,1
47.57,55.54,84,126,794885.24,95,206.5,1
10.19,32.69,2,2,2795.61,45,331.34,0
28.53,68.68,80,46,461341.28,112,258.04,1
84.08,73.06,1,1,63290.99,99,307.63,2
74.95,87.63,0,2,41706.82,84,265.26,2
3.78,36.94,0,2,1104.12,65,258.08,0
22.64,48.88,38,159,454948.14,95,226.44,1
87.68,82.52,0,3,82405.39,87,376.88,2
67.94,80.14,3,1,52967.43,106,288.47,2
48.46,70.41,109,99,274281.76,82,369.28,1
8.85,35.79,2,2,31.53,74,135.78,0
32.98,70.88,73,122,478828.56,159,198.29,1
20.51,52.34,189,223,41883.82,143,275.88,1
70.9,72.65,1,2,38271.23,60,245.68,2
82.91,72.37,1,1,149761.33,117,173.96,2
22.38,54.43,124,99,1761888.32,103,296.24,1
11.46,18.1,0,2,1014.72,84,291.12,0
76.1,82.49,2,2,59337.71,118,314.39,2
68.69,92.94,2,4,12114.56,97,349.95,2
1.46,39.92,1,1,23.79,43,312.5,0
34.22,48.88,96,108,233634.54,96,284.71,1
2.71,28.57,3,1,2521.0,51,293.51,0
10.02,50.04,149,194,77508.12,115,342.07,1
75.47,83.24,1,0,16956.67,85,340.72,2
17.72,35.81,84,105,310713.55,112,357.73,1
29.2,53.94,138,124,146164.48,121,164.81,1
4.31,24.25,0,4,1905.43,82,93.32,0
0.0,29.03,2,1,4768.62,58,259.61,0
41.11,62.99,95,177,344742.39,79,220.87,1
10.0,60.14,128,123,281095.46,113,313.48,1
44.33,62.28,30,120,189165.15,136,201.66,1
63.7,72.63,0,0,8832.36,79,248.58,2
0.0,27.19,1,2,200.88,93,406.24,0
0.73,31.21,1,4,895.12,48,251.96,0
22.82,47.85,199,158,942645.76,152,259.3,1
49.61,50.17,155,237,161003.37,120,204.21,1
34.87,57.72,156,140,43208.53,91,273.11,1
5.25,12.07,0,3,2327.73,82,262.67,0
7.54,26.32,3,0,9108.89,69,218.43,0
8.19,35.14,1,2,288.65,75,306.59,0
90.83,81.0,2,1,43839.75,102,212.7,2
0.91,28.4,1,1,5317.22,51,82.73,0
53.48,46.56,168,149,243343.34,107,255.51,1
9.24,25.37,0,2,3490.19,60,239.92,0
11.2,31.37,0,1,2159.24,101,402.22,0
10.24,17.36,1,3,2512.2,89,177.5,0
24.05,52.79,144,83,771472.16,157,261.21,1
4.69,25.24,1,1,8701.93,63,213.55,0
4.29,10.0,3,3,2364.21,81,302.69,0
39.18,57.48,119,179,436414.46,97,351.23,1
85.61,69.13,1,2,117284.9,98,309.09,2
15.13,26.85,4,1,9537.53,78,261.42,0
26.87,39.3,128,128,30090.32,100,201.55,1
82.92,78.05,1,0,11321.97,87,258.0,2
86.04,62.14,0,1,102616.81,111,214.11,2
76.14,69.73,1,0,1958.36,110,343.39,2
7.19,32.54,1,0,8417.29,82,221.93,0
8.2,24.95,1,2,842.75,77,235.83,0
8.32,31.84,0,2,944.73,86,348.39,0
8.2,28.16,0,3,351.54,89,119.66,0
3.64,22.85,0,2,453.96,90,399.58,0
10.0,36.16,82,83,1089543.07,91,357.63,1
61.73,69.75,0,0,29213.16,101,372.92,2
5.95,33.79,0,0,379.91,65,78.65,0
28.71,75.14,103,158,192559.54,130,428.32,1
11.94,38.26,104,160,560831.36,85,247.23,1
76.03,74.34,3,0,136586.54,96,274.01,2
50.75,55.59,120,222,806859.02,114,300.88,1
31.33,57.07,78,85,138325.09,94,209.98,1
0.68,24.97,1,1,1030.58,88,50.0,0
9.76,47.91,0,1,8424.77,47,214.75,0
13.11,31.67,1,2,771.51,101,78.13,0
42.66,37.57,42,295,1750177.35,117,213.54,1
7.35,18.27,3,0,2485.55,81,204.17,0
10.0,52.96,94,74,329262.73,166,288.66,1
54.49,72.86,132,75,490733.16,118,172.37,1
7.88,44.72,0,2,1457.42,91,174.88,0
4.99,26.47,0,1,802.59,75,67.37,0
8.33,38.52,2,4,2152.68,72,243.95,0
3.91,44.82,0,4,519.93,80,253.85,0
78.79,61.32,2,1,301318.44,109,374.43,2
66.26,78.24,2,0,4971.01,99,173.39,2
62.49,55.2,2,0,225978.83,105,365.54,2
2.68,42.16,0,3,2490.46,86,157.9,0
26.67,50.31,131,92,446853.2,92,200.38,1
33.97,57.65,128,144,874202.6,98,431.46,1
5.14,38.58,1,1,1895.55,59,269.53,0
6.06,27.69,1,1,6501.55,70,261.97,0
28.66,54.45,101,218,679168.63,116,310.64,1
27.79,34.61,144,126,1583919.02,95,245.02,1
53.77,28.44,112,125,800013.68,110,265.6,1
31.56,68.15,157,197,706117.66,158,339.03,1
41.16,43.54,176,202,250861.73,142,185.06,1
2.82,26.96,1,1,1480.21,122,218.94,0
5.48,23.85,1,2,273.59,62,50.0,0
33.46,34.69,104,176,86891.04,102,163.64,1
72.46,76.28,1,0,204323.65,94,108.67,2
1.94,25.13,0,4,2759.05,67,396.19,0
10.85,44.15,0,3,3616.81,56,195.86,0
0.0,52.44,1,5,591.4,97,240.21,0
10.57,21.79,1,1,1916.33,95,188.29,0
69.99,79.27,1,0,88788.23,112,108.97,2
11.44,61.05,130,191,1214698.85,137,171.19,1
47.73,66.12,138,208,533330.46,143,295.71,1
46.94,66.3,129,140,9186.97,112,225.34,1
40.4,71.81,130,48,339748.97,120,261.66,1
44.23,64.87,30,177,766946.97,151,242.0,1
16.15,72.31,121,220,425842.66,115,167.87,1
54.87,62.41,122,199,56514.7,115,168.85,1
18.25,45.69,144,75,10847.82,133,168.08,1
64.13,82.87,107,183,738731.71,110,306.79,1
4.21,44.35,0,2,2515.82,97,373.22,0
35.63,64.26,168,159,530100.01,148,212.39,1
10.0,59.08,129,168,1428343.75,127,173.14,1
28.53,46.08,72,203,249473.39,119,338.49,1
7.72,25.8,3,2,1352.3,78,282.35,0
22.49,50.55,155,69,167821.92,121,243.56,1
12.04,44.7,1,2,1274.57,96,105.36,0
30.35,32.26,212,239,476142.71,134,269.87,1
7.43,26.75,4,5,713.25,120,137.72,0
40.76,51.0,136,111,392349.61,87,291.76,1
6.95,24.27,2,5,1781.98,84,236.0,0
70.05,78.16,0,0,46091.77,75,290.61,2
3.72,21.34,0,0,495.21,89,188.92,0
100.0,85.15,2,1,40835.24,100,143.34,2
100.0,64.27,3,1,17387.72,98,203.24,2
1.11,36.79,1,3,814.55,60,243.89,0
0.0,23.88,0,0,76.92,69,230.89,0
84.29,75.38,1,2,60760.82,99,266.84,2
81.58,78.2,1,2,310960.22,119,315.54,2
0.62,25.68,1,0,3730.3,80,299.07,0
89.6,76.51,3,1,108116.39,104,211.62,2
20.86,61.15,69,200,657506.07,80,218.42,1
50.22,48.35,95,179,1150307.73,111,386.02,1
79.51,86.51,1,1,49464.15,102,346.51,2
38.59,51.45,65,315,149350.44,98,304.08,1
73.29,66.13,0,1,7509.95,72,144.01,2
66.57,70.49,0,0,21642.26,87,233.02,2
4.7,33.14,0,5,785.17,83,243.07,0
6.33,36.76,3,2,380.42,92,134.23,0
85.53,70.02,1,1,148856.91,68,152.0,2
4.85,29.5,0,1,4761.89,115,237.07,0
37.1,45.05,98,152,109986.21,146,374.55,1
87.64,76.41,1,1,218871.02,89,284.89,2
27.34,44.56,30,126,35926.97,105,264.3,1
36.72,66.9,88,175,965205.79,108,226.62,1
69.55,76.87,2,1,100411.48,97,221.49,2
71.48,74.15,1,4,86348.15,109,278.16,2
36.33,51.44,111,132,419602.97,158,403.18,1
86.67,63.29,1,1,59242.04,107,209.42,2
58.09,44.27,107,20,5258.66,153,338.74,1
0.0,47.11,0,4,1744.37,69,197.02,0
59.0,90.06,1,0,7788.6,126,287.39,2
83.23,68.19,2,1,7670.28,93,238.17,2
0.86,10.0,2,4,1165.32,70,260.47,0
29.76,76.18,129,130,555147.76,117,148.43,1
10.27,57.99,100,151,745831.82,102,169.95,1
6.51,40.3,2,5,952.92,73,212.1,0
2.75,41.36,1,2,4688.0,82,372.08,0
35.31,34.89,122,165,213090.0,130,315.53,1
100.0,72.65,2,0,8206.27,95,344.61,2
85.8,84.62,1,0,6891.29,100,214.45,2
13.96,61.57,128,165,271220.44,104,328.07,1
78.91,69.38,1,2,212907.14,88,319.46,2
41.28,72.57,77,160,1142332.87,105,239.58,1
95.05,67.49,1,0,129181.86,93,204.37,2
99.11,55.0,0,0,90798.99,88,210.26,2
41.85,36.81,150,148,713953.61,115,308.75,1
91.16,62.0,0,1,140160.37,60,278.28,2
25.55,57.31,54,210,639583.82,136,250.77,1
3.32,28.64,0,4,771.98,93,347.41,0
40.49,54.66,168,144,152291.48,135,320.39,1
6.8,24.49,0,3,634.67,54,315.58,0
7.86,36.94,1,2,2265.38,98,307.95,0
39.5,35.7,134,143,338288.31,108,355.39,1
18.75,63.79,84,174,2364194.09,109,267.99,1
10.0,58.53,38,170,95557.13,125,285.61,1
16.88,56.84,119,151,1108158.79,70,101.19,1
5.64,12.74,3,2,1876.31,75,189.85,0
1.88,32.57,0,4,690.68,73,198.93,0
32.98,46.23,123,153,341314.19,160,329.1,1
45.14,55.43,153,113,1034018.33,145,261.49,1
93.87,75.51,2,0,45503.88,104,403.02,2
62.92,65.39,177,116,186946.59,132,197.49,1
81.85,83.72,0,1,15596.91,113,314.97,2
50.31,41.86,158,139,557436.72,132,322.58,1
7.22,32.03,1,2,434.01,96,223.47,0
7.16,25.14,2,2,400.71,59,150.3,0
5.28,22.27,0,4,131.75,97,296.55,0
11.9,34.15,0,1,543.49,95,193.24,0
18.63,48.69,38,159,451798.96,137,304.23,1
66.23,73.95,1,1,141271.61,93,357.11,2
0.0,34.87,0,1,1772.73,61,156.91,0
7.97,30.96,0,0,2258.9,70,189.25,0
2.62,27.86,0,1,335.09,98,227.75,0
2.95,36.14,1,3,1003.29,73,290.77,0
38.62,58.54,134,125,58795.44,97,312.4,1
91.72,83.1,0,4,16629.88,102,198.87,2
45.56,28.69,124,185,6744.89,111,326.25,1
17.35,43.97,41,74,123730.23,120,213.25,1
5.3,18.4,1,5,3933.08,91,327.88,0
0.49,23.87,1,0,3512.37,76,276.53,0
8.09,30.73,2,2,634.18,83,83.16,0
7.62,29.47,0,4,1280.61,80,190.25,0
40.2,55.67,97,240,1261001.84,99,316.96,1
41.3,63.74,138,115,45655.0,121,318.99,1
55.11,66.79,154,146,903643.93,132,165.77,1
40.65,59.85,30,193,461037.45,96,143.66,1
11.04,37.42,1,2,1770.44,101,184.91,0
19.67,69.58,167,64,652422.99,97,280.89,1
7.28,29.33,1,1,3012.53,60,260.99,0
74.04,91.81,0,0,486996.74,101,226.02,2
39.55,57.84,124,20,777278.87,111,255.24,1
13.29,31.92,0,2,443.67,42,212.94,0
64.9,56.08,0,0,440951.25,98,457.53,2
8.18,32.81,0,5,4844.68,70,210.98,0
8.09,35.81,2,0,1418.41,81,161.18,0
4.35,18.92,0,3,2531.31,69,218.17,0
16.11,73.02,157,50,196526.48,104,304.19,1
0.0,38.08,2,2,4267.76,87,124.25,0
3.22,26.39,0,3,4821.75,103,156.94,0
38.72,72.8,153,97,276480.17,139,134.04,1
6.18,28.9,3,0,998.4,96,337.09,0
66.85,61.0,1,1,578.38,104,346.48,2
70.81,76.63,3,0,48754.5,82,222.12,2
9.08,18.81,0,1,3277.28,65,417.65,0
42.47,48.32,85,136,319019.36,112,243.62,1
32.09,57.68,103,148,89173.4,97,111.93,1
5.14,40.97,1,3,2275.76,76,198.91,0
10.05,26.18,2,1,1899.59,97,135.79,0
20.59,58.73,176,179,160112.11,107,165.42,1
78.56,67.8,1,0,123553.45,60,213.63,2
7.88,32.76,1,2,245.77,92,351.7,0
8.54,52.86,0,1,758.54,70,242.16,0
31.08,67.3,113,222,865436.13,117,258.12,1
82.99,78.87,0,0,19050.82,102,289.25,2
12.58,24.24,2,2,11788.68,110,419.99,0
10.0,44.66,114,165,234043.92,95,125.09,1
30.2,44.95,100,87,388503.48,132,162.33,1
6.27,34.9,0,2,5069.9,79,216.4,0
90.81,90.23,1,3,138629.39,99,158.87,2
6.93,38.58,1,2,2510.0,86,245.01,0
5.6,35.3,1,2,5288.67,67,148.46,0
63.79,72.87,1,1,77715.66,118,353.08,2
77.63,56.51,1,1,7219.06,94,168.84,2
3.65,36.78,2,5,3495.59,76,357.82,0
73.42,74.12,1,3,1426.83,84,198.69,2
36.96,47.89,70,161,377640.48,118,50.0,1
1.54,29.61,1,1,1195.96,103,125.99,0
8.95,44.8,3,2,3920.17,77,167.29,0
43.21,28.61,79,151,292242.0,117,290.75,1
9.88,27.93,1,2,627.71,77,215.75,0
9.01,30.06,1,2,336.87,75,158.43,0
44.75,65.05,188,156,2570628.28,111,207.53,1
10.12,19.57,0,4,334.26,76,383.9,0
10.0,52.54,139,184,1164717.39,152,343.66,1
8.92,29.01,2,1,2608.42,91,161.34,0
0.0,24.13,2,6,7941.44,104,213.07,0
17.9,48.85,149,193,874510.87,145,209.57,1
96.1,66.18,2,1,455175.12,121,104.43,2
53.92,77.74,1,1,186123.75,103,272.32,2
22.77,71.88,76,142,535351.31,134,304.01,1
33.53,67.91,168,67,876880.68,100,220.76,1
76.52,58.97,1,0,46634.58,75,302.03,2
84.37,83.9,1,0,16415.72,80,319.4,2
0.47,27.85,1,3,4826.81,95,233.7,0
46.57,51.71,140,209,728590.74,117,187.42,1
4.0,31.63,0,7,477.4,71,125.93,0
11.69,12.38,0,1,1175.42,83,171.85,0
10.91,23.0,1,1,2418.85,76,226.71,0
5.93,23.3,2,2,4402.42,71,217.79,0
32.96,49.06,97,217,545858.12,117,217.02,1
33.74,48.77,78,243,102719.56,156,220.59,1
18.16,52.38,113,170,667798.74,84,230.7,1
78.3,85.24,3,1,65233.07,111,239.5,2
13.73,55.91,121,224,653211.11,109,176.85,1
3.39,31.43,1,0,4810.53,109,250.02,0
87.53,65.56,0,0,167315.2,66,285.12,2
4.36,38.94,2,2,839.17,77,287.17,0
88.9,74.76,1,2,38574.76,96,163.46,2
17.54,58.4,151,134,102264.23,122,289.5,1
1.73,27.34,0,1,11575.21,100,300.28,0
28.74,80.04,47,151,566492.03,122,198.17,1
84.11,83.35,1,3,66507.32,97,275.73,2
1.88,38.47,0,1,1516.96,80,228.51,0
55.5,40.9,85,229,480689.34,128,94.43,1
5.55,43.75,0,1,2480.52,72,201.21,0
60.46,67.09,4,0,36305.59,116,229.59,2
6.44,22.99,1,2,335.82,63,201.0,0
10.0,44.74,103,100,416479.49,121,281.82,1
83.88,61.47,0,1,120080.64,86,241.95,2
54.34,50.07,111,160,90590.01,136,393.25,1
50.0,80.76,0,0,176505.3,92,309.02,2
10.0,50.46,74,134,608492.8,98,376.36,1
85.16,68.95,0,0,27755.96,80,237.86,2
31.18,47.12,65,184,489982.1,134,204.43,1
23.37,50.69,118,95,71506.4,90,370.57,1
12.13,30.85,1,0,1856.58,60,250.5,0
41.83,74.76,112,161,377953.38,173,333.33,1
77.63,82.29,2,1,130073.36,89,426.81,2
12.47,24.69,0,2,7965.51,92,233.89,0
48.07,54.02,174,183,533998.88,140,125.3,1
5.54,47.59,1,3,2891.67,88,306.18,0
39.4,62.66,46,143,520382.72,125,239.76,1
25.07,42.51,73,154,450714.25,116,334.98,1
47.47,67.08,118,120,634408.93,123,336.59,1
38.77,54.34,156,177,318982.97,112,244.36,1
45.98,57.07,56,136,151632.76,137,292.47,1
82.73,55.0,0,1,215111.11,85,276.12,2
72.56,77.35,0,0,345640.95,103,152.86,2
43.29,61.24,154,242,328069.34,137,197.58,1
54.96,59.8,51,194,425890.16,121,265.93,1
10.99,10.49,3,5,736.76,66,505.45,0
85.92,82.82,3,1,37061.2,115,87.13,2
26.3,56.28,130,170,25786.54,118,209.17,1
44.02,47.02,104,162,327450.9,105,234.87,1
10.0,70.27,138,156,473970.96,122,112.08,1
8.67,30.15,0,3,1650.0,72,280.67,0
20.12,55.74,147,157,134425.46,149,157.03,1
81.8,83.81,1,0,122090.79,71,172.45,2
10.0,77.7,94,162,873283.81,103,291.7,1
7.66,23.51,1,3,2867.46,59,295.77,0
87.27,65.12,1,0,170025.69,89,289.07,2
47.31,61.0,161,212,925299.73,90,109.21,1
15.11,22.35,1,1,3490.24,66,56.09,0
0.0,33.1,0,4,2836.78,80,230.1,0
8.31,46.57,0,2,1111.95,85,269.2,0
1.15,31.95,0,4,2634.53,61,197.3,0
80.09,79.28,1,1,27242.05,97,224.84,2
10.0,61.88,64,249,941383.76,101,203.57,1
1.55,21.65,2,8,1762.86,70,367.57,0
6.89,25.47,1,2,636.53,92,200.3,0
5.65,35.13,0,2,35.29,116,348.6,0
7.94,39.77,2,2,2170.54,72,127.28,0
3.05,29.47,0,2,2231.12,84,191.07,0
49.42,75.55,138,59,360954.63,130,258.97,1
6.22,28.75,0,2,1316.62,63,287.25,0
0.0,30.76,1,4,5027.07,92,165.7,0
83.9,82.54,1,0,323158.21,73,215.75,2
50.0,73.25,0,0,2963.91,117,257.82,2
4.49,25.99,0,3,613.15,108,160.58,0
38.83,28.42,179,117,586973.92,157,318.45,1
78.88,66.99,4,1,48273.85,98,175.85,2
5.82,26.21,2,4,470.9,68,234.34,0
35.02,52.14,158,152,316204.2,134,318.5,1
5.66,35.75,0,1,577.98,60,320.81,0
37.7,46.69,203,176,350967.47,126,255.64,1
0.0,28.49,0,1,205.07,78,213.51,0
63.23,62.76,1,1,159083.62,117,253.56,2
4.4,39.22,1,1,73.19,67,230.17,0
3.66,27.69,1,2,1093.17,106,188.86,0
2.38,34.58,0,3,2040.22,84,244.11,0
24.11,52.35,136,118,413773.44,81,227.24,1
0.54,31.01,0,1,3772.72,107,197.34,0
69.13,62.57,2,1,155970.78,126,100.51,2
1.92,29.16,0,2,171.91,79,151.88,0
49.07,63.09,132,90,250139.85,92,267.53,1
10.35,26.13,0,1,2784.25,68,340.34,0
12.58,51.5,112,79,82616.63,101,318.48,1
68.68,69.15,1,2,12314.68,96,371.96,2
36.54,58.7,171,204,375339.16,93,379.11,1
75.22,78.9,0,0,224925.35,127,343.06,2
0.0,39.57,1,1,738.85,86,378.63,0
10.0,45.66,195,162,46724.87,162,262.12,1
49.27,49.88,187,191,412310.49,101,278.4,1
0.0,43.47,1,3,2755.9,40,220.88,0
3.26,28.88,0,0,1936.56,79,282.27,0
86.59,74.32,3,0,125777.76,102,152.19,2
17.41,57.67,70,83,60702.69,109,304.95,1
4.89,27.95,1,2,4804.67,93,233.07,0
32.76,33.45,100,178,524088.09,99,394.25,1
84.43,77.35,1,2,134072.91,113,253.2,2
24.92,45.85,117,196,330580.31,139,152.38,1
86.9,67.44,0,1,14735.08,94,246.35,2
26.88,57.96,129,150,36219.13,108,281.73,1
100.0,77.33,2,0,3287.32,97,246.64,2
23.98,67.44,101,134,348976.31,143,233.3,1
3.14,30.6,2,3,4809.49,85,225.81,0
17.47,72.2,74,94,785711.69,120,50.0,1
35.59,47.6,138,153,326882.4,70,171.84,1
71.56,91.72,1,0,32681.06,79,122.46,2
55.2,80.53,0,1,128450.24,105,242.33,2
0.0,33.08,0,3,81.65,47,134.68,0
1.29,34.05,0,0,1814.08,53,351.55,0
8.63,17.98,0,2,12045.59,88,391.7,0
14.46,62.95,116,124,346976.04,117,144.83,1
72.53,70.91,1,1,42026.05,92,295.91,2
4.55,27.43,2,0,2846.0,94,230.75,0
1.13,23.16,1,4,1588.93,114,256.38,0
32.98,61.36,167,145,892720.41,135,190.81,1
81.93,84.79,0,1,57262.55,107,320.55,2
25.02,37.69,91,189,14788.76,81,247.09,1
6.26,18.46,0,3,2747.38,77,100.61,0
30.01,45.81,139,197,380516.23,91,152.26,1
3.03,32.21,1,0,4954.12,77,68.16,0
7.18,28.48,1,4,111.4,73,125.63,0
47.57,64.01,112,138,145753.38,130,111.3,1
26.74,63.2,178,132,126361.59,120,327.16,1
5.38,17.66,1,2,1134.64,56,212.53,0
4.42,21.76,0,1,49.33,82,314.03,0
3.44,22.05,1,3,1032.74,76,50.0,0
9.31,34.53,0,2,40.43,71,295.84,0
74.57,67.32,0,1,320601.01,113,226.91,2
67.01,85.32,1,0,25643.28,60,189.72,2
11.24,32.5,1,0,1721.25,75,330.95,0
65.16,41.98,157,104,413991.09,110,313.22,1
31.43,83.89,88,250,218961.86,125,168.19,1
83.46,85.47,1,1,55351.4,109,170.65,2
7.3,30.25,0,3,3057.17,90,332.35,0
5.4,34.63,1,1,2885.45,59,213.54,0
31.69,79.99,121,265,48223.06,132,159.15,1
74.87,95.56,2,1,434807.44,107,227.23,2
36.3,55.0,119,240,766906.66,94,106.89,1
33.52,60.65,126,105,1831535.22,127,50.0,1
90.62,92.65,0,2,43107.61,91,220.43,2
39.21,54.7,163,184,425686.48,140,245.25,1
24.9,35.51,172,122,2409737.09,134,212.36,1
8.79,39.86,1,1,920.11,93,50.0,0
78.52,70.57,0,1,14535.97,85,180.91,2
19.4,67.96,135,149,361095.38,113,303.23,1
8.53,53.97,1,3,4803.35,94,323.9,0
30.49,34.87,72,144,229321.26,119,208.01,1
35.7,34.08,30,143,337093.97,78,220.03,1
6.04,20.82,2,2,1505.47,55,357.78,0
27.9,74.02,152,115,600219.66,110,315.67,1
40.78,67.1,101,204,815718.65,72,203.79,1
42.2,47.34,170,130,101411.83,112,365.27,1
71.41,85.13,0,0,262562.32,92,231.69,2
44.46,60.35,106,150,1775016.14,118,272.4,1
77.45,89.43,0,0,48192.15,148,333.0,2
58.14,59.93,142,142,155499.03,124,304.75,1
25.43,46.12,129,156,868566.13,116,224.58,1
0.72,24.65,0,2,532.19,86,285.79,0
63.15,73.15,1,2,72706.23,90,383.23,2
96.88,70.75,0,0,21521.84,96,286.18,2
9.01,31.07,1,1,257.11,90,285.4,0
71.6,78.17,1,0,22275.61,98,214.76,2
74.3,60.99,0,4,53348.8,90,313.65,2
15.38,70.3,69,151,409148.57,120,155.47,1
0.0,28.97,1,5,4139.07,89,117.15,0
39.94,55.01,111,117,1436831.82,135,318.88,1
0.0,25.5,0,4,49.91,101,182.1,0
4.78,25.75,0,2,358.57,78,222.05,0
47.7,53.55,138,117,727997.99,134,82.14,1
13.19,23.2,1,0,1960.01,74,211.79,0
10.66,43.85,1,0,894.65,69,197.13,0
51.13,52.08,136,141,81185.85,141,254.36,1
0.0,21.98,0,0,1564.0,96,196.45,0
25.54,58.17,127,74,16889.1,116,236.8,1
69.49,68.35,0,0,63950.05,102,211.56,2
6.01,24.82,2,0,3127.04,81,220.71,0
64.94,93.79,0,0,245536.77,121,355.28,2
11.8,55.59,140,144,312091.51,116,143.63,1
43.6,54.57,69,97,307389.44,106,319.46,1
4.22,27.76,0,0,730.23,91,222.48,0
70.82,81.58,0,1,35089.19,103,272.46,2
6.57,34.79,2,0,1791.0,112,189.1,0
9.06,21.24,1,2,249.59,68,296.49,0
5.29,44.05,0,2,1427.72,74,253.02,0
78.34,55.0,2,0,213917.43,106,259.15,2
7.05,24.29,0,4,2045.6,57,248.78,0
5.13,31.84,0,2,1757.54,60,220.59,0
22.26,75.09,148,138,500717.0,132,340.18,1
61.02,74.4,1,0,72544.61,71,314.55,2
18.09,43.75,112,186,5000.0,107,145.7,1
8.7,38.06,0,1,1777.37,78,404.23,0
28.6,46.58,95,223,46182.91,95,447.05,1
87.75,87.76,0,0,69332.81,98,300.36,2
2.87,43.65,0,0,5461.26,79,307.58,0
25.44,55.55,30,217,37544.8,120,244.95,1
50.86,64.99,87,194,257614.36,161,405.08,1
2.94,28.18,0,2,546.91,69,348.61,0
6.61,17.41,3,3,88.01,75,314.12,0
57.86,41.89,68,139,92807.3,113,274.19,1
50.46,51.58,66,123,337704.72,138,244.35,1
52.09,60.27,159,45,39801.79,108,296.41,1
5.84,34.03,1,2,3616.97,92,253.42,0
7.41,32.74,1,0,7257.2,94,114.73,0
58.48,40.56,168,213,1678784.95,127,206.47,1
53.55,52.14,139,132,512295.35,123,210.23,1
0.0,21.73,0,0,346.11,79,132.51,0
68.15,89.97,2,1,202893.88,105,283.76,2
4.81,29.58,1,1,1890.53,78,328.13,0
78.06,58.67,85,168,255148.01,125,173.73,1
77.01,65.42,0,1,103522.3,96,229.75,2
53.21,55.96,125,70,322804.75,121,171.01,1
0.85,29.78,0,2,550.92,69,187.19,0
12.91,33.86,1,2,6581.16,94,229.59,0
4.91,28.12,1,2,590.27,85,292.33,0
16.68,73.52,47,203,643330.28,140,280.06,1
5.55,50.56,0,0,10022.99,114,243.51,0
7.16,37.12,0,4,883.42,76,193.53,0
6.35,14.17,0,1,1300.92,88,292.45,0
30.72,54.58,96,178,321854.33,127,231.94,1
3.32,26.53,1,0,355.38,81,231.38,0
75.0,65.75,126,230,308184.59,109,272.03,1
57.14,26.86,132,232,13008.17,159,284.56,1
8.9,19.19,2,5,344.97,62,268.02,0
3.1,36.28,2,2,1331.14,74,253.32,0
82.88,93.63,3,0,20998.63,107,292.13,2
10.0,50.38,155,208,403339.09,119,240.95,1
32.61,44.71,119,84,113158.7,73,270.98,1
80.87,83.39,2,1,336169.43,112,222.54,2
0.0,37.99,1,5,1581.69,86,300.85,0
10.0,45.36,179,213,121937.61,129,301.75,1
17.62,24.98,0,0,430.03,77,227.37,0
49.5,48.06,160,74,185701.0,109,221.82,1
5.14,39.05,0,3,4227.21,71,168.47,0
43.01,61.47,117,136,368181.71,113,327.25,1
7.56,27.81,0,1,1700.81,61,324.19,0
0.0,31.57,0,4,1260.66,81,206.59,0
2.24,16.32,1,1,1550.14,79,276.04,0
80.27,72.14,0,1,281846.8,103,214.4,2
41.95,60.42,100,114,486359.25,152,344.51,1
62.4,58.24,113,164,356054.53,70,200.21,1
0.0,29.71,0,5,203.24,96,247.76,0
4.51,31.13,0,2,5071.09,115,243.32,0
23.14,81.41,140,112,1073787.58,184,259.42,1
2.88,27.58,1,0,291.45,71,378.47,0
88.34,63.88,2,2,48597.51,102,408.23,2
18.67,42.44,85,187,820491.54,97,290.02,1
61.48,69.42,2,1,5183.52,89,308.8,2
4.67,30.15,0,4,1021.43,94,254.1,0
34.27,69.07,103,82,43102.76,127,217.98,1
77.84,71.25,0,1,137856.71,85,239.61,2
37.75,48.33,158,221,1033235.46,92,258.73,1
2.33,29.16,0,1,467.8,90,172.87,0
10.0,65.86,100,187,1435499.96,141,209.68,1
52.33,90.0,177,131,420203.38,156,344.14,1
8.25,29.52,1,2,119.24,75,347.81,0
0.0,28.62,1,0,2158.56,86,277.84,0
3.11,35.68,1,0,265.02,83,230.97,0
3.91,25.03,2,0,717.68,60,189.81,0
10.34,62.67,87,205,46307.69,89,147.6,1
25.44,64.44,141,196,694949.79,122,306.54,1
2.67,29.57,1,1,1007.51,72,193.84,0
30.06,43.66,70,129,17744.32,107,227.79,1
41.14,42.94,191,164,317660.02,102,232.48,1
36.14,36.51,155,185,1411425.0,121,350.59,1
100.0,69.42,0,0,161578.07,111,203.32,2
9.96,22.42,1,1,336.84,95,275.28,0
8.76,30.9,0,3,3201.16,78,362.16,0
45.4,71.06,177,155,180676.55,113,243.45,1
7.85,23.37,1,2,2906.08,88,315.78,0
67.09,43.97,112,200,262452.89,148,334.5,1
3.5,12.2,1,2,678.43,78,342.96,0
17.43,50.13,131,169,980371.9,103,282.86,1
5.18,17.89,1,1,892.44,79,247.73,0
0.07,41.43,0,3,3437.43,100,264.74,0
15.55,33.03,1,2,2050.12,105,157.03,0
2.36,34.89,0,3,4084.9,88,235.99,0
10.7,16.51,2,1,399.41,92,366.53,0
43.89,55.55,68,156,341857.9,93,182.4,1
75.38,81.64,1,0,127529.47,112,86.01,2
61.95,43.82,85,91,327803.35,88,466.73,1
10.0,49.07,82,58,216526.12,95,203.95,1
32.55,81.56,100,131,292617.58,123,297.92,1
79.43,86.94,2,1,4064.91,92,303.73,2
10.0,70.12,119,106,444528.61,126,112.02,1
51.49,69.11,2,1,101150.82,100,224.81,2
88.59,72.53,0,1,75782.25,133,340.42,2
6.54,30.23,3,3,371.56,81,182.39,0
10.84,39.17,3,0,3138.67,53,266.3,0
64.57,63.61,0,1,289749.11,109,180.22,2
12.29,33.15,1,1,10556.89,80,266.62,0
8.34,21.97,2,2,1141.08,101,183.54,0
37.17,60.76,61,53,442790.8,112,188.46,1
46.31,52.61,127,100,554711.57,98,205.11,1
1.81,49.57,0,2,7608.35,100,260.24,0
67.82,43.74,85,211,224395.33,125,203.75,1
29.22,60.37,87,169,400308.39,97,352.68,1
65.75,69.51,1,1,26661.19,100,384.46,2
83.79,67.72,0,2,66089.47,118,347.19,2
76.95,65.65,2,1,125603.67,90,414.22,2
3.47,28.86,0,3,8542.66,92,192.78,0
74.5,67.41,1,1,43382.16,108,253.2,2
5.84,28.63,2,4,3205.03,91,308.27,0
7.78,18.44,1,2,1300.38,79,247.59,0
84.24,56.21,2,0,42297.66,121,106.39,2
87.61,83.43,1,1,149289.6,100,187.25,2
70.81,76.47,2,0,17824.24,69,287.8,2
35.35,42.24,94,208,722166.29,100,264.33,1
5.34,33.03,3,2,917.97,97,210.29,0
3.91,19.36,1,3,2837.44,120,401.09,0
4.74,38.92,0,0,91.71,82,311.19,0
43.83,62.95,121,221,329970.35,134,246.17,1
5.54,24.41,0,0,4739.22,71,227.24,0
6.38,18.13,0,1,1885.95,60,218.18,0
42.12,52.56,142,57,347903.46,88,265.97,1
32.59,51.33,101,118,596549.44,136,119.72,1
36.0,57.17,159,228,490283.18,125,291.4,1
7.29,25.19,0,4,3264.01,103,358.19,0
1.19,36.24,1,1,5462.81,75,359.7,0
53.01,87.32,0,1,132662.28,65,411.58,2
78.65,98.0,1,2,21888.02,106,220.87,2
10.0,68.62,211,130,91691.88,127,270.1,1
53.85,50.09,133,52,6249.81,120,273.65,1
10.23,33.91,0,0,2381.43,64,165.37,0
24.22,59.5,196,133,161461.08,95,248.92,1
5.66,24.01,3,1,4124.48,96,186.42,0
7.59,38.72,2,3,556.9,76,144.44,0
6.05,41.93,1,1,1547.58,60,252.15,0
1.77,28.24,3,0,34.04,89,369.06,0
24.53,35.86,119,98,173120.9,142,315.54,1
71.28,74.28,0,2,61348.77,104,279.68,2
2.53,36.62,2,1,4764.72,84,149.64,0
29.53,52.31,120,180,467215.01,85,362.24,1
38.87,62.22,121,134,590664.7,150,165.18,1
11.28,33.32,0,3,2597.93,94,402.63,0
17.46,37.08,94,132,222597.21,114,277.26,1
67.53,72.22,0,1,102563.47,93,306.14,2
0.0,33.09,0,2,2728.13,59,148.57,0
8.48,24.57,0,1,88.07,79,53.95,0
90.54,66.5,1,0,5240.98,84,442.76,2
72.94,74.78,1,1,70413.65,90,147.28,2
33.06,65.15,80,176,425415.6,86,266.62,1
39.06,66.75,142,219,142916.03,116,192.38,1
9.05,25.65,1,3,1626.4,81,271.42,0
32.66,32.64,80,156,639455.65,111,250.26,1
0.0,21.22,0,2,1765.39,80,148.04,0
7.28,28.91,2,3,2140.42,77,316.66,0
36.01,62.49,54,132,41890.73,158,316.93,1
58.89,50.34,132,166,380651.93,145,224.88,1
73.14,69.86,2,3,62676.61,107,152.67,2
14.41,64.54,96,177,100401.87,130,158.49,1
10.33,32.71,0,2,1195.0,77,407.83,0
6.36,24.69,0,2,745.11,73,291.79,0
3.19,30.62,1,5,1222.84,79,401.19,0
75.91,73.43,2,1,5043.29,99,358.75,2
9.84,44.26,0,1,890.05,71,318.14,0
34.75,47.07,172,123,6791.08,94,225.35,1
26.39,75.12,145,147,520259.07,123,226.17,1
93.92,68.71,1,0,117723.82,97,291.43,2
10.29,27.38,0,1,45.7,65,316.79,0
54.65,48.39,181,55,21102.76,116,251.68,1
27.0,61.16,113,173,862419.54,108,228.52,1
33.71,50.08,142,119,193713.43,119,177.06,1
4.8,39.0,0,2,2504.59,88,265.36,0
6.47,20.3,1,3,440.49,82,133.7,0
48.55,47.58,98,113,240558.8,97,271.89,1
37.08,54.45,132,289,199027.3,132,311.59,1
3.52,40.04,2,3,1492.08,87,123.8,0
11.91,39.06,1,1,3190.75,89,288.29,0
7.36,23.79,1,1,1375.48,96,193.11,0
2.1,34.6,1,1,1725.78,78,356.33,0
20.09,49.94,129,205,357406.08,90,230.11,1
50.74,60.09,127,207,962830.96,128,114.84,1
59.72,29.45,94,135,298983.73,113,239.49,1
89.55,78.51,1,1,86942.61,95,168.3,2
6.28,25.9,1,4,1040.12,82,232.1,0
41.48,64.71,184,169,763295.25,135,283.42,1
0.0,27.33,1,2,2283.91,85,133.66,0
50.0,83.84,0,1,157855.52,110,221.92,2
0.88,36.06,0,0,764.66,86,412.22,0
33.64,56.34,84,51,567871.45,146,378.66,1
5.24,32.67,0,0,465.87,72,201.08,0
44.2,43.48,138,94,50105.74,116,143.28,1
43.14,41.92,129,100,161135.12,100,167.63,1
42.35,54.05,143,175,286279.25,117,179.44,1
9.52,32.89,0,0,458.34,68,158.99,0
2.37,50.41,0,0,13233.01,95,153.03,0
71.48,55.0,1,3,38963.94,79,355.54,2
5.43,25.49,1,4,1226.35,80,249.34,0
7.5,32.14,2,0,2649.62,91,215.53,0
5.68,20.52,0,0,3591.76,82,213.35,0
86.38,78.6,0,0,91693.97,96,134.21,2
5.84,40.22,2,1,700.76,94,326.4,0
15.65,45.67,75,293,23426.88,125,209.89,1
35.83,53.37,30,119,319977.9,123,276.3,1
45.79,58.66,170,114,1080222.94,138,285.79,1
22.09,59.67,127,119,602335.3,105,278.68,1
11.89,23.07,0,0,2466.84,81,281.14,0
33.04,60.15,65,116,922609.29,123,244.5,1
27.27,41.76,99,104,257451.44,149,355.29,1
63.11,54.36,178,217,677494.68,117,274.79,1
8.05,28.99,3,3,577.47,92,216.03,0
52.51,46.39,82,73,136298.93,124,183.09,1
4.72,35.44,1,2,1396.8,57,165.94,0
5.42,31.06,2,4,1140.08,60,366.36,0
28.39,46.8,86,124,1784819.01,96,248.35,1
13.24,24.82,1,3,2396.82,84,229.41,0
3.76,41.99,0,1,414.87,104,225.67,0
100.0,76.43,1,0,142951.06,88,241.87,2
78.57,62.19,2,0,144053.82,100,279.61,2
6.56,16.22,2,1,191.27,90,217.77,0
92.58,84.12,1,2,48795.54,84,256.68,2
5.09,24.85,1,4,2482.12,65,290.25,0
43.38,65.09,149,150,829637.72,70,191.63,1
8.41,10.0,1,2,5039.01,89,328.9,0
10.0,56.64,73,154,984491.77,136,124.5,1
7.58,38.22,2,2,4804.15,84,123.94,0
38.93,59.4,142,191,347323.84,123,105.34,1
38.8,49.34,171,298,41663.41,149,253.87,1
44.15,65.85,166,233,1440713.95,128,493.32,1
11.74,22.94,1,2,1035.48,105,310.0,0
10.0,58.69,177,101,758665.85,150,227.27,1
7.21,31.3,0,0,502.73,87,328.24,0
10.37,36.99,102,113,646574.32,154,261.12,1
29.95,90.0,36,102,758095.44,131,317.63,1
58.28,51.88,101,119,285507.71,95,380.56,1
50.27,49.09,123,145,484319.16,100,283.41,1
85.25,87.44,3,1,92082.98,98,307.84,2
9.56,29.0,1,2,1068.93,55,206.33,0
12.48,26.23,0,2,2099.84,63,217.32,0
9.34,42.87,3,1,2751.11,83,149.53,0
62.38,58.2,2,3,157247.57,103,114.27,2
4.63,23.48,2,4,618.28,74,404.6,0
98.88,81.93,2,2,25924.28,89,307.86,2
2.67,23.77,0,2,7148.44,94,284.55,0
24.53,37.13,142,67,565009.73,103,456.63,1
22.2,64.42,75,153,137872.88,113,147.61,1
38.11,57.03,30,112,214150.5,91,249.08,1
6.91,39.6,1,1,2700.83,89,240.15,0
23.02,56.43,126,159,234408.85,95,246.16,1
44.02,82.0,113,187,1466299.95,104,299.54,1
54.94,57.82,86,159,84247.29,110,364.61,1
10.45,36.34,4,2,1276.12,88,135.11,0
3.57,29.89,1,1,2948.37,104,208.46,0
39.93,46.95,95,186,117057.99,133,161.06,1
3.65,18.36,1,1,1370.34,60,372.14,0
11.0,18.31,2,1,1900.26,81,232.98,0
32.15,55.37,55,112,278884.57,99,100.46,1
88.48,57.92,1,0,141584.49,92,325.88,2
1.8,24.03,1,4,3866.93,56,303.13,0
2.93,38.66,4,2,98.73,64,302.63,0
39.19,50.32,142,130,93376.33,148,264.76,1
0.0,22.71,1,2,101.08,67,260.9,0
23.84,40.23,134,229,461652.63,98,272.56,1
22.26,67.8,103,136,58080.66,108,116.4,1
68.81,81.64,0,0,13303.68,87,239.03,2
34.94,53.9,121,164,214537.35,120,145.22,1
37.6,56.56,115,98,667671.76,127,74.97,1
60.8,76.37,156,81,229419.28,113,236.42,1
50.15,44.76,115,162,1178409.42,119,156.83,1
26.48,72.22,99,158,37303.94,116,275.64,1
0.06,14.55,0,3,1378.32,58,255.27,0
100.0,97.32,0,0,68210.35,112,199.76,2
76.42,84.58,1,0,1133.12,92,171.89,2
19.09,58.25,103,85,217172.14,158,267.65,1
7.81,43.39,1,2,5020.58,85,341.53,0
37.23,50.76,116,76,2055334.24,129,73.5,1
3.49,34.46,1,4,14.38,40,385.5,0
3.73,27.61,0,2,894.3,72,326.07,0
79.35,85.73,0,1,247302.49,102,296.44,2
7.84,22.61,1,0,384.13,79,245.91,0
10.0,57.29,94,127,231107.18,97,289.71,1
84.35,71.02,1,3,46330.6,104,337.92,2
32.25,46.99,118,32,57679.69,107,260.52,1
54.4,52.91,75,238,330003.96,137,151.88,1
0.21,15.88,1,3,1282.1,97,348.05,0
5.59,27.89,1,3,1036.51,103,351.92,0
92.39,71.86,2,1,134696.09,94,173.77,2
44.09,51.77,167,214,401391.53,125,79.94,1
7.31,22.11,0,0,2791.38,101,253.63,0
97.57,86.2,0,0,179416.02,112,138.13,2
0.0,27.25,1,0,2772.51,54,168.23,0
7.81,32.56,3,3,3028.83,71,241.52,0
62.11,83.02,0,1,64205.78,88,255.25,2
3.2,35.48,0,3,1893.83,66,196.46,0
21.16,64.86,80,219,706473.95,105,365.1,1
32.54,48.14,141,111,477666.47,138,50.0,1
100.0,94.11,1,0,324857.72,99,175.41,2
5.78,26.69,0,1,1045.09,73,180.71,0
10.4,24.17,4,2,1741.12,81,453.69,0
57.08,63.9,69,86,238335.42,112,301.04,1
79.49,70.87,190,96,767964.66,122,271.18,1
56.05,88.18,0,0,163176.75,92,251.31,2
95.94,76.52,0,0,77669.08,116,329.5,2
3.85,39.07,2,4,1077.06,121,151.99,0
4.83,32.88,1,0,926.23,76,291.41,0
2.9,20.11,2,1,1051.76,75,152.89,0
95.5,95.85,1,1,137671.51,103,215.53,2
35.59,53.51,137,85,5000.0,117,246.0,1
7.57,27.4,0,2,3285.26,61,222.06,0
4.17,29.93,1,3,4424.0,64,333.96,0
5.8,30.04,3,3,3176.47,74,405.79,0
5.33,29.88,2,1,1832.75,82,260.71,0
39.99,83.22,101,163,414228.9,110,159.9,1
78.26,79.18,0,2,52558.44,116,273.39,2
34.06,58.3,84,149,1245006.04,96,251.21,1
33.83,42.61,31,249,277023.53,134,259.32,1
78.5,72.22,2,2,81530.15,106,259.27,2
6.87,29.47,0,0,986.58,96,169.66,0
29.9,55.26,167,49,263290.6,157,338.99,1
9.63,54.82,1,1,4415.6,70,74.11,0
10.52,20.37,2,3,8280.16,60,304.28,0
6.44,27.62,2,3,2568.79,65,183.58,0
28.53,56.22,114,166,339061.37,125,223.42,1
51.56,78.9,186,168,205532.01,118,286.05,1
7.16,26.52,1,2,461.88,47,242.74,0
0.0,26.12,2,0,1826.23,58,256.2,0
7.26,17.99,1,3,422.89,95,244.03,0
74.24,57.03,147,192,117591.27,103,228.66,1
30.57,36.64,80,194,154604.96,133,228.13,1
18.71,75.2,178,110,458971.34,168,206.49,1
91.78,70.95,1,1,40476.34,83,208.82,2
2.02,20.89,0,2,465.95,58,211.9,0
3.32,31.18,1,5,426.61,82,155.57,0
1.28,22.14,2,2,702.63,54,145.73,0
100.0,80.66,0,0,9154.96,121,145.04,2
18.06,51.52,148,177,1389723.53,111,210.19,1
47.5,64.47,158,172,362635.33,149,124.75,1
4.24,21.15,0,0,238.0,101,184.71,0
1.55,43.88,2,3,189.79,62,146.25,0
2.75,31.09,0,1,895.52,60,232.6,0
27.68,64.1,134,193,1565069.7,160,263.52,1
75.9,68.13,0,1,153043.14,94,275.78,2
3.85,37.23,2,2,469.97,81,264.29,0
48.09,74.2,126,209,660656.9,103,264.82,1
76.19,76.2,0,2,41529.5,97,201.6,2
88.73,59.64,1,2,40489.32,73,269.44,2
0.0,29.37,1,1,570.3,65,149.12,0
6.71,55.0,1,2,1132.68,99,353.72,0
6.96,33.48,1,1,725.96,94,225.03,0
3.87,33.11,0,3,2338.97,99,213.82,0
96.16,65.9,1,1,41178.07,108,284.69,2
39.36,30.57,158,108,79426.7,155,450.87,1
34.26,51.67,63,174,637647.01,75,247.13,1
16.66,49.58,127,132,54131.75,115,143.11,1
3.04,17.51,1,2,612.51,91,255.22,0
41.78,55.81,159,93,393053.72,134,334.68,1
86.21,80.06,0,1,54117.34,76,177.57,2
8.22,24.25,3,4,3638.85,72,361.28,0
79.68,74.5,2,1,462194.39,124,173.94,2
9.26,18.28,1,1,1356.75,68,131.25,0
2.37,16.09,0,2,3959.01,65,344.64,0
80.95,66.16,1,2,67207.66,99,155.44,2
34.8,46.97,126,196,682229.03,146,112.27,1
49.46,63.51,136,106,148088.23,105,191.45,1
3.88,35.13,1,2,5812.57,80,314.29,0
5.38,29.08,0,1,4256.43,82,266.91,0
67.98,80.36,1,0,35176.08,68,182.95,2
22.61,43.7,106,106,528639.36,169,168.0,1
30.1,53.13,113,141,443871.01,110,304.85,1
15.32,21.65,0,0,301.9,83,390.17,0
48.68,90.0,136,155,159948.4,132,242.73,1
14.71,41.8,124,126,439355.04,87,215.67,1
74.45,76.23,1,2,101896.09,94,147.57,2
12.82,22.11,1,3,132.48,68,136.35,0
4.65,20.48,0,2,1128.13,123,231.57,0
13.3,32.64,0,6,3266.35,75,259.49,0
47.83,48.98,106,146,1058784.24,111,314.15,1
51.56,58.79,148,260,238425.34,109,196.07,1
78.05,72.3,0,1,13276.89,87,211.35,2
8.08,28.92,0,1,3245.21,93,334.06,0
52.54,49.62,118,159,81759.18,119,236.23,1
69.81,80.58,1,1,20123.03,110,251.2,2
43.63,42.18,49,105,94885.3,118,269.45,1
49.37,34.7,138,113,36918.83,129,318.82,1
32.01,69.36,83,165,115772.12,111,260.9,1
0.0,33.22,0,1,5196.91,89,241.27,0
53.97,53.67,108,247,468810.81,140,174.03,1
9.36,41.54,2,0,2632.73,82,192.16,0
5.7,45.72,3,4,1634.43,91,221.94,0
12.12,31.18,1,1,2873.69,99,252.89,0
2.53,21.31,1,1,3496.3,66,235.8,0
56.21,33.32,84,130,111875.8,114,276.84,1
50.0,76.72,2,0,354518.29,88,269.71,2
82.87,78.09,1,2,159320.53,100,343.96,2
56.45,65.81,105,196,1398159.71,109,265.56,1
11.35,33.82,1,5,1133.07,101,147.15,0
4.99,31.3,1,2,244.18,77,264.87,0
50.58,47.41,59,189,140737.66,119,325.21,1
70.11,92.12,0,0,251857.75,74,472.27,2
3.89,38.11,0,1,835.1,87,251.24,0
8.18,38.47,2,0,1760.21,58,293.42,0
46.67,61.14,58,91,184222.83,167,119.52,1
6.34,15.31,0,1,1512.28,78,226.31,0
10.0,73.09,123,190,52055.23,129,172.77,1
6.46,30.13,0,2,174.19,99,168.54,0
5.1,36.28,2,1,506.49,109,348.1,0
50.7,72.91,122,190,397557.5,110,304.86,1
18.3,61.08,54,120,380862.64,143,160.4,1
44.37,51.91,129,68,68175.17,127,361.65,1
9.87,34.15,0,2,3271.18,76,221.28,0
0.0,26.98,0,2,3468.26,77,280.55,0
30.46,42.37,93,116,249603.2,118,275.17,1
7.96,33.51,0,1,532.29,71,436.04,0
11.12,46.75,89,166,311920.33,112,436.79,1
8.17,27.55,1,0,1936.37,63,328.46,0
77.08,86.6,0,0,77944.35,104,157.04,2
0.0,31.55,0,2,465.67,74,343.42,0
5.18,19.41,1,4,1374.55,84,151.02,0
9.63,46.3,0,1,3646.14,103,426.27,0
6.92,28.92,1,2,1502.49,79,338.35,0
74.09,59.81,0,3,10742.01,80,370.2,2
52.81,66.85,136,258,477648.97,145,400.24,1
33.63,52.82,86,154,241608.91,116,125.88,1
42.82,54.43,118,172,1610103.07,131,259.19,1
16.89,57.38,168,152,1606565.57,154,120.73,1
42.28,73.37,87,215,160777.01,122,248.22,1
82.12,55.0,2,1,162573.16,60,272.77,2
5.62,34.61,3,2,407.0,73,139.13,0
42.19,82.66,52,163,2578827.49,141,413.95,1
8.07,20.16,0,3,1394.07,63,221.07,0
10.37,26.32,2,0,3128.62,86,201.8,0
8.36,11.96,0,2,196.16,93,267.92,0
7.68,29.16,0,2,3349.46,66,216.98,0
1.66,27.69,0,2,5143.42,76,281.8,0
0.0,10.0,2,1,802.12,55,287.04,0
43.79,53.52,122,161,305353.75,148,323.9,1
38.31,69.09,84,45,6788.87,125,296.94,1
4.14,29.24,0,0,303.29,99,250.49,0
7.44,19.36,0,4,1091.73,61,90.83,0
54.02,36.29,126,125,154635.0,108,215.28,1
78.49,81.57,2,0,121465.93,103,142.98,2
0.57,31.58,1,0,1158.37,84,151.49,0
56.99,56.69,66,175,662871.99,133,186.02,1
5.86,43.79,0,3,4873.18,83,303.04,0
9.01,36.36,1,0,2879.36,67,123.81,0
73.45,48.81,103,194,61793.75,147,231.77,1
8.55,42.85,1,2,441.89,88,165.87,0
10.0,44.67,98,188,280924.49,137,182.19,1
17.66,29.14,0,0,5942.83,104,253.68,0
7.64,40.83,0,0,2534.47,53,294.91,0
84.3,89.39,0,3,257232.4,99,296.73,2
37.76,73.82,160,196,1607266.13,135,153.86,1
6.12,33.24,1,5,527.79,74,216.93,0
87.97,82.01,0,0,100692.53,104,128.22,2
26.09,56.53,166,212,59230.49,128,143.91,1
2.22,28.52,0,2,1232.42,88,363.49,0
10.0,39.12,99,142,494718.9,147,245.15,1
5.11,23.55,1,0,306.71,73,229.93,0
7.86,34.84,0,1,642.9,94,239.55,0
0.0,28.36,2,4,4902.3,84,375.52,0
43.01,72.91,159,101,615498.6,105,203.5,1
14.54,39.52,122,213,723204.87,103,266.08,1
89.37,79.32,1,3,5386.96,115,227.06,2
53.24,78.38,76,197,26433.58,139,158.66,1
18.31,43.59,30,188,258742.85,122,164.36,1
10.0,71.38,184,158,623628.2,105,222.55,1
26.73,66.46,57,150,402913.24,81,367.05,1
9.45,24.57,2,3,899.18,88,168.56,0
26.78,55.26,138,75,84726.26,124,207.11,1
41.62,50.87,208,143,321118.04,133,220.05,1
30.87,59.25,100,188,614152.79,126,228.25,1
8.81,25.51,3,2,2387.27,93,286.0,0
56.73,46.69,78,68,409314.32,137,353.22,1
77.85,68.8,2,1,82808.2,86,244.51,2
74.54,92.89,1,3,50929.7,121,114.12,2
100.0,65.68,1,3,212379.26,100,377.74,2
1.86,38.88,0,1,1709.67,60,415.91,0
66.34,62.52,0,0,31397.96,89,371.69,2
6.27,31.12,0,3,3152.76,88,203.16,0
70.11,87.79,0,1,2315.27,69,197.27,2
34.76,37.85,131,200,99813.57,113,254.75,1
38.01,64.79,77,172,264826.33,129,283.26,1
1.14,43.09,1,2,560.56,114,278.23,0
0.48,23.61,2,5,8963.19,79,364.1,0
44.52,37.54,82,134,659842.59,125,280.73,1
28.68,39.98,109,111,1087135.93,130,248.28,1
100.0,82.6,3,0,37115.93,74,309.84,2
69.29,71.39,1,0,26955.21,80,282.95,2
44.8,52.87,137,127,201582.21,131,303.31,1
6.12,34.43,1,2,1891.13,95,259.93,0
71.84,86.9,0,1,83160.48,124,329.59,2
23.77,48.2,137,101,122315.4,125,268.69,1
1.06,36.25,2,0,64.91,78,348.96,0
9.0,30.93,0,2,5517.58,107,251.3,0
53.03,60.48,125,140,16542.05,117,265.19,1
43.26,51.74,85,167,810868.02,133,250.23,1
9.91,27.26,0,0,1222.37,57,308.82,0
6.13,34.62,1,1,1213.93,70,325.41,0
100.0,79.01,1,1,132811.95,84,116.2,2
9.16,25.0,1,1,1856.63,83,242.92,0
10.0,52.09,97,111,558719.61,116,278.49,1
42.42,59.24,66,43,1493487.02,132,275.03,1
10.82,41.26,2,5,1282.72,80,312.38,0
70.46,63.76,144,197,342627.77,128,266.88,1
45.2,40.6,192,217,437784.34,109,105.05,1
50.13,52.9,141,148,423782.4,131,237.64,1
12.01,35.13,0,3,1899.26,78,243.09,0
4.15,27.58,0,4,1158.72,75,178.77,0
22.19,44.0,108,185,148793.03,91,266.22,1
31.27,49.3,78,166,210453.77,124,218.62,1
25.6,65.19,129,212,403054.35,106,277.05,1
72.96,89.25,0,1,33234.3,98,227.21,2
13.14,34.99,0,1,2574.22,76,304.31,0
4.38,25.15,0,1,2740.2,81,308.58,0
4.84,42.63,0,0,1533.88,93,200.27,0
69.97,73.5,0,1,256890.42,93,365.57,2
6.05,28.1,1,3,3500.32,72,202.6,0
46.21,73.13,148,104,661027.96,128,187.66,1
1.97,31.44,0,2,2574.5,61,354.55,0
68.53,90.52,1,1,158.97,74,269.24,2
4.21,34.25,1,5,2118.06,101,262.38,0
11.2,46.4,159,158,125361.15,104,311.35,1
8.51,43.2,1,1,259.94,65,175.43,0
43.09,62.0,110,135,808933.22,95,269.38,1
73.12,60.75,2,2,59504.04,101,219.24,2
58.17,68.63,123,140,130568.53,117,248.65,1
5.82,37.41,0,3,800.33,103,284.47,0
15.3,17.18,0,4,1855.93,96,179.68,0
8.76,31.63,1,0,3036.84,57,50.0,0
0.0,29.56,3,2,542.88,79,348.33,0
29.11,58.51,152,79,128021.0,122,295.45,1
12.0,39.72,1,0,3345.45,91,290.96,0
4.26,21.36,3,5,557.21,78,350.46,0
22.02,53.14,123,159,2133169.27,117,316.04,1
69.92,79.64,0,0,49043.87,99,163.43,2
43.28,77.35,92,209,142370.31,132,234.21,1
38.55,43.17,166,96,356640.7,95,200.6,1
6.85,24.23,3,2,52.08,79,229.36,0
32.79,40.82,88,173,438135.85,70,198.22,1
82.21,66.98,0,2,14679.06,101,232.06,2
61.02,65.68,1,0,109092.73,114,158.11,2
21.37,66.76,131,133,64909.76,117,471.61,1
8.9,39.06,1,1,279.72,93,148.31,0
28.69,64.13,30,164,29128.5,119,169.63,1
5.24,35.29,1,3,21.14,73,301.01,0
61.39,34.52,175,142,1002175.22,156,279.2,1
31.27,70.99,162,65,5000.0,107,264.91,1
10.08,24.45,2,1,936.98,80,306.28,0
10.0,75.19,175,162,453315.34,121,135.02,1
8.33,35.16,0,5,157.35,78,182.98,0
5.43,34.81,1,1,1041.74,77,288.42,0
24.98,49.55,90,121,501513.18,112,243.43,1
14.0,49.39,179,72,480547.46,126,318.76,1
58.76,59.45,156,212,22061.68,104,379.43,1
42.82,66.79,97,133,60820.03,115,200.55,1
95.51,62.41,0,1,104224.92,121,149.78,2
100.0,64.75,2,0,177462.92,110,230.69,2
40.99,47.11,107,195,124221.7,135,191.69,1
91.06,70.93,0,1,85031.14,82,204.23,2
73.15,84.52,0,2,3178.84,100,242.31,2
2.82,24.04,0,5,1360.77,52,157.71,0
49.96,57.47,234,158,1425910.63,148,253.39,1
0.0,34.76,2,2,1012.28,102,264.44,0
26.2,66.35,116,119,185851.71,111,327.92,1
38.99,46.63,104,160,1868703.42,108,142.05,1
13.69,62.57,150,109,389612.65,145,124.4,1
9.72,32.02,1,0,1359.41,78,93.78,0
5.95,33.41,0,0,5759.09,87,199.29,0
4.17,19.4,1,6,874.83,88,312.47,0
91.2,87.82,1,1,2528.87,81,272.11,2
4.59,25.15,1,2,1780.26,85,297.32,0
83.58,74.29,1,1,183416.11,84,322.5,2
36.76,44.94,91,115,461668.34,130,202.58,1
69.56,61.89,0,1,29700.67,106,279.9,2
10.32,31.76,1,0,2971.54,45,341.3,0
3.1,34.97,5,1,3513.53,72,206.69,0
16.95,80.59,149,120,23586.9,123,120.65,1
56.72,54.93,105,140,1167879.9,122,257.71,1
12.63,25.28,0,1,290.34,66,380.65,0
37.76,52.55,81,68,266839.66,124,301.54,1
18.88,50.29,65,188,1465985.02,106,271.71,1
0.0,36.72,0,1,7581.72,51,215.28,0
7.62,28.58,2,3,697.8,89,220.66,0
93.95,72.94,2,0,28308.86,75,273.44,2
5.22,22.29,2,3,1133.99,93,157.81,0
5.22,26.42,0,3,1149.4,85,191.56,0
29.1,47.83,177,85,702357.97,107,212.25,1
69.83,78.17,1,0,81701.55,86,221.67,2
7.0,33.03,1,5,2284.74,61,117.62,0
66.61,88.03,1,1,178426.49,90,254.72,2
73.27,85.39,2,3,29054.36,111,215.81,2
5.56,29.76,0,2,1414.67,75,156.44,0
9.29,21.35,0,2,3337.41,94,253.61,0
91.63,63.0,2,0,177108.98,90,234.86,2
0.0,37.41,3,2,1822.91,72,341.69,0
2.93,27.47,1,1,9904.63,81,275.88,0
12.88,18.88,3,3,1520.29,53,422.85,0
1.59,26.42,1,3,1343.7,91,146.01,0
100.0,64.29,0,1,69157.11,86,297.85,2
0.66,33.62,0,1,1613.66,88,248.5,0
56.67,37.61,127,194,634383.74,120,165.56,1
7.35,33.73,0,4,687.18,69,368.86,0
41.83,48.8,35,114,16145.87,138,218.69,1
81.79,75.18,2,2,129106.47,92,282.46,2
30.51,47.5,123,70,35163.45,138,249.31,1
45.75,51.89,68,134,45552.06,116,333.98,1
21.31,44.72,40,219,39718.34,81,247.69,1
6.94,45.93,1,3,303.22,70,290.74,0
31.47,75.21,129,130,130006.01,123,132.21,1
76.14,67.95,1,0,56747.36,85,296.77,2
97.72,73.16,1,1,41815.35,89,431.35,2
5.58,20.37,0,3,490.63,88,329.08,0
84.18,98.0,2,2,169720.19,105,279.24,2
4.61,16.46,0,2,1256.44,70,241.41,0
5.65,44.25,1,3,2001.55,70,229.53,0
12.97,56.96,72,181,86051.42,127,165.47,1
4.81,28.65,4,4,1565.66,90,320.78,0
7.92,40.32,1,3,1293.59,86,264.02,0
73.61,68.67,1,1,77225.16,99,195.69,2
3.03,21.13,2,4,686.62,70,360.92,0
35.39,66.33,115,135,433226.78,116,182.97,1
19.54,69.28,121,272,133365.69,108,78.43,1
31.12,55.76,105,117,76048.21,88,250.83,1
8.48,32.16,1,1,189.27,105,87.72,0
55.82,72.91,1,1,270005.86,105,197.93,2
9.17,38.39,1,3,1654.74,87,229.65,0
65.33,84.63,2,2,52857.03,113,231.15,2
53.64,73.18,164,61,254368.71,153,419.96,1
3.48,44.5,1,3,10270.31,87,372.68,0
87.12,83.3,1,0,88698.44,87,303.86,2
41.73,60.47,70,119,174139.09,107,210.15,1
6.16,27.6,0,3,640.79,82,239.39,0
93.43,84.83,1,1,120709.96,98,246.71,2
42.16,47.26,78,94,1147177.3,129,408.23,1
9.36,34.87,1,2,1373.86,88,197.93,0
41.79,74.51,80,190,283188.9,104,370.44,1
19.94,44.38,133,229,12677.53,111,225.98,1
9.22,16.79,3,4,696.48,83,288.68,0
13.74,41.3,2,2,874.76,92,314.65,0
36.24,62.18,138,115,1844694.67,116,146.34,1
98.59,87.83,1,0,24947.83,83,50.0,2
2.76,37.55,1,2,2463.82,95,187.2,0
39.17,51.25,84,171,384885.73,123,176.09,1
69.06,72.19,2,0,256062.9,97,234.33,2
44.42,81.36,72,103,2096713.83,123,167.92,1
7.24,26.91,0,2,2184.07,74,214.48,0
54.07,50.62,171,190,1052523.4,123,148.61,1
63.36,71.19,97,184,779160.58,128,310.87,1
8.81,20.7,0,3,79.48,82,272.95,0
39.08,70.66,104,128,170325.55,121,326.69,1
50.0,87.19,2,0,13211.95,110,151.07,2
69.49,74.43,0,0,13324.29,81,179.91,2
12.31,48.63,206,80,232054.63,106,210.96,1
80.12,60.1,0,0,244741.59,76,225.3,2
2.28,36.84,0,1,192.07,104,256.56,0
3.35,29.66,1,3,630.88,85,297.67,0
44.28,33.92,94,53,785384.77,111,234.52,1
4.98,42.93,0,3,105.26,105,249.1,0
33.21,46.31,105,158,823890.52,104,241.12,1
28.66,58.12,66,197,104284.55,115,138.59,1
5.32,31.74,1,2,1556.04,53,250.85,0
33.28,66.78,132,92,373798.76,109,218.59,1
11.23,32.77,1,2,317.44,75,197.04,0
10.71,38.49,1,2,338.22,61,246.11,0
2.54,34.71,0,0,209.23,78,314.4,0
0.0,36.7,1,1,25.65,77,197.02,0
33.5,54.07,131,83,37393.18,134,259.13,1
48.84,63.03,126,121,66938.85,101,196.82,1
50.4,52.38,134,142,310867.53,171,307.38,1
33.71,71.39,108,144,332514.76,112,210.51,1
41.75,73.5,118,188,473605.29,131,123.37,1
10.94,56.56,94,70,80123.55,89,252.61,1
9.24,27.77,1,2,858.46,100,218.23,0
32.5,48.65,102,149,904095.51,117,292.74,1
47.63,64.69,98,168,268488.1,110,328.84,1
26.52,41.82,30,179,26355.47,108,77.18,1
15.53,33.06,1,0,2734.19,83,278.76,0
6.31,35.34,1,0,4042.11,67,315.01,0
8.88,29.47,2,2,112.27,84,358.24,0
26.71,48.81,153,187,81234.49,102,123.42,1
79.91,91.11,1,0,60043.16,121,227.75,2
12.91,27.35,0,1,8230.26,87,367.45,0
41.47,72.28,122,225,101852.12,75,355.76,1
10.32,29.49,0,4,2768.72,94,382.56,0
9.34,19.1,0,2,189.05,70,372.15,0
3.41,23.41,0,2,1911.67,74,192.29,0
18.32,62.04,75,180,412242.89,132,356.99,1
23.51,43.8,125,132,108924.75,95,233.68,1
40.79,43.54,127,237,5061.78,137,180.86,1
0.63,22.8,1,1,480.37,113,133.73,0
54.31,54.18,143,167,960359.36,132,313.59,1
21.33,40.73,94,159,34126.14,121,229.48,1
62.33,48.63,191,147,235861.17,126,274.45,1
76.92,61.47,0,1,2285.85,117,351.97,2
13.86,24.25,2,2,438.1,51,177.31,0
6.94,27.62,2,2,672.38,44,245.86,0
86.2,73.8,1,2,55224.07,99,311.43,2
51.66,69.64,131,198,270226.38,129,244.9,1
31.4,43.29,128,222,1510776.11,141,265.41,1
69.17,70.33,0,0,456963.27,97,261.68,2
56.16,43.67,128,141,929734.76,116,417.35,1
88.8,78.13,2,1,235369.39,113,100.99,2
78.3,55.0,1,1,7687.22,114,319.39,2
27.59,58.05,135,263,84174.94,132,205.33,1
9.55,33.04,2,1,1909.84,69,236.36,0
69.92,81.59,0,0,73469.82,105,207.86,2
9.88,30.59,0,2,57.75,67,260.95,0
1.99,26.95,1,2,4923.3,67,185.39,0
2.87,42.37,3,1,2345.63,56,184.15,0
10.0,48.89,122,145,135475.73,119,240.04,1
4.59,27.93,1,1,1359.38,91,308.69,0
94.86,83.09,0,1,59433.54,85,125.93,2
40.08,31.18,77,180,862697.15,113,376.53,1
48.38,26.72,114,157,18421.36,111,237.97,1
66.93,80.58,0,1,63925.94,100,308.06,2
6.97,21.98,0,1,449.86,87,252.08,0
9.07,26.42,1,0,360.09,70,277.05,0
28.66,61.21,47,91,398654.08,111,314.37,1
4.96,37.26,0,2,1733.65,61,266.59,0
6.02,33.51,0,1,6490.32,66,135.05,0
6.33,22.09,2,3,65.86,94,179.18,0
42.39,76.37,129,140,533853.69,115,253.52,1
44.63,50.77,167,161,479065.26,101,330.57,1
19.56,43.93,73,22,93509.63,132,264.67,1
6.06,16.55,0,4,1215.39,94,215.73,0
27.09,42.64,97,151,590151.33,124,254.93,1
22.99,52.72,78,200,668838.06,114,259.68,1
0.0,38.69,1,3,3934.1,62,268.92,0
10.71,30.92,0,3,422.38,84,139.72,0
22.9,32.48,121,178,307075.72,108,138.49,1
5.02,35.72,1,5,2702.35,92,324.23,0
11.7,57.29,137,40,12999.45,97,196.8,1
41.75,60.48,40,162,97932.68,136,313.53,1
16.86,62.04,166,195,1573863.65,81,245.18,1
18.52,69.72,33,269,628803.51,117,145.65,1
3.77,39.99,2,3,755.8,61,334.98,0
5.71,26.33,1,2,2152.72,86,281.19,0
35.01,51.24,85,167,57950.33,130,178.27,1
47.1,69.22,55,100,146967.55,99,178.19,1
10.86,40.27,1,4,1074.9,86,403.72,0
31.38,77.23,95,117,295241.56,157,270.09,1
31.39,60.03,120,102,137251.95,107,261.49,1
7.92,17.53,0,0,1400.49,104,134.75,0
14.91,70.59,30,107,208906.35,114,202.92,1
57.53,76.99,1,0,19220.65,80,204.32,2
73.21,69.81,1,2,69368.93,102,260.54,2
0.0,13.63,2,4,2203.95,59,360.7,0
36.48,52.81,136,152,100225.91,153,245.29,1
2.32,25.8,0,2,2555.9,91,270.78,0
5.26,31.56,2,5,493.64,87,129.83,0
0.0,32.51,1,4,100.93,83,183.33,0
52.17,46.24,109,172,496764.6,92,277.03,1
82.21,55.2,0,1,118915.34,86,272.99,2
8.64,36.11,0,2,65.58,64,69.32,0
32.07,42.24,147,137,393313.16,132,247.13,1
9.38,41.69,1,4,1241.73,78,302.42,0
4.53,28.19,2,1,2659.8,57,248.69,0
7.0,42.37,1,3,1494.69,111,413.75,0
7.02,17.32,0,2,574.02,86,312.21,0
6.97,34.34,0,3,348.73,88,310.62,0
37.01,57.96,113,179,426237.29,110,197.22,1
23.29,52.41,103,219,126109.62,159,240.78,1
37.5,56.93,83,257,255402.56,106,157.34,1
0.0,25.77,0,3,1876.42,64,268.88,0
2.07,25.86,0,1,291.57,58,162.96,0
28.06,72.14,68,169,1103095.22,148,185.82,1
25.63,75.01,117,204,1133534.85,116,182.36,1
6.86,28.35,0,0,559.39,71,454.78,0
3.69,15.45,1,1,1663.88,78,317.41,0
6.21,28.47,0,6,1393.73,101,341.67,0
92.12,75.44,3,3,96947.67,88,263.29,2
80.52,71.36,1,0,247610.97,81,286.57,2
5.56,33.43,2,2,3636.57,80,221.58,0
34.6,45.48,95,136,370605.88,136,307.84,1
7.79,28.75,1,1,1824.3,58,216.36,0
34.49,42.1,80,188,269635.94,105,274.75,1
51.53,40.59,137,120,5000.0,159,338.17,1
52.57,33.49,107,94,615568.35,92,408.0,1
1.85,23.82,1,1,2219.85,94,125.25,0
7.41,42.42,2,1,866.09,59,279.94,0
9.22,28.9,1,0,1605.78,90,334.53,0
65.55,51.19,97,214,226053.5,101,224.66,1
14.09,30.04,2,2,381.82,73,247.1,0
4.17,34.31,1,2,119.02,84,238.6,0
28.94,53.35,79,239,97163.02,107,328.59,1
28.79,74.28,155,160,43269.88,113,245.62,1
31.06,51.53,128,129,296205.53,123,404.91,1
9.93,40.71,2,0,52.82,97,185.06,0
11.24,12.46,1,0,2912.0,80,200.79,0
87.58,81.8,1,2,10138.3,98,246.33,2
22.67,59.77,111,146,367232.51,127,221.7,1
12.14,33.07,1,2,849.67,94,259.39,0
4.34,24.43,2,3,69.19,95,284.61,0
50.0,67.29,2,2,70169.75,108,257.03,2
20.64,57.7,163,250,96492.58,133,215.66,1
5.28,29.61,1,2,1027.92,51,279.66,0
57.88,38.57,137,150,1188074.91,144,351.29,1
82.88,88.89,2,3,116892.99,105,280.7,2
60.27,79.46,0,0,80230.97,95,227.88,2
52.45,58.99,103,181,223299.52,127,219.18,1
63.17,72.97,0,1,29739.42,97,240.48,2
85.93,65.43,3,1,205295.15,104,370.41,2
70.29,78.6,2,1,147115.25,121,118.57,2
50.13,45.25,75,141,1660990.67,105,149.12,1
9.87,29.22,1,1,996.19,101,202.08,0
7.02,37.27,4,3,3410.79,83,231.22,0
42.65,74.36,108,148,67084.48,161,437.5,1
9.87,29.21,0,0,1518.97,81,404.86,0
31.78,74.65,135,207,325565.74,156,290.74,1
5.04,36.36,1,3,3595.53,93,196.11,0
4.1,25.41,1,3,1897.97,80,253.52,0
88.64,55.0,1,1,8004.81,105,345.82,2
5.5,34.21,0,2,327.4,81,176.78,0
33.39,49.38,121,134,414305.9,115,302.11,1
19.42,63.95,154,126,1309422.6,101,352.67,1
0.0,36.36,1,2,6008.05,51,320.71,0
38.64,56.76,65,120,742180.21,70,180.35,1
29.5,76.66,89,147,604953.12,117,232.67,1
85.77,93.23,1,1,49542.5,127,209.18,2
81.92,73.64,1,0,24.16,103,180.37,2
20.73,56.86,78,84,568980.93,118,187.71,1
27.74,53.72,154,198,809913.61,122,238.95,1
0.0,35.75,1,6,5912.91,83,281.32,0
7.52,32.42,0,0,2326.48,80,141.28,0
4.01,27.74,0,1,1537.97,68,189.34,0
63.92,69.23,3,2,27937.24,110,271.71,2
68.88,64.98,1,0,65259.13,122,189.44,2
55.25,82.42,1,2,122145.29,93,207.16,2
1.14,21.19,1,2,296.55,101,271.73,0
13.11,37.78,4,2,2013.02,66,385.53,0
0.0,31.75,0,0,801.18,72,105.69,0
7.65,23.59,0,3,1723.41,80,342.66,0
76.6,62.17,3,0,144784.49,111,255.98,2
39.18,67.48,30,187,1239689.93,72,381.97,1
13.84,37.5,0,6,650.35,95,161.89,0
73.03,67.98,1,3,2598.15,105,172.2,2
5.89,21.21,2,2,3123.88,63,265.06,0
31.26,58.35,110,203,209474.63,121,241.97,1
9.39,29.77,0,2,8045.3,109,248.55,0
5.33,44.19,1,2,263.8,97,245.01,0
28.99,57.65,119,84,2620462.44,140,220.28,1
3.02,18.79,0,3,434.35,71,248.6,0
24.32,52.91,135,286,47949.43,142,262.76,1
5.54,25.52,0,0,1140.5,64,246.73,0
36.78,52.39,152,107,276033.13,112,234.13,1
1.31,27.77,0,3,61.81,86,465.02,0
10.0,63.77,59,149,191936.93,122,320.97,1
25.05,40.8,181,99,6236.91,124,155.32,1
99.8,78.18,2,2,134688.63,96,190.12,2
0.69,32.4,0,0,440.0,81,257.87,0
0.0,29.05,1,2,3055.21,67,243.96,0
6.68,38.12,2,1,4655.41,75,157.15,0
49.45,48.73,135,70,27332.68,126,349.71,1
9.1,27.78,1,1,1512.55,57,358.59,0
73.27,61.62,2,2,57106.67,123,239.85,2
44.09,53.23,145,164,318938.75,125,427.88,1
1.01,32.59,1,0,796.07,99,106.75,0
13.75,27.48,0,2,482.42,91,327.86,0
28.39,34.99,68,115,205145.81,160,152.02,1
4.95,39.17,1,3,5805.38,84,219.02,0
25.9,56.43,97,118,101334.4,86,329.67,1
58.36,83.02,2,1,176150.14,111,270.91,2
0.0,35.73,2,4,151.42,104,239.42,0
39.17,46.66,234,160,675150.75,136,112.96,1
94.11,86.51,1,2,10815.93,101,245.94,2
100.0,94.23,4,1,13129.13,105,239.45,2
80.13,73.48,0,0,113461.65,115,287.07,2
8.26,29.79,1,7,2493.06,76,326.73,0
2.44,24.26,0,1,1704.32,77,223.95,0
7.18,36.06,1,1,489.27,78,231.72,0
55.82,49.01,110,104,262569.4,141,181.97,1
6.04,28.94,0,1,1296.11,55,221.61,0
9.95,39.57,0,0,3299.21,78,266.42,0
6.26,35.5,1,3,16574.89,81,223.88,0
55.26,61.89,0,1,4793.36,106,157.93,2
38.08,62.69,150,136,426122.46,102,316.88,1
9.0,22.85,1,0,3937.5,99,230.53,0
9.11,23.75,0,2,2993.35,98,227.72,0
100.0,74.65,2,2,1265.1,105,252.5,2
80.52,80.23,0,1,6138.63,91,299.48,2
14.31,33.25,1,2,108.35,82,174.02,0
10.0,55.67,99,160,167025.02,139,149.37,1
7.66,32.58,2,1,866.92,73,326.7,0
25.33,55.31,105,165,717766.71,116,383.45,1
84.93,57.46,0,1,126049.32,108,204.74,2
73.54,77.98,2,1,38780.53,106,266.26,2
37.88,61.8,78,113,793160.45,84,212.16,1
2.64,29.86,2,2,2583.52,92,171.19,0
30.63,72.07,208,169,1280223.55,122,241.0,1
7.56,24.74,0,3,2428.23,98,287.35,0
48.81,36.93,122,114,839685.0,119,277.46,1
71.25,68.17,0,1,222117.73,85,298.94,2
20.62,57.0,107,141,479661.76,80,299.21,1
6.85,32.96,0,4,270.01,65,244.57,0
27.53,75.58,102,133,1511414.97,131,267.61,1
31.72,65.83,126,286,645600.02,112,340.12,1
74.44,63.81,2,2,234074.78,89,179.67,2
10.93,34.64,0,2,1723.93,88,384.12,0
34.23,66.63,74,80,44934.94,135,298.92,1
3.31,41.96,0,4,2140.28,77,230.17,0
47.5,62.97,30,171,499897.08,70,220.92,1
0.0,36.51,3,2,2472.46,93,406.8,0
0.0,21.15,1,2,197.26,83,218.4,0
7.14,41.1,3,3,712.08,85,78.27,0
50.82,63.83,73,139,137168.66,114,229.7,1
10.73,27.5,1,4,60.66,63,365.45,0
33.09,64.8,79,237,167986.77,116,209.46,1
20.26,45.9,137,119,160875.93,126,324.49,1
54.53,54.98,85,86,133406.2,99,128.25,1
37.04,36.27,83,172,479165.59,86,322.24,1
76.78,71.65,0,2,243269.49,112,250.65,2
17.69,59.5,134,156,3339233.42,131,211.94,1
5.75,20.14,0,2,1199.43,100,287.04,0
54.49,66.24,111,112,651798.01,82,195.89,1
66.13,71.07,1,0,48541.38,115,215.38,2
35.52,48.76,190,171,584285.29,121,318.45,1
79.86,74.28,0,2,90349.92,88,191.57,2
6.0,28.8,0,2,6261.56,76,139.78,0
65.41,37.91,167,96,875978.19,140,304.08,1
2.37,27.06,1,4,183.2,56,403.5,0
2.62,32.71,0,1,3372.34,75,125.25,0
6.08,30.31,1,0,2129.91,91,281.02,0
58.68,75.74,106,71,340202.74,99,239.47,1
80.69,71.78,1,0,14144.21,96,243.91,2
23.81,43.76,88,135,158207.62,109,185.02,1
6.58,26.27,3,3,4630.85,77,238.63,0
27.5,56.43,150,156,990333.56,125,164.77,1
10.0,47.48,110,109,408125.24,118,283.14,1
37.22,52.89,105,161,695431.01,154,388.11,1
22.79,54.89,104,171,190696.01,138,292.97,1
47.21,62.89,106,120,199407.94,76,231.06,1
50.6,81.97,58,192,1814004.83,126,181.61,1
6.45,39.08,0,4,534.91,64,251.42,0
35.6,64.19,129,212,223169.76,128,263.7,1
54.01,45.68,142,57,233076.89,113,256.0,1
8.23,34.13,1,2,473.2,56,383.48,0
2.76,27.16,0,2,1248.39,85,296.66,0
10.0,68.88,170,115,689255.52,143,266.71,1
73.89,86.99,2,1,262738.28,89,447.37,2
8.7,34.06,0,6,1707.05,93,231.76,0
41.22,45.56,174,185,423358.15,86,272.69,1
7.06,37.7,3,1,8.04,117,348.54,0
62.33,57.52,1,1,175100.36,107,317.98,2
72.07,82.72,0,1,222218.67,116,220.49,2
4.43,41.0,0,3,603.22,67,191.79,0
46.67,41.03,30,194,96041.19,104,330.56,1
20.58,59.3,148,81,24305.7,127,237.0,1
35.25,53.62,138,114,1032016.94,162,244.08,1
43.86,55.63,155,172,678580.59,135,290.63,1
48.39,45.73,160,202,403483.04,121,237.22,1
51.8,41.17,148,194,248547.05,141,411.58,1
4.32,26.79,1,0,2089.51,59,210.03,0
36.49,50.03,57,194,102614.11,106,235.28,1
59.78,76.61,1,0,79169.56,117,242.47,2
75.56,76.81,3,1,133808.56,87,268.34,2
4.13,39.82,5,3,2392.25,87,244.68,0
3.09,10.0,0,0,1592.42,66,301.52,0
66.68,57.81,145,57,88102.94,133,227.78,1
20.63,68.22,142,117,1029343.3,114,386.56,1
18.82,52.03,59,160,975135.97,86,237.18,1
67.24,72.16,0,0,475072.88,116,211.9,2
7.31,20.51,0,2,4317.43,110,207.27,0
27.96,63.37,112,158,123788.27,131,351.81,1
64.72,85.58,1,1,39716.26,97,338.18,2
38.93,68.63,78,149,104082.33,124,264.62,1
69.04,65.24,0,0,480245.99,82,303.78,2
5.97,30.23,1,2,3170.56,71,211.35,0
10.0,26.88,82,207,152373.39,101,218.72,1
61.1,62.7,0,0,23405.98,94,127.29,2
88.65,83.31,0,0,2102.65,95,206.61,2
7.67,32.99,0,1,423.91,57,209.64,0
74.62,98.0,0,0,78412.18,97,259.17,2
1.93,29.67,1,2,860.51,93,314.61,0
4.51,21.09,2,0,5847.67,99,320.04,0
10.0,64.01,153,174,256503.14,79,135.04,1
4.48,23.51,3,0,2228.32,75,262.36,0
39.5,49.86,131,177,533946.55,121,353.67,1
12.51,32.69,1,3,302.24,46,253.88,0
18.96,52.87,269,238,209534.59,129,210.28,1
5.75,24.87,1,0,1159.4,66,209.47,0
49.33,51.03,154,227,3829921.63,125,223.93,1
25.66,51.62,90,63,651423.83,133,244.57,1
10.0,44.76,108,204,91556.74,105,99.05,1
1.68,26.12,0,4,1780.16,64,139.35,0
52.4,66.22,103,126,603270.74,119,217.31,1
36.61,50.51,112,107,31930.36,95,93.9,1
0.0,31.15,1,1,3931.24,81,236.26,0
87.7,68.46,3,0,146021.83,90,317.11,2
33.22,54.77,132,194,76084.57,131,208.71,1
77.31,76.76,2,0,84492.63,97,250.05,2
74.23,81.32,1,3,58243.63,75,180.27,2
78.85,82.28,3,2,27432.76,92,274.15,2
1.75,32.95,0,0,1180.63,87,248.36,0
2.29,20.63,1,2,432.66,54,232.12,0
16.93,36.57,124,165,1102338.47,109,196.31,1
67.46,68.5,2,1,187138.22,89,427.72,2
0.0,26.5,0,3,5170.01,98,94.06,0
41.09,49.1,136,144,149462.71,98,270.18,1
8.98,48.3,1,0,3571.6,65,305.42,0
44.29,25.0,116,110,170065.56,106,205.63,1
6.21,14.93,0,1,4850.18,101,160.64,0
1.35,36.11,1,0,829.77,86,219.18,0
47.99,40.84,101,169,324586.7,109,149.93,1
10.0,38.42,110,233,852447.02,131,349.67,1
51.08,69.2,115,123,84259.46,101,124.31,1
3.75,40.83,0,2,1284.54,94,306.28,0
10.07,47.84,83,208,277540.66,109,342.3,1
44.41,70.41,138,166,1311521.52,106,180.13,1
30.58,62.2,136,56,539718.71,150,220.81,1
47.75,60.25,65,87,19743.47,119,275.52,1
48.51,70.78,75,90,418001.35,126,264.65,1
0.62,31.92,0,2,96.55,81,188.87,0
6.88,33.69,0,3,1458.4,45,237.48,0
64.86,77.78,1,1,19572.88,87,300.2,2
3.57,24.19,3,0,2103.44,107,107.1,0
6.43,29.45,1,3,604.31,72,161.88,0
51.86,58.87,92,90,185060.18,120,227.41,1
8.16,31.52,2,2,5468.27,87,349.07,0
27.54,63.09,121,143,1085455.08,127,232.47,1
27.25,57.14,109,128,306852.9,121,287.47,1
2.69,32.65,0,2,245.12,67,163.43,0
9.15,44.78,2,5,3654.5,83,295.84,0
7.32,41.34,1,1,2868.78,77,168.48,0
10.0,32.79,158,135,539030.0,114,359.47,1
5.62,23.44,2,1,1132.07,76,215.75,0
77.82,70.47,2,0,120222.61,113,82.07,2
44.45,47.21,118,166,122316.54,136,143.21,1
27.67,70.2,143,150,589072.28,129,315.51,1
9.3,24.52,2,4,2002.72,88,199.75,0
0.0,26.17,1,2,777.45,85,208.5,0
9.3,13.01,0,1,113.03,82,143.66,0
64.28,59.82,1,1,109043.96,107,355.06,2
8.56,22.1,0,2,4314.76,96,351.24,0
11.71,21.86,2,1,6117.65,72,225.18,0
15.47,83.65,76,94,827205.29,101,219.15,1
3.9,33.93,0,3,2702.73,130,154.26,0
7.64,26.79,4,4,2276.88,85,223.78,0
72.92,89.73,0,0,23087.11,106,369.57,2
41.31,54.47,181,116,233172.22,96,332.23,1
32.54,54.29,156,213,133014.39,99,278.14,1
7.64,26.88,0,1,618.38,89,411.45,0
76.93,64.02,2,0,3793.49,83,119.82,2
49.4,52.19,139,105,339425.15,151,210.57,1
35.63,71.12,175,127,265796.04,70,135.35,1
76.99,81.33,2,2,114328.72,121,131.25,2
7.69,40.29,2,2,9509.12,97,278.13,0
0.0,44.98,0,0,269.84,72,256.86,0
2.81,40.44,0,1,634.93,82,272.24,0
10.77,40.61,0,2,351.33,101,159.13,0
11.46,29.48,0,2,5737.73,93,256.06,0
47.38,56.38,76,177,779969.42,163,448.83,1
8.43,38.29,1,6,321.66,79,344.14,0
21.59,62.53,137,213,1299017.58,111,218.7,1
35.74,49.61,107,77,878494.66,105,278.05,1
50.09,56.09,133,122,296769.12,168,317.31,1
2.31,31.98,0,0,767.12,83,339.55,0
26.75,59.31,95,115,497320.79,110,464.1,1
88.46,55.0,0,1,90094.99,92,314.71,2
28.8,49.71,117,145,168852.88,130,153.29,1
5.61,40.99,1,3,3035.17,83,236.7,0
8.12,27.3,0,1,6164.5,84,244.02,0
22.63,63.85,93,137,3297464.54,108,177.58,1
28.31,60.96,89,124,174082.3,118,272.75,1
71.3,41.88,165,254,122372.64,89,237.36,1
25.31,56.18,94,86,68211.02,113,76.41,1
89.45,58.61,1,1,215383.58,91,185.4,2
31.68,51.73,169,153,1120570.46,123,209.23,1
32.96,50.31,119,141,177549.51,118,226.7,1
85.74,64.91,1,1,35887.81,105,243.47,2
4.03,46.15,2,0,19.34,71,287.26,0
46.47,25.0,126,138,14078.48,133,417.59,1
6.63,16.13,2,2,10078.7,76,300.17,0
42.91,80.86,114,239,98158.68,118,187.45,1
27.76,80.62,113,104,375090.6,125,275.19,1
43.87,27.36,101,108,268237.75,131,227.07,1
0.0,44.57,0,3,53.17,117,378.87,0
11.68,54.19,98,192,385696.22,153,207.25,1
81.97,83.82,1,4,108590.96,98,200.93,2
6.14,21.98,0,1,1671.02,92,206.74,0
57.44,80.84,0,1,187897.12,85,371.13,2
25.51,47.65,98,134,307914.1,166,265.99,1
66.11,70.61,0,0,20274.57,100,274.7,2
10.0,52.35,77,70,857721.05,110,406.62,1
10.4,30.52,2,4,893.73,94,112.17,0
47.56,69.37,196,175,34621.66,122,340.61,1
71.61,55.0,1,0,14327.39,116,162.85,2
28.46,52.02,138,193,1110745.75,97,159.01,1
35.89,66.06,163,46,195089.32,129,378.31,1
97.91,78.31,2,1,50361.13,95,266.09,2
97.08,56.18,3,1,387932.27,102,82.02,2
3.83,17.05,4,2,1012.74,86,181.71,0
10.11,43.66,0,0,2191.54,103,208.28,0
10.0,48.36,100,134,511316.92,121,170.05,1
3.49,27.87,0,3,274.59,76,299.46,0
18.35,57.13,159,188,150382.74,142,239.69,1
10.57,41.89,0,3,602.34,85,247.36,0
7.3,18.24,0,3,36.73,91,195.52,0
7.54,37.96,2,3,381.32,62,194.28,0
4.45,36.13,2,2,919.93,63,264.67,0
31.91,67.56,116,175,47175.21,120,107.35,1
9.73,27.85,3,2,3103.43,91,272.8,0
38.22,45.85,127,220,252162.4,118,140.36,1
43.0,62.49,73,96,515616.41,140,247.53,1
7.51,23.54,0,4,1179.2,44,151.57,0
2.16,37.74,2,2,2825.14,75,160.31,0
4.19,39.63,2,2,2195.85,75,239.3,0
0.0,37.18,2,3,1758.87,70,282.5,0
2.61,20.56,0,2,1835.21,72,149.86,0
0.0,35.53,2,3,1277.4,81,275.82,0
23.8,51.52,115,225,385788.42,140,325.17,1
54.61,62.89,135,75,227773.54,136,167.03,1
75.67,74.68,0,0,94837.55,111,247.73,2
71.45,74.5,0,0,25074.22,112,317.37,2
7.81,18.01,4,3,8176.04,73,228.75,0
8.54,32.8,1,4,752.83,93,277.65,0
22.3,49.62,259,106,758074.74,113,368.05,1
92.73,75.93,1,2,141881.09,128,252.93,2
5.86,24.8,2,1,1180.39,93,289.0,0
78.45,62.12,1,0,116784.15,97,260.59,2
14.97,60.45,79,86,504145.44,115,175.04,1
78.76,90.05,0,1,1933.96,95,304.21,2
38.75,76.85,146,130,653847.74,86,291.21,1
10.91,27.98,0,0,3574.28,80,283.35,0
50.17,34.17,59,187,333059.47,118,298.84,1
89.36,70.03,3,2,2641.08,111,183.55,2
6.56,49.91,1,3,8086.43,92,324.95,0
5.64,25.56,1,3,1354.43,68,229.81,0
19.39,67.8,95,152,2078070.65,115,233.06,1
46.22,36.74,159,169,1035560.15,103,344.21,1
23.62,78.67,162,157,835859.21,152,351.24,1
88.5,65.58,1,2,83421.33,116,339.15,2
33.31,60.48,101,129,429161.54,141,337.56,1
8.18,24.01,1,3,2634.59,71,178.61,0
7.74,36.91,0,1,780.63,74,203.66,0
35.69,52.92,87,145,577212.66,89,155.16,1
5.37,29.25,0,3,1387.24,73,241.14,0
7.24,24.82,0,2,94.3,60,278.35,0
26.2,59.4,126,171,656018.96,84,227.66,1
92.13,64.96,0,0,79297.43,77,222.03,2
32.42,65.28,128,177,285285.51,138,409.19,1
30.33,56.55,187,193,890245.87,142,287.09,1
82.01,71.51,1,1,107093.06,82,318.25,2
13.75,45.12,142,141,182443.82,128,263.62,1
65.48,73.58,1,0,314165.8,124,316.03,2
73.27,74.76,1,0,17225.57,116,198.54,2
34.2,48.91,139,158,342923.47,93,187.6,1
35.88,68.22,75,124,293122.2,130,270.32,1
59.0,78.34,2,0,277389.73,84,238.27,2
21.06,61.03,200,215,494952.07,124,209.73,1
87.45,77.34,0,2,18537.1,84,332.01,2
9.66,30.27,1,2,787.55,93,366.37,0
28.2,76.42,59,168,254707.26,131,171.48,1
0.14,27.65,2,4,720.35,91,131.07,0
4.6,32.3,0,2,833.25,84,238.0,0
26.86,39.42,41,184,716772.06,133,276.35,1
51.95,57.4,77,81,373811.21,88,70.02,1
1.37,34.96,2,0,19.83,65,305.75,0
72.72,78.38,1,0,12975.2,79,330.33,2
19.17,66.64,155,169,714127.22,105,253.88,1
3.1,23.83,2,1,2577.36,82,256.59,0
82.9,73.85,2,1,53962.05,101,249.58,2
9.1,33.91,0,2,163.15,65,177.72,0
84.84,74.44,0,1,7583.54,79,327.55,2
79.14,67.21,2,0,96510.47,88,273.13,2
33.33,60.44,116,222,1251164.67,128,239.06,1
5.91,23.88,0,0,693.84,51,194.88,0
27.54,30.97,107,154,237664.3,126,62.97,1
17.23,45.17,107,170,1140880.21,98,321.42,1
6.22,18.19,0,4,358.55,101,171.42,0
12.74,53.82,100,147,768357.77,124,282.37,1
91.39,65.69,2,2,29149.86,94,271.29,2
4.58,28.01,0,1,783.3,78,182.9,0
5.96,30.38,2,1,3256.05,75,396.91,0
10.0,65.43,85,198,64791.0,99,241.18,1
85.48,66.99,5,0,27443.91,113,285.14,2
33.34,61.34,143,134,185501.9,118,313.34,1
55.01,72.8,1,1,41150.9,85,247.32,2
37.8,47.46,173,163,112852.53,117,440.17,1
42.29,25.0,172,109,964908.94,100,50.53,1
41.51,43.91,132,151,206691.03,133,295.4,1
36.6,39.42,55,135,130986.2,131,267.97,1
7.53,30.05,1,2,130.05,50,387.72,0
8.32,37.15,2,2,937.57,81,277.13,0
39.22,47.21,119,142,123804.35,136,345.04,1
5.19,30.54,1,2,2514.93,46,204.46,0
41.4,60.32,141,153,266955.76,139,256.45,1
77.62,55.0,2,0,153061.85,88,434.39,2
33.24,44.42,95,136,120857.14,119,193.87,1
10.0,43.0,90,165,617511.02,153,264.78,1
24.4,65.1,108,188,343897.95,101,226.27,1
60.29,55.07,2,0,427123.96,103,300.91,2
0.17,35.08,0,1,1580.99,78,238.65,0
0.0,39.01,1,1,609.29,86,294.62,0
10.76,28.49,1,3,1847.25,82,214.36,0
11.01,25.01,1,3,78.77,46,141.76,0
0.15,25.68,1,2,4147.68,80,146.35,0
63.42,83.58,3,1,115837.66,119,398.25,2
10.36,29.26,0,0,606.01,72,214.03,0
47.98,33.21,95,139,37724.44,123,347.51,1
81.13,72.81,1,1,61690.17,96,336.37,2
20.1,43.61,102,83,407082.49,93,185.78,1
90.76,75.84,0,0,51782.65,105,175.88,2
24.23,62.27,115,39,231083.03,116,169.68,1
9.49,28.68,0,2,4019.12,82,295.74,0
14.57,20.21,2,2,5117.87,76,128.75,0
87.8,84.1,1,1,109492.64,97,233.74,2
19.43,75.25,100,126,369755.85,102,233.82,1
0.29,32.97,0,3,1709.76,68,342.82,0
3.22,29.24,0,3,970.37,73,186.19,0
14.92,34.9,2,3,3291.3,69,375.74,0
43.06,39.26,144,183,304794.42,147,289.2,1
33.64,55.68,67,148,305153.32,144,245.71,1
4.16,35.69,1,1,3447.56,75,351.68,0
27.5,64.58,120,111,406095.83,127,191.58,1
55.54,85.46,1,1,73461.62,96,126.56,2
7.57,18.05,1,3,614.47,70,271.82,0
19.57,59.4,42,108,161791.45,103,184.98,1
9.09,26.51,2,4,919.38,105,257.63,0
2.82,26.96,1,2,37.88,79,245.42,0
0.0,15.41,0,4,522.38,61,249.16,0
58.36,40.63,91,147,1212984.8,115,187.49,1
6.74,37.09,0,0,373.45,77,317.5,0
10.27,28.31,0,1,737.43,83,347.07,0
62.96,44.52,123,150,56292.16,118,293.77,1
16.66,60.02,133,139,254448.71,100,250.02,1
11.89,29.86,2,2,7079.42,74,150.26,0
0.0,21.87,1,2,36.19,46,237.78,0
37.64,57.07,62,99,318992.28,99,311.42,1
30.5,53.97,136,110,123097.69,104,264.94,1
37.59,47.9,89,95,568624.01,131,142.27,1
3.69,26.91,0,2,2.15,95,244.02,0
18.88,56.69,35,155,16072.52,88,233.69,1
36.12,71.05,145,139,1067155.66,86,207.31,1
10.49,25.71,0,3,4849.19,69,302.94,0
81.9,85.78,0,0,232529.68,94,209.72,2
57.97,63.55,93,65,673127.56,129,257.87,1
6.95,34.47,2,2,2434.31,46,345.3,0
77.12,69.52,0,1,93005.53,88,230.05,2
2.9,36.95,2,0,697.93,97,247.36,0
35.92,53.84,136,244,257246.04,135,278.22,1
5.58,44.06,0,0,3044.71,99,368.01,0
1.29,54.19,0,2,4070.4,60,205.44,0
90.69,72.93,1,0,269799.29,126,296.22,2
4.41,45.78,1,2,2399.29,65,64.9,0
0.0,51.68,2,5,1826.32,63,297.93,0
38.04,47.99,145,86,891407.26,126,289.75,1
97.47,64.83,0,0,210673.79,106,292.7,2
7.07,17.84,1,3,1096.25,76,138.81,0
19.56,54.86,119,173,151556.52,70,50.0,1
22.66,68.98,77,155,78087.93,109,394.89,1
54.34,39.99,141,198,515296.49,122,111.03,1
50.42,65.33,95,202,304635.95,125,286.87,1
9.22,35.97,1,3,388.32,103,201.23,0
6.44,38.76,1,6,563.93,71,320.65,0
57.89,66.09,193,150,191363.06,111,156.9,1
83.1,93.09,0,4,7787.24,100,397.6,2
2.38,28.24,1,1,2169.13,55,200.96,0
36.25,64.01,122,200,592558.61,134,258.73,1
15.2,15.15,0,1,2324.51,104,91.08,0
30.94,53.98,118,128,267520.22,120,329.54,1
41.45,79.35,116,180,658014.82,118,235.36,1
52.66,46.68,53,246,211239.51,153,128.72,1
16.49,65.34,148,126,179455.1,139,149.69,1
6.61,30.57,2,3,2535.7,55,304.62,0
5.8,23.04,1,2,919.47,96,294.39,0
47.13,37.65,111,166,190097.44,81,217.44,1
67.47,60.73,0,2,435756.17,119,209.93,2
36.79,60.0,86,142,99472.46,114,256.86,1
53.66,46.03,76,172,722579.85,114,240.86,1
11.47,40.89,0,1,5570.01,84,374.99,0
0.0,38.46,1,3,3439.22,74,228.58,0
43.92,49.52,30,248,2304596.02,156,192.72,1
76.32,55.27,1,2,15993.13,107,329.24,2
3.47,27.7,2,1,685.8,93,221.06,0
13.14,44.28,1,3,3013.82,94,327.48,0
27.49,57.2,195,99,736993.33,118,305.79,1
1.77,36.56,2,5,2605.33,92,155.1,0
31.38,53.11,178,184,601398.91,93,176.29,1
65.13,68.03,0,1,87627.08,73,324.55,2
2.7,27.12,0,2,4580.11,96,296.19,0
7.13,35.19,1,1,1600.89,101,402.32,0
2.08,25.07,1,1,813.33,103,247.51,0
33.83,53.0,115,144,324700.07,116,401.29,1
93.06,65.14,1,2,63594.07,123,333.51,2
61.59,70.73,101,109,795275.75,142,192.21,1
92.31,80.49,1,2,64727.78,87,373.99,2
89.12,63.42,0,0,93248.38,95,329.52,2
10.0,69.88,124,209,636427.51,127,286.99,1
84.22,93.1,1,1,89532.45,83,172.02,2
22.55,67.17,90,172,219585.0,109,427.08,1
3.69,30.35,1,0,908.46,105,237.98,0
95.08,69.36,2,0,43497.48,96,114.39,2
87.23,73.61,1,1,26611.91,98,174.6,2
65.65,70.83,127,174,751317.52,143,299.21,1
28.65,35.87,149,204,252033.41,128,136.25,1
76.04,75.2,2,1,191873.93,127,273.65,2
38.05,60.29,73,103,1135556.12,114,295.4,1
2.95,12.98,0,0,2404.08,74,238.44,0
43.49,45.03,120,143,433784.08,103,130.6,1
9.09,33.95,1,3,1436.56,96,292.01,0
4.1,34.49,2,5,6391.75,91,155.15,0
4.75,33.45,0,2,389.45,123,321.51,0
11.22,39.64,4,2,245.3,64,172.19,0
4.96,41.62,1,3,371.68,74,196.98,0
6.81,15.22,0,1,1211.52,80,317.05,0
11.89,37.94,3,1,2800.67,91,206.27,0
25.46,45.22,91,169,198233.48,125,243.97,1
99.07,69.8,0,0,27278.54,95,198.07,2
3.54,51.85,0,5,586.16,82,377.39,0
0.01,32.7,1,1,466.25,63,177.29,0
85.8,74.51,1,3,35636.62,99,135.34,2
5.78,43.52,2,1,2318.97,81,321.1,0
39.57,59.64,81,109,22843.86,135,174.97,1
8.13,26.87,1,0,824.3,61,406.16,0
45.23,54.26,131,224,501313.22,115,156.19,1
70.91,81.07,2,1,78548.67,144,185.09,2
0.35,26.16,2,2,220.72,62,180.54,0
6.63,21.19,0,1,1816.78,83,378.06,0
61.97,63.41,53,216,478594.79,113,234.26,1
45.06,51.93,137,206,627728.87,118,104.29,1
33.46,44.26,61,189,710878.07,122,351.77,1
56.49,54.78,83,122,901472.21,137,232.68,1
35.74,62.73,139,139,618642.0,131,142.63,1
100.0,86.97,0,2,147350.93,87,338.94,2
17.9,60.82,55,164,172320.49,94,256.7,1
23.04,54.47,108,130,63510.51,105,252.9,1
74.29,71.78,1,0,188836.53,86,266.73,2
4.73,33.62,2,1,109.7,87,317.15,0
76.48,67.41,0,0,10554.62,78,185.33,2
40.45,62.75,142,173,264339.42,114,96.87,1
17.81,34.26,115,170,524648.81,187,370.05,1
21.9,47.01,126,133,15640.7,118,198.69,1
7.47,29.23,1,1,11.23,78,142.11,0
31.41,45.61,124,90,930407.4,114,218.22,1
94.83,76.3,6,2,120666.56,113,152.51,2
4.18,21.26,2,0,2423.93,83,242.32,0
13.09,33.84,2,0,3124.69,88,196.17,0
13.51,28.67,0,2,1143.36,77,284.95,0
57.39,60.34,80,264,234969.07,98,281.97,1
8.79,31.37,0,5,1336.2,91,274.7,0
5.82,33.37,1,1,511.69,91,125.23,0
5.91,24.76,1,2,3194.84,103,178.36,0
0.31,33.03,0,0,5.85,82,276.95,0
56.61,63.82,66,148,117027.59,123,218.65,1
33.68,55.51,124,32,161841.78,133,496.99,1
17.81,56.16,113,152,48682.38,148,280.65,1
15.82,56.71,144,86,122103.11,119,271.64,1
25.61,66.55,139,32,5000.0,157,263.01,1
37.04,52.95,202,177,793342.41,108,165.36,1
50.0,63.96,3,1,6647.85,74,154.04,2
1.86,24.85,3,2,1917.09,95,238.96,0
27.45,66.07,193,213,671496.96,133,323.63,1
5.42,19.25,0,3,146.3,62,210.9,0
19.95,56.05,119,109,188526.26,112,194.31,1
15.11,41.13,31,152,619940.62,102,302.27,1
7.68,28.07,2,1,1384.37,100,275.83,0
81.47,70.27,0,0,54195.8,74,385.52,2
2.23,25.4,2,4,1728.49,98,368.71,0
88.7,72.31,0,1,30216.21,106,200.73,2
13.65,29.96,4,1,101.08,95,305.68,0
6.87,28.81,2,1,4185.97,81,330.51,0
55.94,79.88,1,1,32322.14,140,362.3,2
4.51,21.59,2,3,1903.19,104,214.54,0
38.46,36.46,171,195,1040846.31,116,148.1,1
38.39,58.87,150,222,541072.24,105,288.61,1
51.23,42.24,34,97,990729.39,134,249.5,1
23.39,60.96,132,112,242233.11,121,291.63,1
18.76,44.22,112,179,17768.39,152,190.68,1
6.41,32.81,2,0,174.19,78,132.18,0
41.34,45.23,156,92,286928.64,93,124.52,1
24.29,38.77,30,301,215856.78,96,291.29,1
36.26,53.41,132,101,252689.55,113,322.07,1
36.25,34.47,87,110,858066.29,136,182.43,1
67.52,55.0,4,1,58677.38,112,176.15,2
34.32,60.28,133,196,509449.37,129,216.75,1
0.0,17.64,0,3,2596.28,90,174.74,0
31.02,64.42,94,147,574624.14,144,228.5,1
10.0,55.51,152,163,629045.85,144,318.37,1
22.02,72.14,68,71,1587414.48,149,239.8,1
92.69,76.0,3,1,52331.75,86,220.65,2
100.0,67.82,1,1,108241.8,80,145.52,2
85.08,55.0,3,1,177085.45,96,225.96,2
5.67,50.17,0,3,5.0,68,194.58,0
4.92,37.82,0,3,126.15,72,288.01,0
5.38,26.78,1,0,581.36,68,179.98,0
8.44,24.99,0,3,7179.58,84,155.62,0
71.98,79.87,0,1,65695.07,115,182.27,2
3.34,16.52,0,3,1918.34,72,162.44,0
7.4,40.57,1,1,1467.5,69,228.53,0
92.03,77.61,2,0,75034.83,89,262.09,2
41.95,45.48,80,138,1103855.02,163,152.08,1
81.08,61.75,0,3,29598.77,122,213.08,2
4.92,42.76,0,1,3006.41,97,354.37,0
3.65,25.34,1,5,277.3,68,274.58,0
66.39,54.62,141,146,595882.06,109,353.01,1
81.85,73.41,2,2,35722.05,95,172.19,2
9.45,19.58,1,3,1660.76,53,265.5,0
85.25,62.28,2,1,335406.01,110,144.42,2
10.0,48.45,115,167,7042.25,151,210.61,1
45.26,49.61,150,118,44146.95,112,188.0,1
69.03,85.42,0,0,62977.88,88,354.7,2
38.02,43.22,80,167,123640.46,145,301.12,1
10.0,66.44,160,68,707120.2,160,50.0,1
39.37,71.86,177,122,408067.56,120,458.1,1
0.0,28.92,0,4,4104.47,55,231.67,0
7.79,24.67,0,1,5462.68,85,238.17,0
37.99,63.4,144,144,1192816.04,132,338.41,1
50.6,64.65,126,134,156252.59,128,230.58,1
4.92,17.94,1,3,757.68,94,86.85,0
10.54,41.89,3,0,784.07,99,181.3,0
68.58,68.98,0,0,108023.46,94,277.7,2
2.9,34.42,2,3,707.03,101,362.61,0
24.34,61.59,32,85,261291.71,157,169.96,1
36.75,54.11,123,206,786639.09,157,321.91,1
9.98,37.67,0,1,1028.47,105,225.12,0
37.32,65.63,67,188,76640.11,81,326.51,1
3.45,29.07,2,4,1417.75,101,216.42,0
4.5,25.05,2,3,38.28,74,238.07,0
5.04,41.42,2,2,892.39,70,218.15,0
29.9,72.73,184,70,929298.66,132,190.74,1
77.68,76.01,2,2,275859.04,89,174.59,2
13.35,34.01,2,3,244.67,105,226.31,0
76.64,66.82,1,2,29802.35,105,127.06,2
6.12,28.35,2,2,262.59,95,292.07,0
5.57,30.12,1,2,1487.3,63,327.74,0
60.52,74.83,94,171,116872.72,136,108.79,1
5.35,32.55,0,1,5851.84,86,187.25,0
5.32,24.87,1,3,156.12,72,392.95,0
12.55,64.59,32,164,95152.33,109,126.86,1
57.92,62.82,0,2,15362.56,96,401.17,2
6.64,49.75,1,1,1915.32,76,117.33,0
67.67,57.67,0,1,316553.0,123,290.19,2
97.7,58.99,1,1,40321.06,134,235.84,2
38.18,56.16,178,226,170258.84,112,238.76,1
0.41,36.38,0,3,1090.96,72,447.5,0
20.91,37.88,94,98,44813.85,123,199.43,1
25.9,39.64,101,164,248792.28,148,178.18,1
81.18,98.0,0,0,250852.7,95,250.92,2
30.54,65.45,89,106,139218.55,95,308.24,1
28.75,63.89,129,208,198670.33,159,228.55,1
61.13,51.99,146,192,54112.97,83,255.24,1
5.77,35.33,3,3,1221.67,82,185.8,0
6.38,33.72,0,1,2722.74,76,286.74,0
0.0,32.84,0,2,677.51,70,148.05,0
44.68,54.89,69,171,566279.79,103,187.81,1
5.42,39.29,0,4,3058.45,68,412.09,0
10.77,17.79,1,3,193.33,76,351.64,0
6.94,22.14,0,1,4713.55,94,184.09,0
75.63,85.71,1,1,17619.76,78,199.04,2
31.64,45.19,169,82,57271.51,121,278.54,1
45.22,38.6,96,259,301516.0,119,267.07,1
3.48,41.82,1,6,1854.72,109,87.08,0
0.0,28.1,1,3,2300.15,76,221.72,0
0.38,10.0,0,2,1003.09,63,178.42,0
21.58,63.89,77,146,720764.84,134,271.68,1
81.56,71.3,0,1,125984.54,111,134.23,2
7.36,17.27,3,4,2230.77,83,258.5,0
40.81,40.5,146,79,895144.42,134,157.13,1
18.56,47.29,144,268,393132.63,161,187.03,1
51.29,37.79,117,136,583281.05,134,330.25,1
68.82,74.33,123,172,332513.07,121,325.62,1
4.49,37.14,1,3,2007.53,78,321.51,0
10.0,54.89,188,158,215451.84,144,222.17,1
0.0,21.58,2,0,990.26,56,231.17,0
38.38,53.99,152,155,494727.7,113,292.27,1
4.85,37.24,1,1,465.86,48,254.81,0
4.67,37.95,2,1,4794.14,80,251.1,0
17.73,85.76,117,141,554027.13,109,267.95,1
40.41,71.44,74,210,577008.57,105,267.5,1
33.37,40.2,118,61,679370.43,123,395.13,1
49.29,70.33,174,156,323429.31,129,260.36,1
78.55,74.5,1,1,89002.16,106,226.33,2
4.66,27.25,2,1,2267.65,89,231.95,0
9.0,43.88,0,2,8.44,83,243.81,0
51.82,74.27,1,0,8577.51,82,50.0,2
8.9,41.06,1,2,1227.51,96,193.21,0
45.24,70.35,95,82,73745.82,155,287.35,1
48.65,53.39,124,120,1770936.56,103,395.94,1
6.29,39.18,0,3,462.96,64,248.64,0
26.27,54.01,177,171,344847.42,109,264.8,1
7.25,26.23,0,3,2301.17,95,299.51,0
42.17,51.64,142,148,315438.83,139,52.76,1
52.82,52.33,167,116,66924.56,135,283.66,1
36.0,53.03,80,93,71979.77,116,254.65,1
63.3,61.42,2,1,386673.36,100,294.08,2
8.91,30.39,1,1,4190.12,57,156.79,0
14.02,78.6,203,152,506331.29,108,254.12,1
26.79,78.96,126,132,27648.71,103,76.95,1
6.71,22.2,1,3,1415.16,86,135.71,0
41.55,61.86,140,177,267153.65,118,302.02,1
7.99,28.29,1,2,4271.66,73,196.62,0
1.87,33.51,2,2,462.58,59,288.02,0
55.87,54.26,167,237,189390.14,127,291.3,1
8.39,20.7,4,2,1711.09,83,228.75,0
4.9,25.92,0,1,749.97,74,137.46,0
76.05,76.92,0,0,10171.5,99,299.77,2
0.0,23.93,0,0,1947.56,87,62.32,0
63.28,43.27,131,70,33185.24,132,204.52,1
9.46,34.73,1,2,1396.9,64,196.38,0
7.47,28.4,0,2,4882.44,71,280.47,0
52.47,60.85,166,140,857558.85,126,365.77,1
44.86,43.73,83,61,1268641.47,138,304.39,1
0.6,17.33,0,4,1235.77,95,435.71,0
23.87,51.88,83,174,44092.21,121,208.54,1
25.82,42.3,70,107,598936.15,139,332.79,1
9.6,34.01,0,0,2786.23,79,316.32,0
8.2,42.02,1,1,697.04,92,155.43,0
35.37,39.16,136,129,1480461.39,115,226.2,1
6.21,31.95,2,1,424.21,75,200.71,0
11.51,48.57,62,148,72988.98,130,343.6,1
17.88,38.39,114,207,59093.3,139,301.1,1
14.74,24.7,1,4,11238.51,111,286.35,0
6.32,34.68,0,3,1340.94,83,248.51,0
5.83,26.87,2,2,3413.5,69,385.28,0
4.93,18.85,2,3,240.07,71,191.18,0
67.68,62.37,91,132,1255795.79,102,345.89,1
23.95,52.93,72,196,335409.21,114,312.99,1
11.75,24.62,2,2,4711.14,60,393.47,0
26.48,48.03,142,94,117085.46,99,255.71,1
8.53,34.29,1,2,1549.96,96,383.1,0
55.84,66.51,95,115,225196.5,109,221.55,1
3.35,36.88,2,2,932.74,79,191.61,0
0.0,23.28,2,1,385.0,84,126.0,0
53.64,79.94,1,1,77064.78,64,156.77,2
3.29,36.17,2,5,1175.49,64,245.05,0
12.25,14.42,2,3,1511.06,73,305.74,0
10.94,42.17,2,1,1208.59,72,258.65,0
90.7,68.83,0,0,59529.45,99,322.43,2
10.0,45.49,107,65,778705.9,128,270.99,1
34.41,56.49,124,144,767990.24,112,285.29,1
71.4,86.75,1,0,1369.54,92,153.65,2
3.22,30.35,2,2,885.5,63,306.04,0
41.95,63.09,51,117,8761.17,102,201.61,1
59.26,62.72,0,2,15936.04,124,243.66,2
2.66,38.79,0,0,1001.0,56,310.45,0
0.0,10.0,0,0,42.6,54,279.96,0
11.42,62.3,59,80,682199.35,132,193.8,1
39.01,58.32,132,137,170488.24,70,360.15,1
41.49,62.43,113,164,313330.56,127,310.71,1
6.18,19.55,3,4,2837.85,111,333.59,0
4.26,31.64,3,1,230.52,84,294.74,0
2.43,16.01,2,2,998.45,84,347.85,0
67.75,64.65,91,129,816627.94,121,204.28,1
12.37,31.01,1,1,2093.27,83,251.79,0
58.13,54.68,102,117,424033.02,114,442.85,1
66.54,64.13,4,0,157339.99,107,203.46,2
91.17,72.96,1,1,32272.34,97,151.35,2
29.27,67.94,89,178,984445.59,124,317.22,1
29.06,57.03,171,105,403115.99,133,236.9,1
64.18,52.22,170,131,704001.31,133,196.39,1
33.22,65.46,121,242,462145.38,130,231.84,1
6.02,33.75,0,3,2398.74,96,153.64,0
35.13,46.59,165,242,331649.35,123,296.7,1
1.69,36.92,1,5,338.33,81,255.42,0
8.42,42.91,1,2,1939.89,57,163.49,0
40.99,52.3,140,134,217860.37,100,239.26,1
73.43,65.38,2,1,321210.97,60,175.0,2
90.43,77.87,1,2,32059.47,107,251.12,2
39.14,53.32,76,145,341458.82,105,328.24,1
6.1,36.92,2,3,1641.8,78,277.29,0
4.18,30.59,3,0,114.18,80,237.54,0
15.68,52.89,103,219,983738.59,86,174.06,1
4.13,35.69,1,1,101.49,82,202.85,0
54.46,51.42,122,50,1694867.4,102,290.19,1
38.01,71.77,236,133,515493.32,97,274.11,1
42.91,43.82,115,195,1096316.84,121,279.82,1
58.74,56.64,187,150,850536.53,124,247.05,1
48.39,46.36,99,237,202236.01,131,272.74,1
0.06,27.85,0,2,1008.9,71,211.29,0
1.53,31.62,1,4,4428.55,87,324.68,0
58.55,83.95,0,1,39148.8,122,295.72,2
10.0,70.64,170,116,31974.35,100,258.4,1
89.4,86.23,1,0,18894.57,115,208.77,2
70.38,65.12,0,1,90981.29,111,273.09,2
10.0,62.4,121,209,42751.06,100,283.5,1
25.69,52.5,206,166,579112.99,107,289.26,1
87.5,75.64,2,0,464986.69,103,193.45,2
2.99,17.08,3,1,1037.4,100,99.73,0
26.05,54.45,87,109,258960.39,81,207.27,1
0.0,28.48,1,2,406.91,86,433.08,0
79.61,68.77,1,3,47728.14,127,313.11,2
23.88,62.07,133,211,92174.83,128,194.57,1
17.26,31.65,1,4,5209.26,76,234.07,0
9.17,33.32,1,1,1402.78,87,288.71,0
3.05,33.64,0,2,2849.7,76,139.72,0
42.47,30.5,123,139,638147.82,105,270.29,1
100.0,78.02,0,1,231839.72,83,106.51,2
10.27,21.78,1,4,2667.37,114,182.51,0
74.63,75.34,2,1,231176.97,96,177.55,2
31.76,64.64,174,51,1165786.73,150,288.13,1
74.65,55.0,2,0,21578.95,86,293.88,2
7.03,17.76,1,0,3134.94,86,407.26,0
25.91,64.29,70,129,41744.37,128,242.1,1
5.76,28.04,0,2,151.97,93,167.53,0
67.12,64.13,90,133,112687.45,126,372.51,1
91.39,85.42,1,1,7748.95,92,279.82,2
28.37,36.41,141,168,367939.4,111,250.34,1
4.86,44.28,0,2,1675.7,81,253.06,0
9.04,22.38,1,2,1625.11,89,125.17,0
65.63,70.47,1,2,141483.19,98,194.59,2
8.87,24.79,0,1,5184.61,82,215.42,0
3.22,37.07,0,2,438.81,81,245.2,0
3.66,47.23,1,0,5669.42,84,369.4,0
66.85,63.35,1,0,19910.49,71,164.16,2
69.82,84.16,0,2,136850.54,91,328.46,2
67.17,56.76,111,65,57154.64,110,262.46,1
17.91,53.42,87,198,525301.95,112,382.21,1
7.94,21.03,1,3,4158.02,90,331.14,0
41.69,58.99,108,92,2116021.32,96,158.02,1
64.6,70.47,1,2,82063.1,87,228.45,2
27.84,66.76,145,71,694715.64,142,231.93,1
25.0,51.94,157,117,676087.24,123,219.64,1
100.0,76.78,2,1,73660.07,103,270.13,2
6.91,30.31,1,2,840.98,107,230.42,0
6.46,34.97,2,1,3614.66,95,180.88,0
32.96,74.66,114,184,520933.02,98,226.8,1
51.91,86.99,2,1,23843.42,86,181.98,2
24.73,28.56,89,178,931037.57,130,202.03,1
24.23,51.63,82,157,5000.0,106,186.4,1
33.64,75.19,181,171,572592.09,127,374.78,1
42.33,43.22,77,203,701888.34,140,234.06,1
25.61,51.48,129,160,43596.37,89,92.21,1
31.44,56.82,92,168,64452.16,133,393.5,1
7.99,41.33,0,1,98.13,82,334.68,0
41.44,37.05,97,176,17243.64,112,100.24,1
60.5,51.6,154,112,429284.99,149,168.35,1
39.58,43.55,161,117,348856.82,110,232.68,1
62.65,65.88,0,0,154157.79,102,250.46,2
8.46,42.85,1,7,122.12,69,251.62,0
70.71,72.82,0,1,114088.91,113,344.59,2
47.19,71.37,108,198,999988.16,171,174.88,1
28.26,44.0,50,174,1064825.75,122,177.17,1
63.26,59.59,149,113,60932.98,128,307.75,1
12.41,24.35,0,0,5684.85,61,334.14,0
6.52,28.83,0,0,746.38,76,219.41,0
62.55,55.0,0,1,28127.27,101,323.35,2
8.66,35.98,1,0,1456.13,88,133.64,0
6.45,27.59,1,2,535.67,88,138.63,0
10.53,40.09,1,0,1242.02,82,198.26,0
77.89,55.0,0,0,5972.31,93,145.23,2
7.62,25.3,2,0,3475.93,95,281.55,0
11.3,34.81,1,3,203.79,74,143.04,0
68.94,79.22,1,1,92977.4,109,225.28,2
28.31,61.27,80,231,1573012.77,120,481.15,1
3.85,33.73,3,6,2474.66,89,156.87,0
8.94,40.33,2,6,367.74,77,371.25,0
3.59,24.78,2,2,917.85,81,271.12,0
22.77,40.46,117,124,689425.66,132,190.19,1
7.28,36.12,0,0,4683.09,77,294.48,0
38.16,42.0,91,169,2037588.3,108,298.54,1
1.21,33.91,1,1,1465.5,102,346.79,0
69.32,78.8,1,5,87521.05,100,213.45,2
6.64,32.69,1,1,2444.38,87,365.43,0
8.59,44.0,1,1,1271.49,57,297.69,0
75.07,79.81,3,0,178052.25,94,162.17,2
6.05,33.48,0,0,18.61,63,245.62,0
5.9,30.61,0,1,2973.26,88,388.08,0
10.19,31.22,1,0,586.42,116,183.77,0
3.28,25.95,2,3,1677.74,60,227.17,0
16.51,32.05,2,7,3993.7,86,274.76,0
7.91,30.41,2,1,1458.49,85,108.65,0
6.05,16.27,1,3,985.71,61,155.37,0
9.14,10.0,2,2,324.28,52,109.15,0
77.23,86.88,1,0,14100.62,109,327.21,2
4.43,42.38,2,1,837.94,86,221.95,0
57.81,65.85,1,1,7783.72,125,342.27,2
17.67,50.88,132,219,89932.85,120,241.85,1
36.54,39.79,88,180,673043.55,70,309.32,1
48.29,65.96,95,158,113781.61,133,197.51,1
9.98,31.03,2,2,1580.15,58,292.93,0
4.43,28.85,3,5,2289.97,109,295.52,0
2.53,36.09,2,3,1877.64,84,365.59,0
6.14,28.64,0,1,2327.43,85,358.99,0
64.21,81.61,1,0,71394.85,84,81.64,2
5.16,20.4,1,3,187.86,82,262.67,0
2.07,37.21,2,1,1879.65,84,308.22,0
25.09,49.8,128,227,220311.79,70,168.0,1
76.61,93.68,0,0,42517.18,106,148.76,2
7.45,26.48,0,1,810.58,61,163.56,0
29.07,57.22,150,99,266020.64,137,199.22,1
24.48,67.47,174,201,261265.48,146,263.3,1
25.93,60.41,104,154,71990.01,119,206.2,1
12.3,25.57,1,0,1090.65,80,182.97,0
11.82,36.41,1,3,1232.54,109,227.54,0
52.91,80.13,168,143,720664.94,122,355.13,1
40.97,63.2,149,175,37568.97,118,239.74,1
24.91,54.62,53,71,40235.76,130,174.12,1
83.76,67.36,0,1,2604.16,88,170.59,2
11.3,21.27,1,5,1206.28,75,157.92,0
94.57,71.99,2,1,148730.23,96,288.25,2
60.95,69.42,3,0,93734.1,99,343.02,2
84.88,66.19,0,0,79719.94,88,311.67,2
50.0,63.83,3,3,236933.85,108,250.69,2
37.63,69.69,81,165,401461.44,153,241.42,1
7.55,22.48,1,1,631.18,88,333.91,0
50.11,65.34,148,149,453922.61,141,190.18,1
78.22,80.45,0,1,295791.2,106,112.19,2
13.45,72.17,112,128,402640.7,116,246.88,1
4.57,23.78,4,1,1222.89,96,251.14,0
14.97,13.0,2,2,332.41,67,366.22,0
61.17,78.93,1,0,38871.28,128,149.63,2
1.14,47.2,4,3,4414.8,112,87.19,0
72.24,78.73,3,1,83086.85,104,270.67,2
49.6,45.4,187,138,230469.72,133,230.5,1
11.11,58.91,110,140,1951005.21,131,276.94,1
7.16,22.28,1,3,5426.0,91,111.99,0
40.68,49.07,156,172,674323.76,133,333.52,1
48.79,44.74,103,248,30622.68,111,230.14,1
13.37,14.17,2,3,2582.19,95,198.25,0
36.45,79.88,80,200,616235.34,107,319.62,1
23.35,60.79,30,66,2176313.5,139,298.45,1
78.41,79.63,1,0,114115.46,115,122.9,2
74.58,73.94,1,2,145185.98,123,143.55,2
26.26,55.05,144,78,185373.42,154,188.43,1
2.36,22.89,1,0,1351.01,94,272.83,0
28.81,31.38,62,250,1029544.08,117,99.71,1
4.78,25.52,1,1,2555.39,79,235.96,0
55.88,43.6,120,127,466624.97,127,388.04,1
10.73,57.78,137,258,840251.54,115,278.11,1
28.46,57.85,130,176,342396.7,137,280.06,1
39.29,59.36,162,156,350099.68,145,237.18,1
86.47,96.16,2,0,16808.88,99,268.32,2
33.05,50.86,43,113,475143.46,112,150.38,1
7.03,24.37,3,4,5833.96,88,259.25,0
6.35,46.36,1,1,1691.18,102,130.32,0
0.79,30.25,0,3,74.83,96,469.45,0
33.11,38.76,162,78,700155.49,110,304.55,1
4.74,30.21,0,7,4663.87,76,263.23,0
94.04,78.61,1,2,192041.61,103,131.1,2
8.62,39.59,0,1,243.69,80,54.53,0
90.5,79.12,3,2,100724.97,106,215.51,2
62.49,44.79,101,154,1195568.25,116,188.39,1
29.02,77.11,54,128,14405.99,120,204.46,1
30.92,70.71,172,108,881157.76,118,161.84,1
6.93,31.94,0,1,4635.1,65,95.83,0
10.0,48.36,119,189,206743.27,112,160.8,1
53.65,50.02,112,200,118728.17,99,154.42,1
38.88,69.59,114,193,122848.26,148,273.77,1
86.49,76.6,1,0,105533.35,98,94.37,2
28.17,40.06,111,237,86654.98,108,181.15,1
4.27,31.99,0,4,210.49,64,218.52,0
49.84,45.6,116,160,358356.52,105,94.44,1
51.62,60.81,91,50,461816.77,135,323.19,1
57.85,66.57,0,0,16596.87,146,278.35,2
8.41,33.5,3,1,183.3,76,305.67,0
50.63,51.58,114,214,221464.53,113,324.63,1
46.37,67.52,154,132,320791.22,123,141.94,1
8.18,39.36,0,3,1651.4,72,225.19,0
8.79,33.01,0,3,779.8,87,350.98,0
4.23,30.39,1,3,2299.02,88,260.72,0
48.68,45.65,75,228,167228.85,116,313.65,1
4.5,38.94,0,1,4998.8,99,315.67,0
44.89,79.92,158,222,727248.71,189,121.92,1
70.2,86.77,0,1,7761.49,99,231.42,2
27.4,65.11,82,95,754211.81,119,69.07,1
53.86,66.63,140,210,48483.28,129,231.42,1
7.87,24.51,1,1,1218.83,71,139.89,0
59.31,69.39,110,163,450622.89,141,51.59,1
0.0,36.38,2,5,205.1,118,193.31,0
41.03,50.89,89,144,153017.92,129,107.16,1
79.16,77.3,1,1,25470.47,131,143.37,2
15.24,24.65,1,1,1172.24,76,208.92,0
72.31,83.17,1,2,366427.82,98,223.03,2
62.46,48.6,178,210,270703.01,146,313.67,1
5.78,44.51,1,2,1155.06,90,305.84,0
69.0,58.71,69,177,273976.55,121,250.49,1
9.43,20.91,3,4,5784.22,93,201.99,0
87.56,83.77,1,1,83762.28,68,256.44,2
4.98,35.49,0,4,4065.64,93,50.0,0
5.62,21.97,2,7,3408.58,60,213.79,0
5.07,21.14,2,1,625.37,91,336.87,0
82.56,79.99,1,1,3989.49,104,237.46,2
49.08,36.8,95,171,501524.69,124,309.33,1
38.52,67.93,107,184,207763.77,89,262.32,1
44.87,64.74,158,185,235293.33,138,409.39,1
83.62,98.0,1,1,122178.93,118,224.0,2
6.48,36.25,0,0,746.67,86,306.29,0
81.37,74.82,0,1,186220.8,112,181.31,2
5.13,44.21,0,3,2910.56,88,339.88,0
2.95,46.93,1,0,2688.67,72,253.38,0
8.23,24.58,1,2,5195.45,43,244.19,0
6.4,28.5,2,3,7547.65,84,243.51,0
49.4,43.34,149,171,74984.45,113,81.93,1
44.14,67.31,140,155,478942.98,123,200.51,1
2.44,33.83,1,2,199.0,95,175.39,0
81.72,67.49,0,0,66076.11,79,318.67,2
9.09,29.58,0,1,424.89,91,180.8,0
3.66,33.68,0,5,1184.1,81,213.68,0
43.39,57.61,108,259,57054.09,131,357.42,1
14.38,59.28,130,168,15645.42,103,346.41,1
54.4,62.51,143,192,299275.56,109,217.69,1
66.0,88.81,1,0,37330.18,90,275.53,2
62.0,57.7,209,182,292796.76,112,217.52,1
27.58,46.12,95,173,480131.63,112,216.85,1
68.88,67.23,2,0,46117.68,92,250.38,2
14.13,49.18,1,3,124.0,87,230.91,0
0.0,24.06,0,0,92.19,93,62.23,0
6.58,42.57,1,2,982.36,62,326.83,0
41.8,31.96,98,263,229858.42,108,243.49,1
6.92,16.31,0,5,4471.81,71,161.89,0
54.21,57.53,178,155,8894.05,136,185.29,1
4.76,25.92,1,2,1590.28,81,235.05,0
35.04,62.36,125,181,436168.08,105,361.87,1
46.43,25.0,105,196,168713.51,116,92.22,1
74.4,59.85,1,1,133552.99,103,334.78,2
61.15,71.95,0,2,116288.68,98,245.85,2
6.53,32.76,2,2,2261.17,92,315.48,0
15.67,18.14,1,5,1255.56,105,329.78,0
61.56,68.37,81,134,460060.23,110,222.93,1
92.17,60.29,2,2,36300.73,118,157.92,2
16.82,45.7,0,2,11108.45,73,292.97,0
38.43,58.98,95,133,186244.76,117,247.67,1
0.0,29.37,1,0,961.32,59,238.66,0
0.09,21.38,0,0,104.91,79,215.01,0
41.19,55.97,129,171,5000.0,106,354.87,1
48.29,56.25,166,136,639019.08,103,217.64,1
57.67,81.55,1,3,159261.58,88,420.26,2
27.87,37.18,133,149,173240.58,72,245.25,1
5.35,20.28,0,4,737.02,105,253.98,0
4.03,39.16,1,3,99.98,96,238.66,0
5.72,37.36,0,4,2744.95,89,194.83,0
9.43,29.25,2,1,16.4,58,322.48,0
4.35,38.13,1,2,1864.39,74,192.92,0
8.72,28.58,1,4,2723.67,69,333.27,0
15.78,24.15,3,0,3988.39,69,108.83,0
25.91,69.16,71,155,1628595.97,103,288.69,1
6.9,25.67,3,1,679.05,93,137.24,0
0.0,26.2,0,2,5817.94,91,281.09,0
10.0,36.37,135,210,632376.75,116,281.47,1
5.48,41.36,0,2,1698.68,75,159.17,0
39.92,49.13,117,235,488255.97,120,192.23,1
0.56,41.81,3,2,3055.81,72,244.6,0
28.07,44.48,125,126,152987.63,127,205.69,1
53.53,53.18,91,159,595746.13,119,231.81,1
8.28,31.34,2,3,2252.89,63,213.1,0
24.24,66.45,106,181,1307806.25,120,228.94,1
0.15,39.3,0,2,1456.0,83,218.09,0
2.96,35.56,2,1,3848.97,90,267.11,0
8.17,28.79,0,1,2498.81,79,146.19,0
7.59,19.55,1,0,113.42,118,188.38,0
82.42,72.35,2,2,178248.14,89,244.14,2
85.64,68.36,0,1,174042.19,101,175.22,2
6.15,19.32,1,4,823.16,89,228.07,0
11.41,34.76,0,3,3952.21,54,269.25,0
7.45,36.09,0,3,2986.41,82,261.52,0
92.46,87.2,3,2,500827.85,85,284.56,2
62.15,53.89,132,148,102610.75,102,297.08,1
90.18,87.67,1,2,43738.18,113,321.41,2
31.02,57.48,136,100,235119.61,96,317.12,1
5.91,11.16,1,2,734.06,86,268.78,0
77.79,63.25,2,1,221262.22,101,198.19,2
39.06,43.36,104,137,969642.56,145,134.76,1
4.66,38.51,1,1,2281.8,71,176.16,0
41.66,45.88,75,168,119961.8,123,309.51,1
15.79,35.93,1,4,1198.56,63,217.85,0
17.11,79.81,145,125,651402.0,123,298.2,1
9.28,24.52,1,2,1820.64,57,417.45,0
3.2,42.23,1,2,5309.5,62,203.85,0
10.09,21.42,0,3,4978.5,65,354.2,0
73.53,89.39,2,0,49919.11,106,217.56,2
9.35,28.2,1,3,1114.04,88,347.29,0
13.77,49.46,47,107,328505.42,124,358.93,1
6.27,20.83,2,0,7114.29,75,252.88,0
67.9,71.88,3,1,129664.37,134,334.5,2
20.5,54.67,136,143,639076.3,128,206.48,1
16.56,49.38,86,53,175018.23,95,281.13,1
10.0,38.1,134,171,363059.92,150,468.45,1
7.65,38.82,0,1,9411.83,89,200.71,0
54.48,72.61,1,0,254585.35,112,184.59,2
6.51,31.35,0,1,2095.98,64,98.82,0
8.23,40.76,0,3,1714.91,69,223.81,0
14.2,18.56,2,3,2453.9,54,253.63,0
42.92,56.11,161,124,130010.3,116,272.65,1
2.36,33.38,1,3,2622.71,105,206.84,0
9.95,31.22,0,4,2812.45,58,223.95,0
83.31,77.24,1,2,40223.96,79,211.44,2
88.87,62.56,1,0,41484.3,82,115.74,2
78.59,80.29,3,2,26346.14,111,256.47,2
89.99,72.03,1,1,169777.76,111,309.96,2
100.0,82.62,0,0,120662.91,69,309.4,2
86.06,76.73,2,2,100536.76,86,244.78,2
8.31,28.6,0,1,660.09,66,239.6,0
1.16,27.52,0,0,525.45,79,255.04,0
55.98,30.57,173,49,5000.0,102,196.04,1
7.19,36.07,0,1,5561.99,63,285.11,0
77.01,62.93,145,267,31289.64,103,281.69,1
30.14,61.26,132,125,235203.38,118,232.26,1
76.45,60.21,1,1,87151.2,116,297.89,2
39.66,52.7,143,129,192818.77,88,223.5,1
11.31,57.52,146,163,509041.87,127,337.03,1
20.15,35.6,141,160,1111117.6,86,271.0,1
78.29,68.54,1,0,22560.15,141,108.26,2
0.0,23.18,2,2,246.58,75,300.78,0
2.42,24.13,0,4,2124.65,86,352.93,0
67.89,81.27,1,1,99682.83,103,250.38,2
76.99,64.65,0,0,45372.26,125,50.0,2
5.48,34.23,0,2,151.28,97,219.64,0
2.14,19.23,1,3,875.06,76,64.29,0
29.13,41.65,109,99,191430.17,127,325.9,1
99.34,77.74,1,0,53963.42,108,261.3,2
84.29,63.86,0,2,99784.87,108,172.51,2
43.57,63.81,131,113,370756.04,152,97.25,1
9.0,34.56,1,4,959.92,94,167.03,0
62.37,53.54,87,205,388921.7,145,242.58,1
55.6,62.22,47,173,316526.75,142,442.07,1
6.83,37.69,0,2,118.71,108,116.8,0
6.8,26.6,0,2,3494.82,85,72.7,0
12.45,26.64,0,0,1280.77,85,186.0,0
0.94,16.18,2,2,735.22,91,278.58,0
6.43,36.02,1,3,2110.6,51,268.03,0
0.0,33.02,2,3,1704.69,84,189.84,0
5.29,18.31,0,1,294.85,88,160.82,0
35.69,50.01,202,110,546213.64,91,282.05,1
78.83,79.01,0,0,85686.94,90,244.64,2
2.27,27.19,1,3,1186.4,58,400.41,0
9.45,29.87,2,7,283.89,68,201.46,0
7.55,14.4,2,0,2446.81,80,174.58,0
1.34,31.33,1,2,34.14,82,368.67,0
33.3,66.02,99,190,154039.86,117,308.93,1
76.18,73.76,5,0,39545.34,74,108.3,2
82.99,69.62,0,0,65787.11,116,113.33,2
24.0,64.35,105,169,153910.13,137,223.82,1
11.75,29.58,0,1,604.48,84,300.06,0
4.69,29.04,1,1,114.3,81,304.1,0
38.84,76.92,107,144,309317.34,124,314.21,1
71.32,59.32,0,5,112852.7,92,235.76,2
47.0,58.62,46,96,1575197.81,130,326.85,1
48.23,44.21,111,151,325004.21,116,331.01,1
6.11,20.31,4,2,3616.0,95,248.19,0
71.3,68.21,1,0,98700.59,123,329.53,2
80.5,87.48,2,1,189621.62,93,221.03,2
6.88,30.63,2,2,269.5,81,193.21,0
43.71,53.2,82,185,217598.15,121,252.4,1
79.16,71.81,0,1,63076.36,91,161.79,2
4.5,42.98,2,4,4181.16,65,256.31,0
35.6,61.38,97,92,873496.19,121,179.36,1
74.39,88.37,0,1,298753.98,123,222.73,2
41.93,56.76,130,113,270593.11,145,177.3,1
11.23,18.01,1,2,2508.63,59,384.97,0
80.62,66.71,1,2,54758.73,91,119.56,2
28.31,64.23,160,139,804886.95,137,376.07,1
1.75,26.05,0,4,992.22,58,294.69,0
0.9,28.24,0,1,3865.92,88,50.0,0
4.99,34.52,1,0,35.76,51,344.44,0
3.4,16.79,2,1,2326.64,71,285.3,0
0.96,22.7,0,3,1168.61,109,274.72,0
85.0,80.51,3,2,37202.57,79,84.24,2
84.18,77.78,2,0,28358.04,116,279.58,2
85.45,55.0,3,0,65100.25,85,368.71,2
45.61,66.65,54,131,631113.65,112,179.12,1
95.5,69.56,0,0,17753.28,85,107.15,2
47.64,41.46,99,237,201990.91,164,237.78,1
32.04,41.76,79,65,1145851.92,108,234.77,1
73.86,70.08,2,0,139330.29,93,300.32,2
5.12,34.63,0,0,988.7,75,204.47,0
62.19,61.29,0,0,65653.27,105,272.24,2
8.57,32.27,2,1,176.06,68,251.5,0
59.01,73.23,0,0,55158.07,87,166.23,2
16.7,71.06,82,179,67433.5,123,192.38,1
70.17,61.67,0,2,2312.15,113,283.72,2
8.56,40.02,3,1,2597.97,66,227.12,0
9.03,29.89,1,2,552.15,74,145.32,0
91.66,98.0,1,1,59504.74,89,106.14,2
82.09,77.45,2,0,32570.22,105,322.58,2
58.1,80.63,0,2,27037.92,84,210.18,2
64.31,57.57,80,118,78987.62,112,334.22,1
43.79,58.76,95,173,691434.43,153,115.97,1
21.97,56.55,124,230,422801.43,118,340.38,1
5.32,30.33,0,0,483.05,97,336.64,0
10.16,14.71,1,3,612.17,50,338.53,0
98.55,73.99,2,1,62326.53,89,246.09,2
34.0,49.98,144,75,780632.07,124,137.39,1
2.78,32.86,2,1,2941.13,80,277.53,0
15.05,73.72,135,155,72048.44,116,239.69,1
65.81,47.32,107,140,187475.36,109,218.63,1
6.34,37.34,1,0,17.58,68,266.68,0
9.98,18.93,1,1,2118.03,51,298.31,0
20.92,51.38,88,170,151545.91,149,136.62,1
80.75,76.17,4,0,42812.24,92,231.13,2
13.89,33.37,1,1,1590.88,72,209.94,0
12.1,51.05,135,123,221163.34,96,211.9,1
5.38,43.75,0,0,2923.25,71,275.96,0
36.09,50.63,109,115,11920.08,116,193.8,1
75.85,64.77,0,0,88020.27,82,165.35,2
29.15,49.03,105,247,1458636.61,133,295.7,1
9.15,38.43,1,1,619.9,60,207.96,0
0.0,29.16,0,3,3523.18,90,177.25,0
10.18,38.44,0,2,853.99,67,193.77,0
6.37,39.25,1,1,2453.84,50,164.81,0
36.56,49.79,85,98,1129202.59,134,340.29,1
3.59,28.13,0,1,462.12,79,276.99,0
85.94,86.23,1,1,40053.7,128,164.69,2
11.95,47.01,96,204,261615.89,119,113.95,1
10.26,34.39,2,2,3987.09,89,232.94,0
44.55,62.42,118,136,340468.96,101,332.95,1
15.83,14.88,2,2,186.49,78,288.89,0
5.02,23.68,1,2,7336.05,56,342.92,0
6.79,23.07,2,2,3768.69,99,343.86,0
77.29,76.47,0,4,20470.17,87,281.52,2
9.75,36.31,1,5,20.54,81,238.15,0
9.98,34.15,2,2,1167.06,79,193.48,0
7.77,25.63,1,4,645.66,77,205.49,0
6.38,39.17,2,2,3301.14,95,182.55,0
8.35,31.16,3,0,2012.73,79,308.39,0
4.06,26.17,1,3,7832.67,72,243.46,0
0.23,27.48,0,1,869.2,79,198.38,0
42.91,51.02,180,236,299146.78,149,214.97,1
21.29,62.73,119,123,1686286.74,143,242.62,1
25.66,25.0,89,55,181834.73,106,200.01,1
1.45,15.55,1,2,746.3,97,225.37,0
2.34,28.11,1,0,1091.97,80,232.3,0
10.11,31.67,2,5,1242.76,68,202.01,0
1.31,34.55,0,3,10920.2,113,271.62,0
30.49,53.5,117,207,400499.23,167,225.53,1
41.55,65.32,160,169,52940.5,97,348.57,1
19.02,45.17,151,169,1952136.03,119,248.12,1
7.52,33.99,1,2,1216.63,81,94.28,0
81.72,72.74,2,1,259259.08,115,241.38,2
65.77,69.56,2,3,13553.9,98,324.06,2
88.67,66.24,2,0,9942.77,107,272.35,2
43.7,41.76,152,170,1285601.52,107,263.64,1
56.64,60.41,114,204,899345.21,133,69.95,1
0.0,33.06,0,2,598.93,82,123.71,0
7.3,23.66,0,2,4401.06,43,281.73,0
4.68,27.43,1,2,2900.35,99,50.0,0
3.3,21.7,1,4,816.79,77,302.21,0
58.5,56.79,176,156,373624.53,92,301.1,1
49.58,46.05,58,190,454465.04,107,108.17,1
43.76,59.13,207,157,26027.31,119,50.0,1
5.32,20.43,1,3,3333.62,79,296.09,0
0.28,29.22,1,3,3629.47,80,108.48,0
70.28,68.96,0,1,58140.4,99,341.16,2
0.0,22.04,2,2,610.35,87,259.63,0
33.59,68.22,128,79,725402.34,125,120.52,1
0.0,45.39,0,0,2068.47,62,297.64,0
0.0,29.39,0,0,419.59,101,364.72,0
69.11,86.81,4,1,373297.6,67,151.92,2
6.19,26.61,2,1,316.33,56,298.73,0
4.9,36.93,2,5,1548.5,104,305.63,0
34.23,62.67,118,220,1257263.27,108,248.67,1
100.0,66.13,1,2,34038.08,125,340.49,2
42.01,57.6,100,205,298844.66,77,50.0,1
0.76,41.51,1,2,2378.79,76,197.57,0
40.38,63.91,153,74,39040.72,109,159.98,1
87.81,55.0,1,0,76276.29,93,259.3,2
25.22,54.68,112,113,277439.37,90,281.86,1
7.22,16.35,0,5,870.52,61,136.05,0
0.75,35.23,0,0,8237.78,64,326.58,0
50.0,74.65,0,1,17936.9,112,245.39,2
45.07,25.0,80,158,752754.02,98,287.53,1
27.51,75.79,158,154,75974.8,125,313.79,1
73.78,85.32,0,1,57984.25,86,291.52,2
10.01,27.83,2,2,2206.28,66,290.62,0
75.0,93.55,1,3,270597.96,96,316.4,2
6.77,26.12,0,3,50.36,82,207.94,0
11.62,38.31,2,3,1865.8,66,293.36,0
16.62,34.61,73,82,687194.03,108,182.35,1
29.67,58.89,203,135,354739.37,133,316.87,1
28.43,53.3,134,141,140885.06,138,275.58,1
35.9,49.58,115,255,675222.0,112,350.98,1
49.25,44.61,70,231,819038.31,138,247.51,1
3.58,36.78,2,1,491.41,51,148.24,0
0.92,11.16,1,1,2442.5,72,122.53,0
8.33,32.69,5,2,71.08,85,116.16,0
3.46,34.07,1,1,2739.28,89,337.3,0
2.06,27.14,0,3,814.9,59,116.3,0
31.16,54.1,195,86,511831.85,126,236.65,1
78.0,79.49,1,1,16014.23,66,242.43,2
6.79,26.28,0,2,479.49,82,235.3,0
9.42,35.39,0,3,115.91,64,183.56,0
9.79,32.18,0,0,184.39,71,248.03,0
5.02,19.44,0,5,121.97,75,187.2,0
15.78,56.67,111,107,1446955.36,97,496.4,1
7.58,33.37,1,2,2273.66,71,194.64,0
91.56,79.67,1,1,305810.12,84,251.28,2
57.11,67.13,196,218,909048.13,132,371.52,1
13.77,38.55,102,108,85259.0,115,403.14,1
27.64,59.59,109,188,64978.55,102,259.09,1
4.83,28.96,1,2,1383.16,75,344.51,0
34.08,53.49,67,163,1571613.25,104,250.93,1
70.55,74.86,3,0,71608.55,105,262.87,2
6.85,33.14,1,0,1444.78,78,172.3,0
77.79,55.0,2,0,161635.25,100,281.33,2
10.26,32.06,2,2,3831.45,81,232.01,0
52.51,77.4,0,0,82711.94,90,360.66,2
86.59,76.46,0,0,514275.29,107,305.86,2
66.41,53.94,168,154,130032.45,105,257.88,1
10.86,37.92,1,3,2945.46,73,267.41,0
60.05,71.35,2,2,148989.7,111,271.3,2
9.23,37.2,0,2,913.15,80,228.17,0
3.51,26.61,0,1,5868.82,67,305.2,0
100.0,75.4,1,1,123517.37,103,134.6,2
18.84,48.11,143,221,580206.66,96,324.08,1
10.0,58.59,72,160,45631.82,149,157.59,1
17.37,48.79,66,170,649363.74,102,305.5,1
20.32,48.57,56,73,316306.1,100,344.62,1
49.1,55.23,104,297,86253.06,170,267.34,1
36.61,56.03,92,143,398685.27,119,260.17,1
22.62,51.86,124,74,132274.37,107,295.8,1
11.4,23.7,0,3,3705.71,90,225.72,0
45.95,45.96,101,248,1764801.99,127,188.54,1
2.4,18.59,0,3,3979.55,84,420.6,0
7.57,18.24,1,5,6248.35,95,248.36,0
8.35,35.77,1,3,6374.95,72,351.62,0
16.32,34.47,101,20,74588.43,120,170.58,1
89.33,93.12,2,0,27951.77,94,115.19,2
12.44,59.98,122,142,240655.82,104,293.28,1
23.19,42.55,97,81,99281.91,153,277.17,1
2.62,30.2,2,6,2616.9,108,321.74,0
71.86,91.33,1,0,205844.1,71,160.8,2
21.53,47.5,102,195,247063.97,101,302.15,1
8.78,39.25,1,3,1198.62,101,185.9,0
33.15,55.97,59,90,431372.48,78,421.69,1
5.23,12.28,1,5,2542.71,71,193.04,0
54.08,75.63,3,1,169382.17,80,324.52,2
9.49,42.37,1,2,222.26,78,148.53,0
74.64,78.08,0,2,140287.81,99,285.03,2
0.0,25.49,2,1,1028.06,96,333.46,0
12.21,45.84,103,51,75383.85,154,211.68,1
78.64,83.59,0,2,98331.73,103,313.7,2
2.35,39.91,2,1,1229.3,73,214.67,0
6.68,27.97,0,2,843.25,77,248.79,0
43.51,47.65,138,129,308081.25,111,138.41,1
55.15,54.8,127,200,441240.42,138,372.65,1
100.0,70.22,1,0,334130.74,75,270.65,2
6.82,31.78,1,3,1825.41,95,175.16,0
36.35,49.45,88,197,468277.11,118,270.57,1
7.38,38.21,0,2,788.13,89,256.79,0
33.09,59.48,97,200,209371.55,98,372.23,1
22.99,52.77,30,196,137384.65,130,327.53,1
2.96,36.06,2,1,656.93,90,226.75,0
0.81,16.42,2,2,2382.44,90,261.78,0
34.62,47.74,172,104,138792.01,79,83.89,1
34.18,70.64,127,121,37385.27,93,262.09,1
13.88,38.08,159,154,250335.38,105,155.51,1
12.72,57.32,83,144,180014.64,164,205.0,1
7.84,21.37,1,1,2037.4,98,243.12,0
2.38,38.88,2,4,3069.67,79,85.56,0
1.43,25.87,0,0,1921.3,94,279.92,0
8.97,34.47,0,2,4009.27,83,54.91,0
26.98,52.09,35,189,88308.19,156,299.9,1
75.23,56.26,2,1,16746.31,117,215.41,2
6.84,31.37,1,3,6146.34,95,257.52,0
26.58,31.52,154,113,924804.69,133,119.13,1
4.8,32.0,1,1,4720.25,73,302.08,0
10.78,58.69,142,143,317400.25,126,287.22,1
10.0,59.1,73,156,87728.88,127,321.19,1
66.67,67.8,2,0,85622.46,72,202.84,2
39.28,65.2,175,154,1338969.41,147,228.79,1
23.1,46.09,154,225,35537.21,122,234.61,1
70.67,65.4,2,0,46764.9,105,219.23,2
68.6,81.76,0,0,106665.09,84,446.46,2
75.47,87.77,1,2,71835.19,122,297.58,2
26.61,43.36,35,183,771490.53,83,348.74,1
10.42,49.41,2,2,1879.7,61,268.25,0
5.05,43.36,1,1,5115.19,85,141.41,0
24.1,67.61,146,161,518978.49,104,312.33,1
3.24,26.81,1,4,2194.69,79,190.57,0
70.6,57.95,1,0,38575.64,100,240.34,2
22.42,28.12,88,115,283392.27,121,300.51,1
4.54,10.0,1,2,2140.92,87,272.48,0
22.37,35.68,85,202,807306.17,165,390.83,1
81.53,78.72,1,1,15315.54,88,217.61,2
26.4,66.6,104,163,115040.84,121,221.16,1
1.26,42.45,0,1,873.44,98,285.66,0
16.55,65.64,154,172,205059.85,116,350.99,1
0.44,36.81,2,3,371.68,92,187.25,0
11.4,35.23,0,2,1184.48,85,245.29,0
33.29,56.17,94,98,18037.52,131,207.46,1
73.45,86.33,1,2,286697.83,101,250.79,2
13.51,30.63,4,1,2799.55,69,256.32,0
8.8,25.09,1,2,4621.47,68,300.54,0
20.09,56.24,128,160,122052.94,106,123.56,1
3.07,10.0,0,3,3533.75,88,164.32,0
43.43,62.71,116,262,180321.01,114,122.32,1
93.18,63.21,0,2,17539.28,84,418.55,2
11.21,27.92,0,1,1787.95,89,339.12,0
0.71,33.37,4,1,846.68,90,163.99,0
5.83,42.07,1,2,200.33,78,143.87,0
5.13,37.54,1,0,1498.33,71,353.38,0
31.07,60.28,70,84,383500.47,93,232.18,1
11.63,36.81,0,1,1935.96,93,222.85,0
65.55,88.21,1,0,126950.02,88,270.36,2
68.93,62.71,110,29,295079.24,113,224.68,1
46.41,59.94,87,149,636131.71,125,238.56,1
10.48,69.16,134,104,592124.52,158,130.75,1
13.02,47.48,97,152,406751.31,142,195.47,1
0.0,25.75,0,7,377.79,80,195.13,0
45.19,42.53,98,155,708972.86,152,268.56,1
0.0,20.58,0,0,2698.91,103,479.07,0
7.88,20.06,0,2,1044.27,58,270.98,0
52.23,49.82,86,131,370102.01,92,151.92,1
17.25,35.36,1,5,5647.1,92,173.04,0
70.87,73.1,0,2,88960.54,101,188.65,2
85.31,97.54,1,2,35407.21,101,223.61,2
5.53,39.38,2,2,1524.74,73,184.11,0
17.68,62.37,131,137,564302.82,154,50.0,1
34.16,65.92,191,131,10697.79,124,212.89,1
84.19,72.92,1,2,7264.05,82,261.72,2
4.78,34.23,0,0,2239.2,87,210.34,0
93.95,78.86,1,2,150021.95,99,222.6,2
94.45,76.62,0,1,78840.01,108,367.62,2
71.46,89.59,2,1,27361.29,68,223.21,2
10.0,45.78,100,87,3072798.39,92,231.68,1
5.53,26.54,2,1,2449.43,69,236.52,0
67.11,84.25,0,0,138147.31,108,323.81,2
36.77,37.78,132,207,1064385.34,126,196.39,1
52.84,42.52,107,143,773536.43,133,289.22,1
2.74,34.68,0,5,5440.45,81,196.7,0
0.56,26.03,1,6,226.07,69,335.14,0
48.88,38.51,110,187,611229.15,95,153.13,1
30.16,49.4,121,148,784120.25,132,394.06,1
52.49,74.14,95,149,460940.46,138,309.46,1
3.81,30.32,2,2,1427.46,87,158.45,0
0.0,24.06,1,1,874.78,96,259.68,0
2.73,25.72,2,1,3514.11,93,300.16,0
46.67,57.74,100,143,102843.46,103,396.65,1
4.32,36.22,2,1,3952.18,87,214.55,0
98.72,98.0,1,0,15725.32,94,284.05,2
33.08,66.22,31,253,1032468.15,112,311.42,1
34.09,54.5,115,229,23451.55,137,211.01,1
30.0,66.4,57,192,2624558.52,157,338.19,1
36.92,43.04,109,155,958014.01,119,161.97,1
7.25,11.14,1,4,3482.36,95,197.58,0
2.54,28.55,1,0,400.37,73,194.1,0
18.38,59.59,134,70,884754.89,166,180.57,1
69.12,64.54,1,1,105955.15,113,202.51,2
15.35,31.36,0,0,899.5,87,229.19,0
5.41,31.64,0,1,318.23,108,67.55,0
10.95,21.63,1,2,2850.8,75,301.04,0
24.93,50.46,154,143,491368.64,106,276.02,1
25.91,53.17,121,197,268713.87,110,320.28,1
27.56,45.66,108,206,1006691.84,118,160.11,1
95.21,73.96,2,2,8111.83,94,262.7,2
6.88,22.0,0,0,909.77,53,418.78,0
7.14,23.71,2,1,1386.11,79,234.95,0
88.4,82.73,1,3,24310.7,72,220.52,2
95.0,74.73,0,3,34472.41,83,256.33,2
51.37,62.82,143,226,542596.67,139,282.21,1
67.66,77.09,4,0,33222.47,87,244.85,2
34.83,57.23,145,202,350263.3,127,273.51,1
11.89,33.96,2,2,1778.63,56,143.58,0
89.19,60.09,1,2,69842.28,72,312.37,2
9.93,29.65,0,0,1215.36,63,249.94,0
74.48,95.04,0,0,32887.67,122,360.97,2
41.87,76.83,153,184,1615756.43,138,210.42,1
89.81,73.06,0,1,348651.67,102,244.6,2
2.16,20.76,4,2,2010.7,82,254.36,0
77.12,70.81,1,0,158300.78,108,50.0,2
31.89,70.3,131,144,301113.5,124,155.77,1
2.41,19.25,3,3,1050.0,93,211.59,0
22.37,69.09,99,66,903118.42,116,285.51,1
72.72,83.41,1,0,48432.64,134,416.55,2
44.94,57.45,98,116,186119.99,117,258.46,1
8.03,30.27,0,3,259.35,76,222.73,0
23.16,53.76,173,43,141658.06,140,252.93,1
8.49,23.47,0,1,328.3,77,89.63,0
78.1,73.52,2,0,39648.29,86,271.43,2
8.54,25.56,3,2,105.41,94,327.18,0
2.8,35.89,0,1,6485.14,77,222.53,0
7.8,35.36,1,3,1159.82,85,361.87,0
3.93,24.21,1,3,1705.38,101,346.59,0
42.93,59.74,93,202,63913.83,129,290.13,1
74.58,86.12,2,1,136665.05,85,248.6,2
63.01,64.31,0,2,5684.88,98,70.18,2
21.37,62.14,46,128,748278.41,84,363.55,1
19.74,61.58,98,169,672713.45,143,440.59,1
38.2,29.41,160,176,829051.63,119,288.54,1
80.79,75.09,1,2,132747.79,73,202.56,2
4.68,38.71,2,2,2247.57,75,158.65,0
81.49,81.53,1,2,33643.34,97,351.96,2
31.72,38.94,106,132,248727.66,115,221.23,1
7.31,35.98,1,2,691.74,65,209.36,0
0.0,15.53,2,5,4101.77,71,50.0,0
4.77,42.99,1,3,1385.04,71,321.3,0
32.12,60.33,86,116,639327.71,156,88.92,1
0.0,31.41,2,1,190.41,79,257.93,0
5.52,25.58,0,0,278.41,78,396.98,0
19.17,41.54,131,111,647984.7,88,378.67,1
100.0,70.5,2,2,37481.42,75,120.69,2
19.37,45.35,101,146,116892.5,144,320.64,1
40.29,36.41,89,228,488976.12,124,330.05,1
61.89,38.89,221,128,58332.76,93,252.18,1
51.06,57.03,141,198,369074.93,137,234.16,1
77.82,76.84,0,1,41993.92,126,287.68,2
12.31,32.31,1,4,64.08,93,319.14,0
27.64,79.0,110,160,756737.26,112,300.68,1
12.91,26.45,2,1,3131.32,117,126.29,0
83.15,77.45,0,3,18778.9,100,400.71,2
27.18,67.97,114,127,437816.03,132,196.22,1
0.09,39.37,0,1,231.9,112,313.15,0
41.18,51.84,132,134,112716.56,122,380.42,1
39.69,38.03,199,136,948210.58,90,283.31,1
4.64,47.92,1,1,990.93,86,176.22,0
34.93,56.58,213,182,8773.62,128,308.44,1
5.09,22.72,0,2,1017.48,66,262.35,0
4.98,28.93,2,0,521.65,60,227.78,0
50.4,40.73,30,139,164934.16,94,272.89,1
68.86,85.17,0,0,10553.99,127,342.76,2
44.35,71.71,103,122,526471.4,110,173.32,1
2.88,43.55,0,1,6.16,47,367.87,0
16.94,67.26,224,144,104292.37,92,172.87,1
82.8,75.42,1,0,166965.08,75,244.75,2
12.32,44.47,30,180,444869.46,126,169.6,1
92.01,85.54,0,1,71005.4,116,235.64,2
47.0,66.62,78,194,1037076.37,139,271.35,1
7.09,30.37,2,4,708.31,60,332.31,0
21.55,68.13,131,176,1175920.08,122,208.54,1
76.89,77.18,1,0,117510.07,120,161.78,2
19.45,27.31,94,102,399224.23,112,156.98,1
66.52,65.85,1,2,5699.03,96,184.53,2
36.42,64.45,119,165,1205867.63,153,241.18,1
81.99,82.11,1,1,45258.36,124,214.52,2
10.0,67.8,201,152,528877.7,98,208.5,1
76.22,72.66,1,0,34433.27,68,384.43,2
77.35,74.65,1,0,125792.73,79,191.04,2
17.77,70.33,125,174,110288.27,134,268.68,1
61.11,71.1,1,0,163726.24,76,306.52,2
0.0,37.09,0,0,5802.8,69,260.83,0
2.78,30.46,1,2,665.73,103,138.15,0
67.26,94.52,2,1,80673.89,102,417.97,2
64.35,84.77,3,0,85907.0,93,83.32,2
14.21,37.05,1,1,146.36,76,297.46,0
79.01,59.27,0,3,14363.94,134,348.77,2
12.32,33.28,0,3,2608.26,85,318.02,0
16.89,43.53,117,209,795632.07,87,200.09,1
75.07,83.66,0,0,144661.79,109,121.43,2
4.86,24.04,1,2,4487.96,72,180.65,0
6.18,19.45,2,0,1709.25,99,199.08,0
39.09,53.24,132,110,534622.54,91,434.75,1
79.6,71.23,1,6,5910.27,81,137.67,2
66.53,87.37,0,0,18164.66,94,94.91,2
4.78,34.3,0,2,1481.57,95,266.77,0
25.52,49.13,114,173,1640411.19,80,313.27,1
18.37,63.89,166,120,393580.44,128,322.35,1
20.49,35.81,54,101,105629.55,118,292.05,1
5.61,30.49,0,0,2814.27,91,267.62,0
43.56,58.47,123,146,442710.84,109,108.46,1
81.26,55.0,0,1,82018.58,124,234.21,2
71.56,70.05,4,1,200109.87,94,311.94,2
87.45,64.72,3,1,201719.03,90,168.17,2
4.77,31.41,1,1,1783.85,88,217.48,0
6.16,36.08,2,0,936.86,78,370.0,0
4.55,37.27,0,1,6341.71,75,416.6,0
0.84,29.65,2,3,509.91,82,241.91,0
9.07,27.25,1,0,29.71,80,254.35,0
34.73,47.08,79,204,610051.23,142,177.26,1
22.74,64.25,197,216,263129.31,135,226.55,1
31.25,65.34,97,167,370608.07,158,361.44,1
11.48,30.63,2,3,611.42,92,166.09,0
6.9,44.11,1,1,126.72,78,138.9,0
40.58,45.83,152,143,90297.99,132,172.0,1
9.68,30.79,0,3,1915.48,58,367.7,0
53.59,67.6,1,1,64852.23,112,254.61,2
43.13,63.34,195,125,11238.14,127,193.32,1
38.15,36.49,142,60,13155.13,138,249.85,1
84.95,55.45,1,0,49711.68,102,78.53,2
8.96,29.3,2,2,2105.65,83,180.92,0
67.02,56.71,126,186,396031.99,89,225.18,1
54.79,64.47,2,2,86447.19,95,261.51,2
76.51,83.31,1,3,216686.43,115,247.27,2
50.0,80.93,1,1,76396.59,66,165.47,2
90.72,75.91,2,0,2112.28,98,195.71,2
9.74,19.02,1,2,1359.54,95,112.07,0
11.2,20.64,3,2,864.78,115,280.47,0
11.03,27.98,2,2,1973.92,90,202.41,0
32.26,48.52,201,171,1166012.61,116,355.33,1
1.01,27.82,2,1,3413.39,96,178.62,0
1.86,41.64,2,0,3858.06,69,311.71,0
10.0,55.75,136,95,819912.62,132,308.93,1
2.69,29.03,1,1,1266.92,98,276.28,0
43.77,51.61,62,201,539934.57,102,267.83,1
42.08,41.78,124,124,176276.77,102,115.28,1
2.72,15.75,4,7,324.27,76,430.28,0
8.75,22.88,0,3,2885.72,67,251.69,0
7.54,21.81,0,1,11401.05,86,162.15,0
27.93,75.97,83,214,1320771.52,145,251.49,1
35.63,49.35,127,118,226449.49,96,215.06,1
0.97,33.85,1,1,6464.84,87,370.27,0
61.28,72.14,1,0,193378.1,89,350.17,2
14.75,63.25,176,96,722409.37,70,106.82,1
10.56,26.97,1,1,722.99,71,354.12,0
8.29,43.44,2,3,102.95,88,283.58,0
77.52,74.56,2,1,11090.83,89,280.18,2
71.33,72.69,1,0,15897.8,111,188.32,2
95.97,83.82,0,3,85733.17,64,211.23,2
47.05,56.81,205,200,213128.57,103,327.55,1
59.07,26.85,92,234,528535.87,148,238.73,1
26.36,58.83,94,124,666947.08,91,294.76,1
0.89,35.95,2,1,3514.79,68,240.84,0
18.97,37.12,108,261,862505.7,110,187.11,1
35.71,53.9,218,157,358505.27,136,434.54,1
34.38,64.98,138,110,1046623.29,110,306.88,1
13.2,68.23,46,134,321854.53,105,324.48,1
27.31,62.83,92,137,183038.33,168,199.71,1
10.0,27.93,122,140,501829.57,137,176.8,1
0.47,28.49,1,3,697.27,92,165.66,0
21.91,66.11,100,160,517983.4,107,243.99,1
33.36,35.75,131,82,33483.58,112,351.3,1
58.3,55.47,139,173,268503.92,132,404.6,1
9.21,31.37,3,1,1316.9,68,84.78,0
2.82,36.07,1,6,3168.84,72,395.33,0
4.49,34.52,3,4,473.67,98,293.67,0
83.35,65.54,1,2,134078.59,111,245.96,2
8.82,15.48,1,1,660.79,66,215.91,0
3.87,27.6,1,3,474.88,71,163.76,0
23.29,37.88,161,162,1232164.01,164,300.17,1
41.89,55.7,128,94,802633.52,121,221.7,1
35.41,62.0,96,172,70698.71,108,245.93,1
75.19,65.37,0,1,80860.49,94,355.61,2
0.56,26.83,2,0,483.91,98,100.42,0
33.28,42.05,96,220,146271.1,117,307.84,1
40.57,31.33,91,225,1251775.13,152,115.24,1
23.45,57.52,115,142,46411.18,136,294.47,1
66.89,67.06,1,0,16175.71,90,252.78,2
6.74,29.82,1,3,1873.57,67,194.49,0
6.16,33.89,3,2,829.63,81,247.99,0
47.75,47.03,136,79,118480.72,114,206.12,1
2.31,28.75,0,1,1526.88,63,435.15,0
8.68,34.17,2,2,7860.4,91,275.5,0
89.37,66.51,1,0,18694.38,87,322.19,2
26.65,50.58,103,100,641880.86,140,145.11,1
74.64,77.04,0,3,65107.75,136,201.79,2
92.7,79.7,2,1,22664.92,104,343.88,2
72.41,74.4,0,1,169735.25,94,302.9,2
48.23,72.65,111,176,260579.08,97,223.6,1
65.03,82.11,1,1,203027.75,101,183.57,2
10.95,28.86,1,1,8.72,78,222.06,0
34.28,28.98,203,256,1051985.78,100,268.81,1
55.86,49.12,181,64,828971.24,115,149.44,1
79.6,77.49,1,0,75564.4,105,365.82,2
6.18,38.01,3,2,1089.38,82,88.97,0
34.38,50.15,56,195,1100504.98,143,164.47,1
84.39,56.43,0,0,89931.01,99,324.54,2
13.3,21.07,3,2,1556.45,89,172.36,0
44.17,53.88,77,147,1692195.56,109,234.21,1
11.75,16.17,1,0,4871.42,80,160.94,0
72.03,82.71,1,0,4816.24,116,257.93,2
48.06,51.15,163,165,1010660.88,113,239.96,1
98.45,84.73,1,1,19254.89,107,181.99,2
37.24,59.82,162,39,935752.98,124,254.6,1
18.17,58.31,103,74,558789.45,112,296.91,1
66.66,49.23,173,139,1451431.58,149,277.17,1
70.74,66.38,0,1,174006.15,118,209.98,2
18.76,73.78,64,188,396746.39,93,166.12,1
31.18,86.64,97,86,1330490.08,101,242.8,1
5.59,20.49,0,3,571.32,66,65.52,0
9.71,31.96,0,3,2725.44,68,232.42,0
35.36,74.49,137,100,263574.11,128,143.47,1
0.58,46.95,0,0,306.29,101,352.54,0
3.67,29.17,2,2,122.88,63,205.94,0
7.15,18.05,1,3,3009.45,67,104.95,0
5.65,28.07,1,2,4147.58,78,114.88,0
10.0,39.59,126,116,49484.4,126,376.57,1
42.34,74.72,53,295,213545.42,99,108.55,1
81.1,76.54,0,5,12478.28,75,136.91,2
24.97,68.2,90,238,5672.08,136,228.2,1
13.37,44.65,2,0,4805.5,52,319.92,0
66.57,61.9,2,3,4035.82,112,179.39,2
41.95,66.46,196,146,162198.27,154,336.56,1
25.6,41.21,103,110,206836.9,135,326.23,1
26.85,56.72,62,143,188341.61,140,315.94,1
23.98,73.75,119,122,710851.62,92,284.67,1
11.41,34.08,2,1,706.85,86,231.7,0
40.42,40.9,134,138,17593.38,125,252.52,1
77.89,74.49,1,1,279999.8,85,90.77,2
67.25,70.58,1,1,17050.15,88,181.48,2
10.4,19.37,0,1,882.79,92,335.06,0
40.21,73.05,159,250,347125.71,150,349.52,1
24.94,71.97,148,201,217594.34,149,458.63,1
40.47,55.67,123,130,514945.78,108,411.82,1
61.88,68.09,111,228,45829.1,113,269.36,1
71.2,57.59,145,227,266111.77,122,256.9,1
58.19,55.0,4,2,71206.61,107,198.34,2
17.67,42.71,154,119,656852.6,153,239.1,1
12.73,36.31,2,4,1068.8,86,267.93,0
28.73,51.96,128,186,281121.38,150,226.46,1
76.02,60.32,107,142,223854.89,101,333.55,1
25.88,63.09,115,136,1260592.9,130,293.16,1
1.97,39.94,1,2,1093.68,75,105.63,0
7.61,25.2,1,0,1072.17,62,327.2,0
27.63,64.55,159,116,1136237.89,157,235.8,1
32.85,43.4,119,154,588911.36,85,277.74,1
8.13,24.85,1,0,1655.6,96,186.94,0
24.51,46.19,152,214,172262.7,113,201.26,1
56.13,53.33,136,167,1077995.79,138,343.99,1
9.62,24.82,1,2,3858.94,92,280.2,0
0.0,38.15,1,1,6449.94,61,135.03,0
5.65,31.3,0,4,4591.07,55,298.58,0
8.46,37.91,1,4,39.98,92,120.16,0
25.67,50.52,116,214,991053.17,100,281.16,1
41.89,44.5,132,200,978573.54,142,288.22,1
41.22,63.43,146,125,1165073.79,97,232.76,1
43.78,77.24,54,140,765958.84,141,369.78,1
11.16,14.18,0,3,922.75,94,218.59,0
36.28,44.9,48,215,291688.19,122,50.0,1
0.0,10.0,1,1,8423.07,81,234.88,0
6.05,36.93,0,4,1616.7,102,238.74,0
1.72,36.54,1,1,1623.15,109,305.22,0
21.58,50.29,99,125,92151.66,138,166.22,1
45.52,37.59,129,112,588671.01,125,193.68,1
3.52,10.0,2,2,4737.94,81,218.98,0
2.01,22.35,2,1,173.83,92,380.36,0
31.96,34.25,66,213,244083.83,85,352.08,1
2.55,37.6,0,2,788.97,85,191.8,0
70.75,58.57,0,0,58537.82,112,257.23,2
73.46,85.78,0,0,88199.23,99,252.91,2
64.59,52.58,101,137,199363.74,114,108.88,1
2.48,24.71,2,1,3825.3,92,327.86,0
16.74,54.74,111,158,544702.09,133,313.45,1
78.21,98.0,3,2,11437.94,115,221.15,2
7.6,26.08,2,1,4171.72,83,262.43,0
21.67,50.01,144,132,5000.0,142,63.01,1
0.0,38.36,0,1,1554.76,69,227.04,0
8.71,21.01,1,3,457.07,74,151.77,0
5.14,31.59,1,2,986.69,77,216.8,0
41.18,56.43,124,76,622830.68,131,113.68,1
10.93,47.84,0,0,1389.82,104,197.58,0
6.01,31.88,0,0,356.62,89,215.3,0
8.53,19.64,1,2,4191.59,78,109.65,0
9.48,24.58,0,0,2044.35,84,302.02,0
9.49,31.42,1,1,2183.86,41,315.69,0
41.69,47.38,148,123,96577.19,118,280.85,1
41.19,50.81,131,136,86303.31,136,256.45,1
68.8,79.41,1,3,101966.37,93,208.39,2
0.0,29.94,1,3,3764.72,110,227.64,0
67.79,78.62,1,0,2634.4,102,106.32,2
19.03,36.76,68,201,1034200.36,143,179.05,1
36.11,61.46,165,119,243761.56,144,307.22,1
13.99,33.74,2,0,2283.18,87,350.45,0
78.54,72.54,0,1,244390.96,125,365.67,2
7.95,20.3,1,4,561.53,78,107.28,0
46.87,49.45,76,141,189367.67,116,261.59,1
19.93,60.46,109,211,435584.6,105,166.38,1
0.0,30.16,0,0,1988.47,78,332.41,0
36.66,25.0,96,223,699316.31,108,358.47,1
20.84,64.35,162,168,723253.66,139,57.75,1
7.47,22.77,3,0,6214.56,71,326.05,0
47.06,49.65,94,202,366163.27,109,328.88,1
31.24,45.31,105,85,379523.14,114,91.69,1
8.22,32.78,3,0,1064.05,79,229.31,0
8.43,33.43,0,1,130.35,59,264.91,0
33.07,65.85,188,205,1358854.61,135,208.39,1
93.44,70.28,1,0,6156.47,98,241.0,2
84.87,71.85,2,0,31009.64,101,347.94,2
37.61,42.54,103,78,586096.72,109,218.93,1
57.3,68.74,1,0,26978.99,101,344.2,2
3.76,21.47,1,1,422.75,79,67.36,0
80.1,71.96,0,0,30275.14,115,218.48,2
5.47,31.09,0,3,5579.21,84,344.5,0
3.54,30.47,2,2,7376.26,61,317.2,0
0.53,34.82,1,3,867.68,67,338.63,0
97.02,85.44,3,1,129817.27,105,220.03,2
67.85,63.32,1,1,68443.29,114,171.7,2
24.61,68.58,93,168,121253.17,130,318.6,1
27.83,39.73,127,93,456740.54,151,187.45,1
94.56,84.53,2,2,41652.26,117,266.2,2
29.53,71.89,93,119,458943.16,121,222.23,1
94.21,67.68,2,2,52258.65,86,262.07,2
8.22,33.32,1,3,1104.71,72,428.32,0
6.92,26.28,2,1,474.39,76,244.41,0
7.5,40.64,1,0,904.5,73,259.57,0
49.58,39.6,159,70,376587.45,108,327.98,1
6.72,35.86,1,2,2031.02,67,243.62,0
9.28,41.71,1,3,797.37,97,272.16,0
52.42,80.61,0,2,93912.8,107,133.54,2
78.41,87.42,2,2,92786.17,110,294.59,2
1.35,40.73,2,2,801.86,82,231.15,0
2.86,10.17,1,0,364.08,72,202.76,0
42.77,63.22,105,133,667436.18,114,202.37,1
37.05,41.12,149,171,890130.96,92,294.24,1
75.16,67.88,3,0,138023.3,104,322.14,2
6.89,34.67,0,2,5363.48,70,191.61,0
1.13,20.39,1,3,459.45,72,308.19,0
11.22,30.34,4,2,1015.99,93,261.35,0
88.47,78.08,0,3,92787.71,126,168.62,2
74.33,83.95,1,3,37731.91,101,75.58,2
5.87,15.73,2,4,4134.18,102,291.88,0
2.4,33.5,1,5,4609.68,82,175.39,0
6.06,23.69,2,2,579.93,79,177.84,0
60.4,61.33,1,2,474581.21,104,274.22,2
0.0,31.57,2,6,8884.29,69,276.63,0
62.49,75.81,0,0,188078.26,108,382.04,2
8.61,30.25,0,0,3288.33,96,327.94,0
8.55,32.93,2,2,446.62,78,236.89,0
20.6,56.4,119,110,315579.28,124,435.47,1
38.05,70.18,162,149,289107.09,119,451.54,1
86.24,77.57,1,2,37389.27,85,233.38,2
69.82,77.56,1,1,14287.46,102,62.79,2
6.95,22.49,0,0,410.91,103,257.6,0
49.59,59.38,63,60,2077637.67,146,278.92,1
11.49,33.92,2,3,1838.03,83,242.49,0
93.84,74.99,0,2,2692.89,102,269.19,2
2.73,33.77,0,1,2139.81,89,193.98,0
61.24,75.73,1,3,5217.73,117,207.87,2
4.73,32.19,1,2,3504.93,76,239.8,0
8.71,40.6,0,1,2013.97,79,273.55,0
11.87,24.2,1,5,2210.23,72,50.0,0
10.44,34.29,0,3,6966.92,71,146.98,0
75.37,73.66,0,2,207678.39,88,405.22,2
34.39,68.04,104,198,374882.75,135,206.66,1
13.13,36.02,2,0,846.29,100,260.81,0
35.65,40.42,149,197,126811.56,143,233.17,1
0.0,26.94,1,1,604.22,109,311.53,0
34.25,79.6,163,241,785497.79,131,222.03,1
4.75,31.64,3,2,149.04,84,229.48,0
8.53,29.21,1,3,1099.37,62,208.88,0
57.23,61.26,77,102,476792.85,103,376.96,1
14.69,81.51,89,61,91179.84,140,179.62,1
46.41,42.6,145,116,76367.5,158,238.22,1
2.15,23.46,1,2,940.98,105,311.97,0
5.83,24.77,0,2,1033.27,66,227.55,0
36.49,51.34,202,129,574797.16,95,286.06,1
41.95,61.95,65,111,234143.07,85,237.78,1
5.8,18.44,1,3,1515.36,100,215.41,0
32.07,45.07,117,184,1035263.04,82,119.73,1
15.18,64.05,120,147,409029.67,94,329.95,1
7.57,39.09,3,2,3531.81,52,250.39,0
78.88,56.03,1,0,94450.32,118,198.98,2
9.32,30.69,1,2,76.57,90,96.71,0
29.13,45.83,87,224,1781282.63,139,260.67,1
34.38,59.57,208,25,1230527.31,133,229.51,1
39.0,70.79,118,173,278599.28,129,321.46,1
74.8,75.02,0,1,149621.31,60,271.34,2
46.95,63.72,47,176,207538.7,110,264.26,1
82.5,84.46,1,0,221994.69,86,196.98,2
24.07,43.31,139,154,1037144.7,113,189.06,1
39.15,32.64,68,215,586740.67,135,354.55,1
4.57,35.82,3,2,2552.36,86,223.95,0
0.53,24.18,1,3,5375.82,79,360.42,0
10.0,77.17,170,120,453135.14,145,242.97,1
25.22,49.29,166,165,394234.43,101,246.92,1
2.59,24.65,1,1,1862.0,77,198.66,0
50.8,43.48,112,176,14431.28,99,221.81,1
19.85,43.05,154,179,2209673.46,102,162.34,1
8.59,41.79,0,3,1373.47,73,238.48,0
9.9,23.41,3,3,595.82,84,296.75,0
28.66,55.77,173,127,420465.74,151,352.85,1
72.2,65.12,0,0,35806.82,91,311.03,2
44.39,58.52,143,133,1293963.77,122,283.06,1
32.75,61.04,117,205,64174.05,115,327.23,1
4.37,24.0,1,1,3808.01,88,226.5,0
6.9,18.62,2,3,1871.22,82,227.71,0
1.36,28.08,2,0,3171.84,94,168.47,0
74.76,80.4,1,1,47006.6,89,124.13,2
1.67,34.34,3,0,5506.17,91,409.47,0
0.51,24.37,0,2,407.74,68,215.35,0
63.81,71.29,1,1,81892.7,102,269.72,2
13.51,45.6,0,5,669.16,78,178.75,0
31.37,63.32,153,243,327886.1,168,114.65,1
5.02,32.11,1,0,1297.17,85,295.47,0
32.19,51.92,103,174,329044.63,131,227.78,1
65.94,58.86,0,1,139427.99,90,380.83,2
8.44,38.21,0,0,2388.77,62,324.55,0
44.35,49.94,122,113,907250.42,115,275.32,1
100.0,91.73,2,2,22995.76,103,328.06,2
40.71,72.45,88,178,335086.81,114,319.49,1
85.13,70.74,0,2,160051.08,96,316.66,2
5.46,31.08,0,2,3542.2,92,85.6,0
17.6,54.29,69,253,477702.39,100,197.02,1
45.36,78.16,181,83,743583.03,111,190.88,1
91.06,88.12,0,5,59874.62,108,233.06,2
10.0,62.3,113,116,1978704.62,137,50.0,1
96.58,78.51,0,2,59847.19,132,331.8,2
3.12,37.63,2,1,2184.38,76,132.46,0
26.04,49.37,114,128,16982.63,113,225.4,1
98.5,69.17,1,2,112702.87,103,103.39,2
4.58,24.71,1,1,8278.34,78,201.54,0
2.14,15.92,1,1,358.93,58,153.7,0
6.58,10.0,3,4,976.88,81,166.4,0
21.95,61.23,101,155,87141.64,98,211.17,1
3.97,37.84,2,0,207.65,63,100.65,0
42.4,38.91,64,223,116131.02,126,271.98,1
6.52,32.89,1,2,5276.0,79,304.77,0
86.55,88.53,0,5,169404.13,99,334.54,2
52.99,67.06,134,186,810566.86,120,347.71,1
2.33,34.97,2,0,3231.42,91,404.2,0
7.59,30.97,1,2,1496.63,74,378.49,0
4.57,37.39,1,4,1401.09,76,198.18,0
31.77,66.91,160,156,108850.24,151,344.01,1
40.44,73.33,131,143,55785.0,131,207.27,1
85.49,71.92,1,1,171218.76,109,170.37,2
91.81,78.52,1,2,82900.95,113,378.29,2
46.02,62.6,138,118,108629.95,104,236.37,1
42.19,53.4,97,152,1041255.46,95,205.55,1
65.11,50.59,162,129,446711.71,140,162.4,1
63.95,82.71,3,0,9392.66,93,162.54,2
80.04,68.37,1,0,154758.55,83,254.57,2
48.65,48.39,86,238,492280.95,98,252.13,1
20.94,50.81,141,78,304332.94,148,381.35,1
14.84,14.22,0,1,4006.93,84,153.42,0
25.0,66.69,120,173,472381.83,137,218.74,1
5.54,26.4,2,3,46.48,83,156.88,0
11.85,41.5,128,211,435712.24,120,377.24,1
66.86,77.68,0,0,214547.56,95,283.63,2
0.35,28.77,1,2,3271.82,81,177.89,0
34.57,62.57,143,66,476657.2,132,306.1,1
48.28,52.89,106,132,588339.44,122,218.31,1
31.11,34.59,99,101,185758.92,121,344.12,1
28.49,52.2,99,111,1289234.43,109,168.27,1
35.4,30.6,115,158,1506502.43,136,172.58,1
64.41,67.57,170,200,302469.11,94,173.49,1
0.0,30.04,1,5,6.04,46,202.91,0
36.99,65.99,135,145,711725.01,123,321.45,1
9.41,35.04,0,2,1547.22,101,290.63,0
0.13,34.45,0,4,2.51,89,248.8,0
9.76,35.6,0,2,864.3,92,379.75,0
35.79,68.29,121,209,1697953.06,118,169.62,1
50.0,71.12,0,0,47429.89,102,222.81,2
86.22,80.82,0,0,844.89,98,250.37,2
77.34,81.09,3,2,34042.76,95,86.73,2
51.79,58.33,56,95,229298.01,101,224.47,1
18.52,56.65,170,108,102793.01,114,314.92,1
86.21,63.45,1,3,10926.72,127,388.38,2
2.32,31.35,2,3,56.01,73,292.22,0
49.09,51.41,142,196,261108.83,99,267.68,1
11.79,25.25,1,1,891.41,110,194.0,0
10.0,62.37,83,108,1403974.39,100,195.65,1
77.66,71.77,0,0,152345.98,112,389.36,2
7.36,36.19,0,2,137.39,50,340.67,0
30.67,35.01,179,133,467405.54,118,288.92,1
15.96,48.38,79,213,45061.99,113,274.53,1
1.15,25.5,1,1,8222.27,112,127.34,0
42.38,36.75,173,158,417848.29,100,212.95,1
51.73,66.85,138,77,182309.17,166,246.72,1
6.55,27.65,2,8,1904.5,84,275.06,0
85.97,72.27,1,0,138295.58,102,232.12,2
12.89,23.04,1,3,4935.4,86,376.77,0
8.65,23.45,1,0,1192.62,82,327.37,0
39.42,49.35,177,141,461546.05,124,166.92,1
4.32,30.4,0,0,1502.37,69,232.03,0
100.0,67.09,1,2,22870.08,94,308.79,2
74.01,62.74,1,1,31244.18,72,215.73,2
8.0,22.34,0,4,4717.3,88,187.43,0
10.0,44.3,30,186,1313789.85,96,242.56,1
1.25,44.33,1,2,377.62,101,210.05,0
53.06,69.54,141,233,545049.33,85,257.66,1
50.1,59.22,91,170,339501.62,124,280.4,1
77.09,79.4,0,1,61734.32,80,352.36,2
4.07,31.91,1,3,3335.62,87,267.17,0
72.76,82.43,0,0,15530.5,95,276.8,2
7.61,37.21,1,4,77.13,71,429.23,0
28.26,61.56,89,174,270685.14,81,276.8,1
0.0,26.59,1,2,540.82,75,187.08,0
10.52,41.52,133,172,992513.59,140,184.71,1
1.94,34.04,0,2,2282.23,67,204.19,0
2.65,35.97,1,2,406.7,74,271.99,0
7.88,25.49,1,3,1972.99,80,302.23,0
77.21,77.08,1,1,84826.38,81,208.73,2
6.98,35.56,1,2,2247.18,111,389.92,0
48.28,63.93,106,137,172434.67,96,329.55,1
9.39,20.82,2,3,5315.95,89,168.11,0
8.19,30.1,1,1,7760.41,68,252.12,0
48.79,43.74,126,234,336422.26,101,295.61,1
82.51,70.03,1,0,30077.94,130,233.7,2
0.0,36.83,1,2,523.41,89,251.35,0
35.04,58.74,35,51,690380.83,131,283.3,1
5.02,26.08,0,3,236.35,78,290.46,0
0.71,35.94,1,4,4893.03,70,241.78,0
46.83,41.08,137,148,1595230.38,101,307.46,1
33.13,69.64,70,122,1017324.88,143,211.71,1
7.34,24.13,1,2,1906.72,93,252.17,0
14.94,22.64,0,4,212.9,95,412.59,0
14.05,28.63,0,1,2918.54,75,251.65,0
36.41,58.04,127,191,261035.92,137,290.8,1
7.08,26.44,2,2,6634.06,77,255.3,0
49.65,57.02,93,172,822255.2,149,386.38,1
53.74,52.8,118,131,485627.64,111,318.14,1
73.69,55.11,127,177,583722.47,127,363.06,1
27.02,55.62,89,78,91192.33,140,187.64,1
8.41,25.32,2,0,4671.12,79,206.34,0
22.42,51.97,101,91,833156.44,118,327.52,1
32.6,56.5,91,184,227363.05,94,227.86,1
8.17,21.61,1,5,1166.39,71,122.13,0
3.0,29.27,1,0,473.77,69,188.38,0
6.16,25.5,2,2,3094.93,69,268.87,0
2.5,35.3,0,2,221.04,71,273.06,0
4.86,28.68,2,1,1175.18,97,250.61,0
2.81,31.5,1,0,3700.69,86,323.01,0
83.61,76.08,0,1,27948.91,103,230.45,2
57.45,75.24,143,173,54242.21,146,312.97,1
24.49,65.7,143,47,64539.0,96,345.89,1
38.49,80.73,110,112,407387.87,139,272.89,1
38.84,59.69,34,204,2787216.77,102,184.56,1
34.55,79.41,157,78,12357.58,122,237.93,1
0.0,37.4,2,3,4959.8,71,196.66,0
3.68,36.94,0,1,612.98,112,344.85,0
26.65,44.59,137,212,173476.55,108,283.49,1
71.06,72.29,1,0,199061.02,106,226.53,2
1.64,13.77,2,2,66.2,80,163.84,0
3.19,21.56,0,2,5680.36,73,330.89,0
0.0,25.72,1,3,2225.84,66,386.51,0
26.34,50.6,44,121,210185.59,145,382.47,1
25.89,54.1,237,126,79536.69,107,296.95,1
47.78,47.28,165,184,378403.4,117,156.64,1
3.35,30.13,1,2,2611.82,40,297.56,0
0.67,19.31,0,0,3429.02,81,254.37,0
11.17,37.95,0,7,179.02,82,300.55,0
5.83,20.2,0,0,2850.44,78,147.66,0
12.15,41.35,0,3,491.47,92,320.9,0
30.86,61.59,127,238,974815.54,158,207.19,1
74.38,80.57,1,1,41482.07,72,218.69,2
3.76,17.79,0,0,868.53,86,255.98,0
13.01,17.71,0,1,1706.39,40,369.37,0
7.89,42.68,0,0,787.98,99,379.42,0
5.74,23.34,1,3,1940.38,101,323.83,0
33.95,77.43,45,167,898562.1,103,207.65,1
84.53,60.87,2,0,104833.49,114,275.9,2
76.8,76.99,1,1,21339.6,85,246.6,2
14.56,47.76,107,20,1346926.05,137,236.58,1
0.0,25.06,1,2,3646.71,112,213.95,0
10.4,23.02,2,3,320.4,71,253.73,0
10.8,25.67,3,1,2519.24,92,173.91,0
46.18,48.11,111,91,463337.69,108,305.46,1
76.72,74.23,1,1,76046.9,109,275.64,2
26.12,63.85,120,20,6879.68,134,155.08,1
32.85,56.32,95,159,442308.14,141,177.16,1
80.6,81.86,1,0,69794.48,89,281.4,2
12.42,26.22,2,3,637.06,78,283.67,0
9.03,33.35,0,0,3788.26,83,330.89,0
69.62,67.07,0,3,17282.41,82,318.67,2
13.44,21.52,0,0,47.38,80,205.3,0
9.13,33.14,0,3,1372.68,64,230.61,0
9.47,18.02,0,4,4325.68,85,244.21,0
6.46,26.5,1,3,686.51,64,189.13,0
52.93,61.73,102,132,673565.06,123,205.66,1
4.82,37.61,1,1,7647.02,58,228.22,0
4.99,25.48,2,3,267.78,104,279.31,0
7.73,30.8,2,1,1313.18,81,149.84,0
29.22,59.39,140,214,119937.21,146,321.64,1
0.0,33.73,0,3,3501.11,84,273.25,0
61.15,59.16,108,149,595453.59,128,184.08,1
8.25,32.37,1,2,3855.04,111,338.89,0
29.0,61.53,67,167,295670.27,155,229.88,1
70.79,74.18,1,0,109370.93,127,326.74,2
4.93,30.21,3,1,265.72,88,220.07,0
38.6,47.35,128,62,1202584.1,137,197.88,1
8.96,30.94,1,3,952.65,81,252.71,0
5.08,25.83,4,1,966.64,63,227.79,0
39.03,49.49,74,182,35046.92,126,295.34,1
0.0,25.15,1,3,1541.24,69,124.75,0
23.05,57.15,157,111,30664.24,77,307.78,1
27.03,49.83,139,192,653109.16,144,341.38,1
5.26,25.6,1,2,3075.33,71,282.37,0
5.44,21.64,0,4,1328.42,90,398.33,0
0.0,16.66,0,2,2003.56,81,305.09,0
7.92,32.47,2,3,1019.55,51,256.1,0
56.02,72.56,68,134,342104.97,143,169.47,1
86.97,77.7,2,0,7685.38,111,320.19,2
22.59,45.75,103,171,487897.43,97,322.3,1
71.36,62.55,1,1,248143.55,95,171.29,2
11.85,27.39,1,1,299.27,40,254.47,0
5.84,29.86,1,1,1660.55,78,252.27,0
57.18,59.71,0,0,237690.17,90,260.22,2
93.6,60.82,0,1,177598.03,96,200.4,2
81.49,56.69,2,1,90281.48,114,328.9,2
50.12,50.08,115,104,597023.39,159,218.73,1
0.01,10.0,0,0,4718.46,98,202.66,0
10.0,39.47,158,158,126091.91,95,172.03,1
9.02,16.9,1,2,913.59,81,294.38,0
7.04,28.01,0,2,385.56,57,207.35,0
27.1,49.39,76,157,295087.03,107,270.9,1
6.55,27.42,1,1,3403.7,79,258.9,0
59.99,81.44,1,1,21342.26,110,320.56,2
41.17,38.56,152,95,261555.78,112,200.94,1
2.71,25.81,0,1,2279.17,85,253.29,0
54.11,50.8,76,132,444863.44,122,358.6,1
7.79,26.64,0,3,584.49,81,215.44,0
22.18,69.3,191,277,177106.26,97,208.11,1
10.75,39.29,0,6,5097.38,67,132.41,0
22.54,60.64,155,175,509756.37,142,175.33,1
22.42,70.82,131,111,500397.23,149,342.55,1
97.92,78.31,1,0,289205.18,98,417.42,2
90.02,86.09,1,1,66664.18,105,217.9,2
23.31,49.97,145,181,159792.61,145,247.22,1
48.53,66.58,91,202,758210.93,144,255.1,1
48.1,57.88,83,187,723052.51,99,171.89,1
8.52,31.91,3,4,984.75,80,217.65,0
54.98,76.95,122,20,248728.42,84,192.99,1
31.38,51.65,88,22,16132.65,72,105.79,1
3.64,35.64,2,4,75.14,72,50.0,0
69.96,74.37,0,0,2522.75,112,222.16,2
7.74,34.47,3,2,1275.9,72,430.61,0
44.91,62.56,104,93,678280.9,118,128.87,1
13.42,57.21,108,277,23297.28,89,395.67,1
6.49,14.58,2,1,2687.08,68,50.0,0
33.16,47.4,91,139,575761.7,106,179.25,1
40.29,49.79,30,115,74511.56,85,244.46,1
46.2,47.5,98,221,1053430.85,96,313.55,1
13.32,26.66,0,3,293.96,87,226.2,0
86.05,71.11,0,3,53533.86,117,173.33,2
5.76,27.78,0,1,1021.36,81,175.1,0
7.62,25.74,0,1,1265.46,77,280.49,0
43.47,59.28,130,71,941149.87,125,262.5,1
30.34,54.36,78,176,267743.24,127,50.0,1
48.58,50.91,35,108,33861.41,141,321.77,1
6.84,26.77,0,2,2615.19,99,144.94,0
8.15,39.68,0,1,436.95,94,374.17,0
96.07,75.29,0,1,174165.74,102,311.59,2
84.84,73.32,2,2,61241.48,101,197.17,2
82.67,91.5,2,2,125253.37,90,312.89,2
5.22,24.81,0,3,1004.67,57,212.18,0
28.11,58.44,124,71,308359.34,81,233.31,1
47.2,47.75,125,78,675364.74,104,270.64,1
79.05,81.86,1,0,313807.6,103,302.77,2
33.28,49.37,88,114,352042.45,116,191.43,1
6.15,23.33,2,2,3431.85,112,236.17,0
3.53,27.96,2,3,1024.75,88,285.55,0
0.0,28.34,0,4,1294.39,90,371.37,0
3.43,38.07,0,4,3950.87,79,237.88,0
30.93,90.0,72,137,384261.06,116,229.02,1
38.13,65.65,68,158,1002729.0,117,371.22,1
13.28,22.53,0,0,513.16,115,235.42,0
0.49,24.29,0,1,658.96,127,154.79,0
9.23,18.32,0,2,1251.89,86,217.44,0
10.23,31.52,1,1,1081.33,71,356.48,0
2.37,30.27,2,0,664.05,98,257.98,0
82.23,61.1,2,1,27782.22,105,225.91,2
16.66,50.36,135,163,229255.6,139,281.36,1
41.38,39.34,91,216,673814.36,115,122.52,1
80.95,77.91,1,2,62609.8,106,162.1,2
23.73,41.8,106,100,1027051.43,115,191.9,1
63.12,73.28,1,0,257553.93,99,63.14,2
0.0,30.65,0,1,1596.76,78,330.27,0
66.13,65.48,2,2,8354.52,98,334.67,2
1.92,27.34,2,4,1461.57,93,381.62,0
0.0,38.66,2,3,152.49,72,207.58,0
23.95,60.13,169,131,223338.56,95,212.65,1
67.6,86.07,2,0,2083.81,69,262.83,2
6.92,28.48,0,2,3063.14,58,325.91,0
24.15,51.96,90,204,210041.24,130,78.43,1
2.49,38.98,0,0,806.0,68,243.38,0
4.52,30.82,0,1,2161.97,81,344.87,0
8.7,45.37,0,0,376.4,70,227.6,0
60.51,26.23,122,125,1607109.73,126,287.42,1
67.84,66.14,2,1,60786.19,108,282.61,2
10.1,26.42,1,2,674.04,63,289.32,0
96.54,58.56,1,1,213999.12,101,278.23,2
7.11,26.89,0,5,931.89,73,225.02,0
7.97,42.41,2,1,739.27,79,266.19,0
5.53,13.2,1,2,1444.34,77,360.53,0
17.88,61.59,111,198,35986.96,103,225.91,1
50.45,46.37,134,128,455570.44,132,194.86,1
5.66,46.48,1,2,1401.74,71,148.39,0
37.14,49.72,83,208,499034.09,95,204.43,1
52.12,53.36,175,192,1116040.47,110,377.85,1
6.23,31.67,0,1,24.09,71,301.42,0
16.68,52.56,128,117,126960.96,143,335.58,1
92.9,70.34,2,0,189649.98,102,282.71,2
60.14,58.81,145,191,855537.16,124,261.2,1
74.67,69.05,1,2,909.74,98,351.24,2
100.0,82.52,2,1,128446.42,87,248.51,2
5.98,13.67,1,1,2239.08,87,237.65,0
33.36,55.8,128,112,531499.18,145,327.51,1
31.68,50.62,127,190,1229519.06,120,306.7,1
99.55,72.95,0,1,98038.97,97,155.08,2
7.98,48.49,2,0,4853.98,71,164.81,0
8.83,31.09,1,2,355.55,93,301.81,0
21.51,65.91,116,184,2460952.97,111,298.32,1
77.53,68.68,2,3,141002.03,117,394.5,2
25.69,34.83,143,122,104179.92,129,250.48,1
62.6,45.9,165,20,79312.86,125,145.37,1
6.5,35.18,0,4,999.14,67,285.9,0
44.0,73.6,174,115,1044185.61,142,200.7,1
6.98,39.22,1,2,36.62,68,311.5,0
71.13,62.22,172,182,86910.65,127,363.71,1
7.98,44.09,1,3,3051.59,98,186.57,0
10.0,56.57,80,179,61014.16,112,223.48,1
54.88,55.63,130,145,1424187.98,70,174.61,1
30.72,49.55,122,168,1277269.13,131,323.28,1
3.86,30.35,1,2,3639.9,84,312.94,0
6.4,30.89,1,0,838.69,69,373.25,0
4.05,25.36,0,2,3407.57,78,200.84,0
37.75,55.25,122,167,1549392.0,122,258.49,1
4.61,23.41,1,0,238.97,92,186.05,0
36.82,56.94,97,139,272842.74,104,307.77,1
8.86,10.0,3,1,20.51,83,219.66,0
7.41,24.34,1,2,2431.19,103,216.32,0
6.43,30.58,0,2,3140.01,85,247.32,0
9.3,42.38,0,1,3550.8,74,144.94,0
0.0,20.89,0,0,2263.27,70,330.01,0
5.65,16.63,1,2,1051.69,82,267.39,0
42.89,52.33,86,225,115230.63,100,78.79,1
11.89,41.9,1,1,1638.01,76,282.22,0
16.06,64.13,100,94,736934.43,139,349.78,1
16.73,55.95,76,198,350395.84,127,373.91,1
7.08,30.54,0,3,181.55,74,243.69,0
1.9,45.16,0,3,9265.86,90,149.54,0
14.83,36.25,0,4,2588.82,89,250.49,0
5.19,30.1,0,0,979.55,62,398.5,0
0.0,27.08,2,1,1.52,111,265.35,0
20.42,54.55,106,167,454011.04,128,286.21,1
9.18,19.28,1,1,656.94,66,108.86,0
93.28,81.46,1,1,17264.47,95,65.25,2
21.83,55.55,145,99,36304.78,102,294.32,1
90.53,67.73,1,1,542945.52,99,225.59,2
27.54,56.54,48,183,43760.24,160,115.88,1
12.97,22.42,2,4,2746.61,52,164.18,0
68.89,85.28,1,1,254888.76,101,259.35,2
5.29,23.35,2,2,3106.66,93,203.38,0
1.25,29.57,0,2,1873.0,72,249.16,0
34.11,34.29,114,142,507675.28,97,319.31,1
13.2,30.95,0,2,4968.78,104,384.76,0
5.74,29.82,0,3,1629.68,89,169.74,0
83.55,73.5,1,0,21778.9,71,168.47,2
41.68,59.26,206,189,22320.71,72,252.91,1
31.92,49.11,135,144,380349.42,144,237.65,1
6.03,36.07,1,1,897.83,66,185.91,0
0.83,37.93,2,3,7682.04,75,221.99,0
10.0,36.33,138,175,74950.81,118,347.85,1
31.43,62.84,142,173,317403.82,147,86.4,1
3.95,30.77,0,0,3749.02,86,284.54,0
92.55,63.42,2,1,87734.59,105,284.63,2
64.5,82.33,1,2,12494.07,127,145.41,2
38.59,65.91,105,180,339775.83,148,240.72,1
70.33,75.86,1,0,16519.61,103,433.32,2
8.5,30.3,0,2,6390.37,103,257.84,0
7.94,29.58,0,3,48.97,75,184.22,0
40.14,59.03,111,153,961644.89,114,233.07,1
28.0,45.42,90,140,45503.59,112,220.97,1
0.0,21.94,1,0,1550.99,72,190.55,0
65.05,60.86,101,166,594902.78,144,258.66,1
48.68,51.87,77,206,296638.19,92,314.1,1
75.11,76.48,1,2,2405.3,108,188.05,2
94.45,90.7,1,3,31367.78,93,139.81,2
31.05,65.2,120,24,1197424.81,85,262.52,1
32.42,60.04,131,140,2906406.3,124,364.97,1
47.13,70.01,139,96,125750.04,104,138.86,1
7.78,38.97,1,1,1356.67,69,290.17,0
80.85,77.14,1,1,141519.45,98,309.76,2
0.26,14.37,2,3,8248.16,82,253.16,0
3.19,36.66,1,3,348.96,86,316.52,0
2.35,24.99,2,1,306.92,83,276.94,0
66.98,73.24,1,0,8921.12,130,261.58,2
9.65,19.57,1,1,7563.64,71,365.58,0
4.8,41.14,1,1,7114.56,79,209.85,0
3.75,49.58,1,1,3522.55,81,145.42,0
60.33,53.15,167,141,223711.32,111,239.63,1
6.89,31.73,1,1,893.67,73,190.98,0
40.13,70.68,185,141,806140.87,87,203.02,1
97.05,74.24,0,2,41408.25,110,297.17,2
4.41,29.71,0,0,2093.23,95,205.82,0
31.51,52.81,111,79,672838.42,92,166.47,1
31.27,35.43,112,98,463563.02,133,359.02,1
6.53,31.51,1,2,289.65,67,164.02,0
52.38,43.37,154,166,34942.63,109,232.46,1
0.0,29.59,1,3,371.24,100,347.14,0
36.85,51.69,151,148,155400.24,129,238.91,1
33.25,70.83,94,144,134631.72,121,156.04,1
5.1,42.98,1,1,2316.11,73,225.93,0
75.21,86.75,0,3,21886.48,87,213.15,2
12.42,20.71,0,2,2550.77,78,199.57,0
12.46,25.52,3,0,7839.74,92,266.76,0
50.0,62.05,0,3,63185.63,93,253.63,2
60.45,67.72,1,0,20656.28,106,248.91,2
33.94,56.0,172,192,1315843.05,140,91.13,1
63.56,85.99,1,1,31278.27,111,270.21,2
98.4,72.93,1,0,31699.45,89,172.08,2
83.37,80.94,2,0,38587.92,78,201.59,2
31.31,56.72,159,89,566638.55,92,194.15,1
100.0,76.3,2,2,304276.33,96,341.07,2
48.14,67.46,135,113,1382264.04,132,202.73,1
10.0,61.1,91,115,1427412.55,144,146.75,1
35.01,46.75,101,144,689858.06,141,263.14,1
8.82,18.8,1,2,169.62,65,163.62,0
25.73,43.23,44,170,899900.12,96,359.1,1
33.92,59.88,52,228,332742.23,74,264.86,1
28.86,60.13,128,185,261592.61,116,359.95,1
4.99,35.64,1,2,546.04,83,401.23,0
85.11,57.67,1,1,293852.65,102,341.31,2
0.5,28.62,0,0,25.95,56,301.1,0
52.99,66.29,95,163,282711.46,135,324.49,1
78.99,70.91,3,2,186267.82,98,209.31,2
62.82,72.45,0,2,526.06,101,289.03,2
52.15,66.79,159,159,496127.42,150,406.23,1
33.62,77.0,132,122,99647.28,141,183.11,1
33.81,42.37,90,128,112592.1,93,386.05,1
9.58,28.15,2,2,243.63,81,282.18,0
7.46,33.06,1,1,966.72,79,243.49,0
34.7,44.16,206,191,883169.95,101,305.43,1
3.06,45.26,1,0,110.41,53,367.31,0
6.41,30.56,0,2,1437.85,51,316.54,0
32.23,36.61,32,85,688284.03,123,275.82,1
14.31,29.32,1,1,2310.93,75,437.8,0
16.29,19.99,1,4,3886.4,79,196.05,0
22.11,81.27,181,114,10252.05,128,256.04,1
28.23,47.13,44,205,667508.35,136,248.88,1
7.18,27.91,1,3,3433.3,78,341.63,0
82.7,58.95,3,2,7791.98,106,275.04,2
11.98,35.71,0,1,444.3,94,156.05,0
56.03,70.36,155,187,504043.86,99,367.17,1
36.81,63.88,129,103,7712.14,87,222.3,1
0.71,21.3,2,2,8443.63,89,181.42,0
7.46,35.08,1,3,2019.87,67,274.4,0
33.98,67.32,132,97,249433.9,107,263.27,1
98.09,65.53,2,0,66535.57,102,207.37,2
12.26,28.9,1,5,261.66,68,399.53,0
98.08,76.0,4,1,52481.7,130,260.25,2
34.58,41.4,120,149,335466.4,109,102.18,1
13.08,37.2,143,179,917636.25,103,387.8,1
11.52,45.63,155,58,559547.68,100,246.03,1
9.49,37.25,2,0,299.76,84,235.83,0
49.96,64.73,136,79,28391.5,134,190.61,1
2.98,20.77,1,0,389.24,96,259.0,0
23.2,48.25,97,113,247481.02,121,148.75,1
6.71,33.61,1,2,212.61,88,147.61,0
8.19,31.77,5,3,865.9,81,215.33,0
2.04,14.41,0,1,320.45,50,335.08,0
6.07,38.5,0,1,597.98,73,307.85,0
79.19,80.79,1,0,217086.84,106,188.7,2
10.0,33.33,109,156,880252.28,108,241.42,1
27.57,53.35,183,111,120913.5,103,260.74,1
6.66,31.36,2,0,414.75,91,367.45,0
0.0,36.0,0,4,476.93,68,190.8,0
91.05,81.04,1,0,16690.06,68,298.15,2
18.91,49.16,92,119,1042871.1,115,323.23,1
33.28,67.29,68,236,537586.65,98,285.0,1
67.39,83.6,2,1,144353.98,114,351.23,2
33.37,35.15,115,119,29006.84,87,207.05,1
47.8,39.47,113,141,133573.56,123,128.88,1
8.5,30.81,2,2,10189.94,97,320.36,0
9.71,45.26,0,1,64.72,70,297.61,0
71.38,89.95,1,3,127983.52,92,190.38,2
16.8,75.35,85,183,764195.14,163,184.78,1
79.79,55.0,1,1,158758.67,137,175.9,2
3.21,19.99,1,1,543.76,55,286.16,0
6.71,24.22,1,0,1952.93,80,262.15,0
12.34,35.92,1,2,591.49,80,286.25,0
7.01,29.86,0,4,1010.5,81,253.71,0
4.17,29.59,1,1,2568.46,107,206.63,0
85.38,77.18,0,1,14146.4,95,150.0,2
38.95,57.36,55,151,241682.33,117,424.47,1
70.54,78.51,3,2,65094.83,91,194.1,2
0.9,15.28,3,1,5403.38,93,322.44,0
7.77,28.2,2,3,1598.66,56,235.03,0
7.89,33.37,0,2,1736.98,62,241.59,0
12.91,48.74,63,162,10043.73,130,60.96,1
6.99,21.33,1,2,3227.24,91,391.9,0
66.4,60.23,191,175,687920.87,121,399.72,1
5.83,24.54,0,3,112.31,75,214.09,0
9.42,29.36,0,1,331.02,95,241.95,0
7.46,37.18,1,3,3762.35,79,220.01,0
81.93,72.25,0,0,134290.1,100,486.64,2
11.23,34.79,0,2,728.16,92,277.27,0
38.85,43.93,149,200,111310.01,113,382.51,1
67.99,39.85,160,47,147162.93,119,284.58,1
8.34,24.97,2,2,942.3,83,332.77,0
4.35,25.68,0,0,592.46,67,333.04,0
48.51,72.01,124,42,821408.95,148,214.47,1
3.21,34.18,2,0,1125.22,85,314.26,0
9.64,31.17,2,3,1852.81,53,254.4,0
10.0,56.64,78,173,504406.88,88,208.79,1
78.04,90.32,0,4,54291.36,107,249.09,2
52.12,39.77,69,200,573998.47,126,304.39,1
28.63,51.49,105,137,212526.18,161,130.27,1
45.27,52.64,157,60,200613.12,133,394.43,1
1.22,38.21,0,0,2567.52,96,295.67,0
81.05,65.56,0,0,31224.51,114,165.8,2
2.58,21.49,1,1,337.95,82,247.0,0
7.11,20.76,0,3,5573.79,86,107.22,0
6.57,21.76,1,0,315.21,74,293.54,0
22.51,39.63,109,65,815385.43,129,341.02,1
4.26,24.81,1,3,636.54,67,139.18,0
52.56,46.75,57,137,345735.44,136,173.95,1
5.72,32.94,0,2,991.39,85,238.25,0
34.03,55.18,84,169,101422.11,138,427.34,1
27.58,41.85,110,125,633611.95,110,318.64,1
5.55,42.0,1,1,1364.84,100,56.21,0
7.3,35.87,1,3,1903.2,97,208.24,0
70.36,82.57,3,0,10266.17,106,99.17,2
1.49,25.6,1,2,10.27,111,258.21,0
23.74,56.77,138,191,63177.12,97,274.74,1
4.73,24.62,0,3,921.15,60,227.0,0
0.0,40.25,1,3,707.23,79,131.28,0
3.66,35.61,1,2,1906.18,83,166.57,0
92.07,68.48,1,3,84882.21,86,378.8,2
0.0,25.89,1,6,567.1,84,203.15,0
76.51,74.14,1,1,141548.03,118,255.41,2
44.76,39.32,183,152,53807.22,126,248.81,1
7.13,29.93,1,1,1658.12,52,258.84,0
3.58,32.12,1,2,739.24,88,174.02,0
83.37,76.47,1,2,268483.57,134,131.44,2
31.02,59.29,92,103,110213.5,104,211.2,1
74.32,79.65,0,1,66945.04,97,295.05,2
4.04,42.56,2,2,854.26,59,314.24,0
50.58,56.18,104,140,131566.73,110,269.77,1
4.39,28.46,1,2,898.98,61,228.62,0
1.41,19.41,1,6,3605.85,53,299.45,0
64.62,65.14,62,167,347121.87,92,139.43,1
65.69,81.07,0,0,97396.76,120,254.7,2
38.05,37.36,94,84,317103.76,139,147.49,1
7.95,18.78,1,5,3264.45,66,220.34,0
6.41,29.52,1,1,5421.29,73,250.37,0
7.2,18.99,1,4,732.84,100,71.48,0
3.38,18.82,0,0,212.02,101,370.55,0
40.79,71.1,92,197,115068.18,109,263.93,1
45.34,48.07,181,106,825911.22,121,179.51,1
26.08,72.3,146,20,37734.31,124,130.64,1
5.71,33.62,1,0,1548.2,82,298.49,0
88.0,61.55,5,1,84186.3,102,254.16,2
74.25,77.95,1,0,20703.53,77,266.1,2
44.73,44.58,179,124,102021.84,75,261.87,1
27.08,48.13,163,159,179671.4,150,243.3,1
6.84,21.1,0,3,1510.61,56,221.31,0
22.06,59.86,120,221,169721.39,126,141.16,1
10.2,35.8,0,1,5436.24,70,348.11,0
10.94,34.51,1,1,4296.41,75,360.83,0
95.96,79.6,0,0,583389.77,88,201.15,2
72.79,69.12,105,168,238628.65,112,298.68,1
21.72,49.24,72,104,693362.69,126,250.26,1
9.37,44.17,1,2,5307.33,72,224.06,0
55.16,58.34,105,234,552217.4,134,239.8,1
80.7,73.18,0,2,94581.77,115,244.85,2
9.98,27.07,3,2,411.7,61,359.33,0
9.51,32.43,1,3,3754.9,60,264.75,0
75.9,72.16,1,2,333837.96,115,106.39,2
52.03,59.17,101,186,2734632.58,120,174.67,1
100.0,67.89,1,3,58929.47,81,342.65,2
59.97,77.62,1,1,16810.76,76,248.37,2
68.0,62.38,1,0,182380.73,93,189.43,2
8.75,29.55,0,1,125.92,130,178.8,0
3.15,26.47,0,3,1789.72,51,262.22,0
4.77,32.59,1,3,47.46,66,265.31,0
35.99,48.89,68,111,130956.92,142,229.56,1
0.13,29.91,1,4,779.19,63,243.48,0
48.37,53.94,77,190,1894479.8,105,243.33,1
29.24,70.37,142,30,37135.61,127,289.18,1
26.76,61.42,122,191,16604.47,124,327.69,1
6.31,20.37,0,0,1128.44,73,217.16,0
3.03,33.59,0,2,824.67,60,163.98,0
9.88,30.2,2,3,304.6,90,213.0,0
51.85,30.18,111,84,310172.99,142,323.2,1
65.95,96.55,0,1,15163.6,119,309.67,2
20.17,52.06,129,156,90293.52,104,360.78,1
2.69,21.25,1,0,116.75,91,213.28,0
1.24,29.56,1,1,1012.03,52,199.97,0
9.36,32.97,0,3,5298.39,80,330.14,0
10.0,63.96,192,141,444899.41,107,151.45,1
63.22,91.09,1,0,41540.69,126,292.04,2
10.68,18.03,4,6,6523.08,79,296.95,0
4.03,42.96,1,3,1415.15,57,365.73,0
3.98,29.68,0,2,5926.82,92,190.8,0
65.92,85.03,3,0,56217.74,91,116.72,2
77.86,55.0,0,1,32761.94,120,244.85,2
11.74,24.52,0,1,770.13,88,70.64,0
6.6,29.76,1,1,145.33,81,195.92,0
65.33,94.8,2,1,85535.18,100,230.85,2
94.34,66.52,4,1,22101.86,110,365.02,2
5.3,29.99,0,2,1522.62,62,325.71,0
61.59,65.7,121,106,193841.32,90,216.44,1
20.9,67.88,126,60,1330826.22,131,312.15,1
2.06,22.76,3,3,171.66,63,339.41,0
1.63,39.46,3,1,7752.38,110,231.37,0
50.19,65.79,174,165,819600.41,172,254.88,1
4.7,28.4,0,2,3588.0,75,318.19,0
1.26,21.81,0,2,1594.15,86,284.03,0
17.41,55.22,70,189,370106.25,93,309.6,1
77.0,71.1,0,0,388319.99,101,230.59,2
25.77,75.78,119,160,1309414.84,111,155.22,1
19.02,63.67,130,88,1045286.39,109,138.93,1
69.61,86.23,3,1,44224.03,120,292.63,2
37.08,37.78,125,168,35261.74,109,207.58,1
61.83,86.84,2,0,127841.92,94,274.42,2
37.45,49.6,47,124,45109.98,82,273.09,1
10.0,56.2,186,147,1401931.12,127,203.09,1
74.69,55.0,1,1,16464.21,86,247.66,2
4.66,33.77,4,1,2857.73,63,152.53,0
96.22,81.24,0,2,61842.68,83,277.79,2
1.51,17.31,0,2,139.83,93,74.45,0
0.0,26.74,0,0,3512.73,70,269.19,0
6.22,34.4,1,5,3929.5,86,270.42,0
8.04,23.04,1,1,1826.2,100,61.61,0
62.41,83.1,88,122,873839.35,133,175.6,1
40.37,60.37,103,118,91456.1,118,167.21,1
88.3,64.9,0,1,60769.16,124,298.11,2
44.83,65.7,169,69,934024.18,103,322.67,1
13.35,39.6,1,2,1411.14,101,345.04,0
87.36,76.11,1,0,145291.58,115,239.12,2
83.64,80.54,1,0,75226.92,116,297.9,2
64.62,65.26,166,79,724838.6,110,332.14,1
55.62,85.72,0,2,102173.24,129,244.79,2
1.24,32.13,1,3,46.15,59,344.0,0
92.04,89.25,1,2,97805.4,84,312.92,2
2.38,24.92,1,0,1379.79,97,286.34,0
85.01,66.43,1,1,106434.54,121,229.07,2
1.95,17.93,0,1,155.11,66,157.83,0
8.44,28.0,1,3,3562.15,75,305.47,0
70.4,86.02,1,1,2447.55,101,170.46,2
49.59,59.43,84,145,673463.42,121,318.57,1
64.15,83.33,0,0,76803.05,101,225.6,2
76.23,82.61,0,2,124920.53,93,270.14,2
74.68,87.3,1,0,92276.13,95,204.02,2
6.94,16.35,3,0,1496.48,75,271.28,0
0.87,30.63,2,0,2879.97,63,213.07,0
8.76,28.62,1,2,1649.35,90,293.51,0
3.81,45.81,2,3,1128.17,127,345.12,0
8.46,24.2,1,0,892.05,79,195.38,0
7.65,28.65,3,2,444.26,72,202.84,0
72.07,98.0,1,1,213794.32,131,157.84,2
100.0,77.82,1,0,188536.52,97,184.45,2
2.6,40.61,1,2,274.59,77,264.72,0
63.36,77.2,2,1,157458.58,86,225.28,2
55.38,52.19,92,59,363583.71,122,152.67,1
0.0,39.43,2,3,831.53,40,261.34,0
55.69,49.35,134,173,903240.06,114,280.22,1
6.66,41.71,0,3,1081.22,81,362.7,0
80.97,70.45,3,0,47105.08,105,298.6,2
7.43,37.68,0,3,3841.18,93,211.24,0
42.56,58.38,114,157,797030.94,114,220.86,1
75.76,76.39,0,1,60806.28,76,214.12,2
25.39,51.77,133,84,15366.41,133,124.95,1
4.5,22.24,1,3,103.26,62,200.07,0
76.87,59.15,2,2,85561.92,70,211.08,2
17.17,51.05,159,178,244685.71,122,197.35,1
5.05,25.61,0,3,101.74,75,382.69,0
49.53,53.97,122,164,723143.39,92,123.1,1
1.66,20.46,0,2,2075.69,68,202.66,0
79.85,87.44,1,1,52444.98,89,264.68,2
12.51,52.35,105,152,410988.35,89,245.97,1
0.45,30.53,1,2,3818.66,71,268.03,0
32.85,33.29,115,55,37247.36,146,55.93,1
3.41,43.39,2,2,627.21,54,178.94,0
16.45,51.63,94,155,336638.73,85,304.9,1
11.79,66.06,108,278,274919.94,108,366.82,1
6.94,36.77,2,2,2829.63,65,273.32,0
24.09,60.11,171,112,553128.58,89,294.82,1
71.45,45.04,139,149,123158.05,123,216.34,1
50.99,37.49,92,176,483660.62,122,153.92,1
26.09,49.12,179,176,194165.49,115,221.01,1
7.19,19.31,0,5,372.47,75,221.95,0
2.65,36.12,0,2,1150.05,78,294.95,0
75.23,86.8,0,3,96638.8,101,186.68,2
4.19,38.1,0,5,4699.81,95,163.24,0
0.0,25.01,1,3,355.15,65,329.77,0
13.74,15.91,0,0,2116.86,69,430.57,0
14.37,44.75,0,3,1188.89,87,436.58,0
7.78,34.86,2,5,1836.03,79,294.73,0
2.96,28.88,1,2,1115.23,87,162.9,0
24.24,72.76,155,188,6605.2,128,250.66,1
4.57,22.75,1,4,740.75,99,278.21,0
69.03,73.65,1,0,38513.8,86,259.87,2
10.0,58.87,157,218,1600733.08,120,271.01,1
76.73,65.52,3,0,83458.96,143,282.63,2
2.24,23.81,0,3,746.34,68,288.88,0
0.0,20.53,1,4,2186.09,87,192.58,0
5.63,20.89,1,2,3176.87,98,269.43,0
100.0,76.95,2,1,179526.56,75,310.78,2
68.93,50.96,66,157,91568.69,123,324.37,1
3.51,46.85,1,3,334.81,66,205.29,0
38.21,53.12,60,76,510465.17,161,164.65,1
63.36,89.35,1,1,395381.79,69,249.15,2
72.01,63.09,2,2,83565.32,119,95.29,2
2.79,37.9,0,3,2143.51,57,178.12,0
7.63,23.5,1,1,8371.19,74,251.61,0
59.0,76.9,0,0,45632.99,96,188.13,2
3.51,31.17,0,2,136.34,76,369.28,0
10.0,42.18,158,145,25559.52,131,211.95,1
40.77,51.32,32,155,132935.88,120,334.69,1
94.18,89.11,0,1,115658.51,125,262.71,2
39.55,51.15,98,101,89824.83,102,176.43,1
86.85,87.63,1,1,80507.71,80,134.66,2
9.84,30.13,2,3,461.49,83,295.77,0
12.56,23.71,1,1,4538.54,74,275.56,0
43.96,64.45,86,83,54102.26,142,339.34,1
43.19,83.02,79,41,250255.79,90,225.62,1
76.74,67.95,1,0,127010.42,129,290.25,2
74.62,59.08,0,1,49216.22,89,246.18,2
70.91,63.17,2,1,13747.0,86,265.18,2
30.65,36.17,155,196,1135171.51,152,200.5,1
8.4,46.75,2,0,378.24,79,165.79,0
34.46,64.78,64,226,493399.75,131,145.81,1
2.56,20.74,3,1,149.13,83,218.01,0
26.71,71.58,101,170,108599.94,101,300.25,1
22.39,60.29,140,129,1962239.07,114,438.8,1
9.12,34.56,0,0,295.11,104,244.44,0
1.02,36.33,2,2,59.85,89,356.44,0
27.23,59.32,97,171,428164.28,104,284.16,1
55.5,50.5,115,173,214298.29,133,169.54,1
4.24,25.29,2,1,3438.08,74,298.88,0
7.74,21.94,4,0,1551.24,99,269.19,0
6.94,46.14,0,2,1075.11,47,254.09,0
10.54,25.13,3,2,342.87,86,181.05,0
37.14,56.57,76,70,86956.92,147,132.5,1
59.07,59.5,113,191,1072245.55,107,353.59,1
74.54,67.71,1,1,18266.26,83,236.79,2
8.31,19.5,0,3,2326.14,88,380.86,0
6.86,26.13,1,3,55.34,88,176.53,0
41.03,60.0,191,213,96265.01,88,266.0,1
22.52,63.05,138,63,236671.1,162,230.01,1
9.58,38.68,2,3,1755.09,63,286.04,0
52.97,51.75,99,180,376821.01,140,181.8,1
83.61,72.36,3,0,65021.33,119,259.81,2
12.07,20.3,1,2,2693.12,100,304.04,0
51.35,54.67,67,83,90280.67,137,301.32,1
4.04,35.92,0,1,1257.19,71,392.09,0
97.31,83.84,0,0,171552.82,82,255.47,2
3.14,34.47,1,2,1753.33,69,120.11,0
4.88,15.02,4,2,1030.61,94,244.38,0
66.32,71.26,2,1,57085.31,95,379.03,2
9.95,22.2,3,4,807.46,63,222.99,0
4.97,32.62,1,4,216.22,94,208.96,0
37.24,45.99,142,223,303293.96,146,354.53,1
3.54,31.42,2,3,495.99,63,68.1,0
5.8,22.34,0,2,310.36,96,143.23,0
24.64,75.17,157,164,371867.96,79,154.5,1
3.83,42.81,0,2,2709.61,68,50.0,0
68.3,55.0,1,1,74725.94,66,202.42,2
15.68,36.0,0,3,830.37,64,243.44,0
91.47,90.49,1,0,11364.52,98,206.71,2
62.94,45.8,77,151,18933.94,119,50.0,1
26.84,67.33,114,146,108272.54,143,205.73,1
33.89,44.81,157,141,438603.56,98,230.19,1
12.82,38.88,0,4,4679.28,63,166.05,0
28.68,47.22,78,135,1037375.78,70,316.14,1
24.42,69.89,129,93,874818.0,124,266.38,1
10.24,36.77,3,1,3939.78,79,317.22,0
96.19,73.65,2,0,129772.39,105,307.97,2
39.84,41.25,106,86,343376.43,140,204.03,1
15.98,18.97,1,2,1847.47,93,114.7,0
56.93,73.53,1,0,4210.88,93,238.12,2
57.1,89.6,1,1,59470.96,95,198.22,2
12.98,30.35,5,3,2781.93,90,415.9,0
13.19,36.03,1,3,5956.79,58,396.43,0
9.4,34.44,4,3,1952.91,78,201.82,0
3.02,16.19,0,2,86.12,89,152.31,0
0.0,29.62,0,2,467.17,81,204.82,0
100.0,89.07,0,0,50884.38,94,290.78,2
15.09,24.36,0,3,792.22,71,390.26,0
46.48,68.36,141,173,329910.37,121,354.21,1
23.54,61.08,134,214,324523.89,125,355.12,1
8.53,26.18,0,2,5901.17,78,325.55,0
19.39,55.95,168,172,107933.44,115,234.8,1
83.24,66.55,0,2,89874.21,77,243.59,2
6.43,45.56,1,2,715.5,75,247.05,0
84.11,55.47,3,1,75857.05,94,346.03,2
4.42,32.71,0,0,4003.25,78,281.28,0
8.21,34.59,0,0,719.92,88,268.37,0
0.0,45.12,1,4,146.11,73,189.98,0
0.0,26.9,0,0,3131.89,62,250.97,0
29.29,54.2,119,95,626946.67,119,206.73,1
8.15,36.22,2,4,1951.23,89,232.55,0
35.16,53.14,111,188,659136.31,144,301.3,1
0.0,39.5,0,0,586.51,115,336.64,0
4.48,39.8,0,1,155.6,61,280.15,0
8.4,30.12,2,2,2680.33,68,124.35,0
10.34,42.5,130,145,394162.9,90,205.9,1
87.09,74.36,0,1,260817.09,114,297.58,2
15.31,12.38,0,1,4327.31,76,299.13,0
6.95,23.61,0,0,3357.54,95,152.72,0
9.93,32.68,2,0,3706.67,73,301.97,0
27.49,55.08,79,191,117164.17,136,300.42,1
48.34,66.57,97,149,556144.07,124,187.47,1
31.57,47.99,82,132,114987.41,117,150.71,1
75.13,62.73,0,1,273902.16,87,331.33,2
18.13,71.05,79,226,553534.71,125,228.25,1
10.5,26.17,0,6,803.14,92,165.07,0
7.03,40.29,1,2,894.88,83,227.0,0
11.0,42.07,108,111,173113.63,135,200.94,1
6.97,19.66,1,1,1609.29,101,174.1,0
70.76,80.57,1,1,13663.22,100,245.4,2
70.13,75.49,1,1,209853.32,105,153.86,2
33.17,66.17,126,91,806953.07,132,295.6,1
15.06,50.75,50,164,165258.97,124,303.36,1
16.04,62.44,116,170,108725.26,149,260.81,1
49.03,51.5,172,154,868831.62,145,237.87,1
27.38,44.9,122,117,871192.71,76,124.85,1
27.81,27.54,177,66,631416.09,131,308.51,1
66.11,56.65,162,153,572882.49,131,373.2,1
7.13,31.12,1,1,1354.73,70,364.91,0
7.75,38.16,1,3,1314.37,70,397.26,0
38.94,78.47,114,96,926945.32,124,98.05,1
39.22,39.27,182,104,27162.48,132,245.34,1
45.61,79.46,121,228,529886.61,121,244.82,1
8.95,24.91,0,3,1360.44,71,302.37,0
16.26,45.63,112,135,492357.04,107,248.7,1
39.58,39.98,65,154,39916.77,97,219.73,1
76.55,79.23,0,0,46497.71,115,58.46,2
6.42,28.4,1,3,4829.64,73,479.76,0
49.76,65.48,132,196,131578.35,122,386.03,1
12.17,29.65,2,2,594.21,66,235.7,0
1.27,23.85,1,4,1289.37,46,116.63,0
68.55,63.52,1,2,363185.49,144,353.57,2
12.67,33.41,1,0,940.53,94,316.99,0
3.38,38.49,2,2,381.17,82,176.2,0
32.65,45.16,111,108,534510.77,138,310.27,1
0.0,21.61,1,2,3292.72,87,280.34,0
29.86,41.5,77,175,270361.02,104,304.88,1
10.0,52.59,126,161,111627.68,112,207.05,1
8.56,26.37,0,3,1303.32,109,345.77,0
37.85,61.31,131,111,117151.73,120,270.55,1
34.89,29.67,161,188,740031.42,105,255.54,1
5.86,46.44,2,2,166.12,104,275.15,0
53.91,36.23,116,180,37292.91,129,98.0,1
75.79,68.07,0,0,49848.05,102,162.9,2
27.94,54.41,123,168,289453.23,98,380.0,1
63.57,68.69,1,0,286782.09,92,293.66,2
27.87,59.93,121,191,31919.1,108,363.91,1
27.0,55.04,137,141,670404.15,132,228.9,1
72.58,80.26,0,0,51337.08,85,205.2,2
30.27,25.0,143,225,60931.14,124,224.15,1
100.0,76.3,1,1,59864.62,110,265.54,2
73.11,81.66,1,2,159816.15,96,326.12,2
82.57,71.34,2,2,18909.85,91,336.79,2
46.96,55.19,85,138,175242.12,140,294.43,1
85.76,72.84,1,2,82770.68,103,271.37,2
10.0,43.26,112,140,96081.87,104,263.08,1
0.02,42.16,1,3,3638.93,62,298.58,0
12.15,36.98,0,3,658.71,76,280.03,0
7.86,20.12,2,0,385.22,73,283.06,0
85.97,78.58,0,1,621446.5,103,258.32,2
8.86,21.67,2,1,1330.31,79,206.0,0
4.0,37.69,0,2,1028.17,78,197.47,0
14.04,32.86,4,1,3556.7,99,222.2,0
8.92,26.46,1,2,183.38,55,252.19,0
10.2,40.04,1,2,3493.01,75,345.42,0
7.31,21.45,1,2,848.85,86,409.13,0
28.07,55.42,38,153,559403.91,105,68.45,1
27.07,38.03,110,116,230449.53,141,302.06,1
5.64,19.47,0,1,3993.93,83,340.12,0
24.91,55.36,150,139,24189.81,145,330.09,1
87.38,63.11,0,1,19007.84,120,126.85,2
45.86,38.9,107,88,377528.2,124,130.46,1
3.23,23.04,0,5,939.37,92,188.03,0
45.19,60.9,152,188,213961.98,123,271.37,1
36.86,65.43,131,139,224911.07,170,298.13,1
12.22,52.93,113,110,492307.42,109,194.61,1
11.32,25.28,0,0,1500.24,48,213.43,0
33.8,35.31,176,157,212902.22,153,233.22,1
38.79,66.24,60,72,373265.12,126,264.95,1
44.04,63.78,118,145,28648.19,131,418.58,1
32.6,41.02,154,274,909783.13,90,222.92,1
76.49,76.48,2,0,160260.73,108,227.51,2
43.14,48.24,133,158,1774875.85,190,332.77,1
16.13,25.81,0,2,906.73,83,204.62,0
1.9,26.68,1,2,1143.87,100,313.12,0
7.59,34.0,1,0,1146.83,71,327.82,0
69.31,66.52,0,0,127444.47,87,228.34,2
65.95,60.56,3,1,213860.9,68,255.11,2
40.83,55.98,108,141,271321.93,120,313.11,1
79.8,71.75,1,1,18929.6,71,237.97,2
33.16,43.88,127,174,722598.5,82,323.41,1
59.94,72.68,0,1,76335.31,97,242.55,2
11.6,29.68,1,1,2373.39,109,300.94,0
74.48,73.68,0,0,49346.92,103,284.87,2
16.39,33.11,2,1,1592.19,102,337.64,0
2.39,34.54,1,1,2788.2,64,459.71,0
22.53,56.65,164,221,916347.8,151,135.27,1
80.21,72.14,3,1,40308.44,97,173.19,2
92.4,86.75,0,2,240039.32,119,225.31,2
6.89,24.7,2,0,524.82,108,163.04,0
2.05,35.23,0,0,2304.97,98,192.59,0
8.22,23.84,2,4,29.5,62,350.83,0
74.33,70.86,0,3,15260.63,92,56.96,2
65.95,50.62,45,142,288302.55,111,349.63,1
43.46,36.56,166,168,372462.95,103,153.61,1
49.46,62.36,152,69,181146.45,81,266.53,1
25.39,48.85,57,139,240154.14,104,319.4,1
10.47,62.56,131,70,146684.3,122,50.0,1
4.98,31.71,2,1,1709.78,65,438.79,0
62.07,64.87,174,98,416690.88,119,323.09,1
3.35,37.53,0,2,1206.01,56,431.67,0
3.38,22.71,1,3,643.17,101,203.1,0
4.98,25.11,0,3,1943.98,56,254.73,0
30.05,55.4,158,46,922127.48,133,185.44,1
7.05,22.33,1,1,42.04,73,210.41,0
20.29,79.44,103,115,658314.22,134,300.8,1
34.26,58.89,144,157,558995.15,105,295.84,1
52.34,35.14,74,81,81064.11,134,251.96,1
1.0,35.27,0,1,1602.8,86,200.03,0
78.78,64.16,5,1,25888.26,100,286.73,2
6.07,25.41,2,2,1022.17,67,270.61,0
36.77,60.38,216,179,53210.57,142,361.6,1
20.82,64.86,33,205,270052.17,124,226.96,1
42.74,48.84,176,101,2297287.74,118,324.45,1
50.12,43.94,68,232,24058.98,155,238.11,1
53.6,82.35,3,0,216480.89,68,196.29,2
28.08,57.82,125,100,798311.08,92,200.45,1
52.98,54.6,88,226,996674.21,133,333.79,1
31.32,62.79,206,70,161967.91,171,140.7,1
30.8,59.83,123,105,610530.13,138,286.16,1
4.26,25.03,0,0,125.32,103,195.15,0
50.94,68.23,152,189,931309.17,92,322.18,1
49.1,55.9,103,123,58488.76,120,187.1,1
7.72,29.77,1,2,4190.88,69,309.85,0
55.24,63.09,190,163,457546.01,109,254.06,1
54.7,48.86,84,148,14720.75,106,162.01,1
8.61,33.06,2,1,3143.78,84,379.6,0
14.14,32.87,0,3,1555.76,76,392.98,0
5.27,39.41,1,2,556.68,91,254.65,0
0.0,42.22,0,5,4317.11,93,253.23,0
100.0,87.48,2,1,259771.63,96,113.58,2
73.15,85.46,0,2,23158.35,96,323.54,2
4.51,24.72,1,3,2513.5,75,198.3,0
11.28,21.84,2,4,1884.81,65,358.61,0
41.09,61.56,89,89,631853.58,117,184.58,1
6.22,22.85,1,1,1236.82,52,295.22,0
45.31,53.98,89,169,776734.11,122,197.64,1
7.11,28.99,1,1,4279.26,79,195.7,0
8.32,35.94,1,1,2551.98,70,252.62,0
0.0,20.87,1,3,64.44,64,336.94,0
77.59,69.68,1,3,61848.9,91,272.81,2
88.4,61.19,0,0,50141.53,117,416.71,2
10.0,68.12,139,161,213024.01,97,162.66,1
4.87,33.7,0,1,581.12,94,185.56,0
54.72,46.91,104,117,129034.87,114,95.19,1
11.07,17.18,0,2,349.04,66,323.76,0
4.95,30.1,0,1,761.81,61,168.64,0
48.72,48.09,60,185,119902.59,95,259.09,1
9.13,24.27,0,1,1376.55,91,152.27,0
9.32,32.46,0,3,3204.58,58,290.36,0
32.33,29.83,121,229,258427.43,131,184.2,1
95.49,61.79,0,2,331789.38,108,308.37,2
32.59,48.64,191,117,239752.16,138,156.86,1
0.89,22.3,4,1,2729.78,112,223.81,0
98.45,72.61,1,2,234713.3,82,95.4,2
3.09,18.58,0,2,2989.98,100,284.27,0
10.0,54.89,102,105,337304.82,94,379.43,1
78.26,74.26,0,1,24777.6,75,235.68,2
54.36,48.74,134,142,458451.16,72,262.39,1
37.7,59.68,97,100,1560754.84,127,214.43,1
54.95,60.78,152,83,793694.64,116,219.07,1
90.51,68.66,1,2,6694.8,118,312.48,2
5.32,39.57,2,2,3302.84,74,371.71,0
43.91,49.87,54,167,133340.74,106,498.68,1
2.56,29.1,0,2,835.8,87,222.69,0
7.07,26.96,2,4,3475.26,81,237.79,0
7.92,30.28,1,1,1635.29,87,144.57,0
2.29,22.18,1,0,1312.09,74,361.87,0
4.55,18.16,1,1,889.37,51,273.89,0
38.32,60.34,94,146,316581.89,140,232.34,1
31.28,27.09,89,157,122610.6,124,163.95,1
56.28,58.88,132,251,45069.55,112,226.75,1
12.96,63.9,58,59,301869.23,109,401.36,1
49.53,69.0,93,147,1174899.03,111,280.76,1
8.92,25.98,1,2,4173.97,78,285.85,0
11.51,23.86,1,0,1706.32,76,339.34,0
60.55,52.3,56,127,62613.8,113,293.09,1
100.0,71.47,2,2,14737.12,91,288.39,2
2.8,29.52,1,1,5147.61,77,300.22,0
28.69,40.22,30,233,93662.79,104,357.88,1
29.73,52.57,184,148,91360.06,88,299.32,1
1.4,35.81,2,1,3364.37,94,396.59,0
0.0,14.47,0,6,1584.91,94,310.83,0
0.0,34.85,1,3,158.83,84,301.15,0
72.67,66.79,1,1,67284.73,82,221.28,2
0.41,40.52,0,1,1159.25,79,253.64,0
32.3,49.3,118,106,916615.33,95,83.38,1
83.71,68.07,0,0,153173.62,69,115.29,2
86.8,76.86,2,1,237820.73,141,300.17,2
61.48,56.23,106,184,135094.4,107,324.72,1
23.64,68.7,93,200,4316460.12,109,298.46,1
83.61,76.55,2,1,38601.71,103,242.62,2
49.84,58.42,30,141,179691.44,104,286.08,1
6.74,31.33,3,1,756.2,79,74.34,0
8.1,34.89,0,2,555.69,80,328.55,0
46.59,59.83,96,159,175677.75,134,54.03,1
4.0,40.02,2,3,2287.75,74,185.97,0
16.97,39.04,95,163,769118.48,122,203.08,1
47.74,62.18,89,183,727804.05,146,332.4,1
7.79,22.71,1,7,91.07,87,190.62,0
27.33,59.97,51,141,146528.62,123,252.44,1
5.02,32.34,1,1,6652.65,74,99.97,0
41.66,63.49,115,111,158149.27,110,270.05,1
10.0,53.4,126,205,874810.81,107,243.77,1
0.0,14.88,0,2,1160.12,61,244.4,0
5.07,25.89,2,4,289.96,74,211.75,0
7.55,12.38,0,2,802.23,72,327.34,0
89.61,70.23,0,0,2500.19,116,184.97,2
6.47,22.3,0,2,371.11,86,240.87,0
11.92,36.15,3,1,12.91,74,177.23,0
46.15,53.74,102,133,305901.97,118,261.73,1
100.0,80.67,3,1,140056.37,112,338.7,2
21.34,42.36,83,90,256502.39,144,317.35,1
0.0,32.4,1,1,1665.33,78,185.94,0
1.86,42.74,0,3,34.45,83,201.19,0
7.46,29.99,2,0,1375.27,86,316.02,0
1.56,26.72,1,2,1990.68,82,240.01,0
69.05,70.5,0,1,375329.61,93,366.7,2
23.2,45.47,136,59,65414.86,100,260.3,1
9.75,36.65,1,0,3765.78,61,269.78,0
53.25,70.74,97,237,268080.32,100,262.85,1
49.99,49.82,133,206,744006.55,100,359.39,1
39.99,48.93,110,186,315317.83,86,166.79,1
59.37,50.85,147,105,32035.56,108,281.65,1
29.23,60.49,118,77,606765.43,127,268.03,1
7.94,29.67,0,3,5654.59,70,196.92,0
60.61,79.84,0,1,146589.25,67,326.75,2
10.23,40.04,3,3,343.55,97,340.08,0
86.16,71.65,0,1,5292.45,117,119.41,2
6.14,32.72,0,5,1403.97,79,217.36,0
6.28,42.05,0,2,335.37,83,466.9,0
13.53,38.98,1,3,1397.86,97,264.56,0
74.75,58.91,1,0,52363.34,107,187.3,2
35.77,43.13,86,105,308131.17,127,110.62,1
92.11,80.79,2,0,77133.91,77,310.65,2
11.72,45.1,0,3,1618.11,74,236.11,0
54.25,37.31,138,172,390425.7,130,310.12,1
32.0,72.66,162,106,17258.68,121,435.14,1
70.16,65.05,1,1,155481.19,114,404.76,2
39.39,47.91,64,187,6896.87,90,154.82,1
10.0,50.87,84,228,966869.51,166,336.85,1
38.89,67.71,220,157,473930.33,119,50.0,1
36.89,45.64,120,177,48647.13,103,273.44,1
23.78,46.74,205,139,965821.63,104,205.17,1
6.19,32.47,0,1,4074.05,83,225.18,0
10.06,41.0,2,2,41.44,70,351.94,0
62.22,71.05,1,2,9451.49,80,322.6,2
1.63,38.81,0,1,4802.77,86,293.38,0
18.08,69.02,187,158,1184683.63,148,450.36,1
8.41,28.7,1,1,37.11,88,205.96,0
35.94,43.8,115,147,175502.25,129,101.19,1
58.21,56.56,71,204,342862.3,117,291.72,1
8.76,23.4,0,4,900.39,54,256.78,0
2.12,39.51,0,0,794.51,65,409.38,0
30.25,55.78,121,178,59778.81,104,309.91,1
1.84,29.57,2,2,3178.94,73,191.62,0
35.47,46.61,90,70,50638.4,93,279.7,1
70.38,82.01,0,0,44999.19,66,324.03,2
83.0,82.7,0,2,75907.92,112,204.55,2
78.22,74.29,0,3,66414.27,88,293.63,2
34.0,49.44,187,199,401909.12,123,169.31,1
4.54,24.94,0,1,1609.59,69,172.97,0
2.49,30.25,3,0,2960.41,82,335.18,0
9.58,32.51,0,0,3785.85,80,189.45,0
7.03,37.49,1,1,2273.31,63,301.71,0
4.35,34.49,1,2,1111.51,85,100.69,0
11.06,13.82,2,3,2248.79,55,276.61,0
25.55,61.8,134,198,53859.02,135,371.92,1
29.99,78.18,100,129,1932371.65,135,360.41,1
8.31,50.28,1,3,6.7,78,385.34,0
2.23,25.88,0,1,4790.73,77,281.79,0
7.77,18.85,0,4,2432.07,80,239.68,0
9.14,38.14,1,1,1660.37,70,85.97,0
38.27,65.47,161,112,13170.9,136,249.13,1
64.87,25.0,118,174,120498.35,103,245.64,1
3.97,29.54,0,3,636.72,69,270.34,0
91.6,55.0,0,3,179014.28,121,219.48,2
70.84,49.9,108,133,10287.69,132,199.74,1
55.16,81.29,1,5,287848.05,86,238.23,2
23.32,65.79,82,135,1069486.99,151,189.54,1
86.8,72.33,1,0,76973.72,109,109.47,2
54.26,72.76,0,0,29162.73,101,169.64,2
10.0,55.14,75,128,900369.43,120,182.49,1
4.46,33.76,0,4,3994.96,63,286.06,0
11.31,19.53,0,4,575.95,88,168.38,0
89.54,96.38,0,1,266950.09,107,258.36,2
11.43,21.89,0,1,1178.97,80,290.37,0
3.36,17.91,3,3,1522.44,73,292.21,0
28.97,40.84,120,73,193435.71,84,324.78,1
43.89,61.22,195,233,638235.58,100,185.19,1
75.74,83.53,2,1,168637.85,98,56.78,2
2.62,19.5,2,2,1470.07,68,273.42,0
9.34,35.97,0,5,1488.04,77,85.75,0
21.09,48.26,30,188,188060.39,90,101.85,1
65.43,50.76,125,182,820081.11,120,359.24,1
50.83,62.54,138,180,299396.35,114,296.54,1
100.0,62.57,2,3,59134.16,95,336.68,2
9.06,35.34,1,1,2537.01,77,198.59,0
6.97,39.44,0,0,148.56,44,182.39,0
6.27,27.89,1,3,1880.18,83,204.37,0
80.48,66.38,0,1,23898.35,109,188.63,2
44.39,58.49,179,221,279204.44,122,283.09,1
26.87,63.56,44,171,465324.75,138,205.27,1
71.84,74.69,2,2,29830.66,117,199.08,2
6.06,34.43,1,2,2563.23,54,217.5,0
28.18,26.55,173,135,1167945.87,124,152.49,1
63.26,39.77,99,92,99876.82,157,279.56,1
6.86,26.3,0,2,1803.32,68,270.69,0
31.38,79.09,87,179,69778.83,119,226.59,1
11.84,39.04,2,0,1868.26,67,258.03,0
23.34,50.58,121,29,340499.11,124,367.91,1
0.33,39.01,0,1,1585.58,77,258.65,0
4.72,25.45,1,2,574.99,50,146.67,0
73.61,78.33,0,0,22176.27,78,141.06,2
5.35,21.51,1,3,2433.73,69,230.91,0
51.64,49.62,150,224,467801.25,131,151.68,1
91.43,79.15,1,1,32107.25,100,367.85,2
30.75,76.23,95,118,947908.4,117,351.41,1
8.07,46.42,0,1,2306.36,52,325.88,0
31.79,58.56,93,20,129459.58,128,421.69,1
57.9,61.47,91,137,83085.24,120,186.85,1
2.83,28.09,0,2,1721.33,92,164.72,0
8.1,33.1,3,0,2837.29,72,177.15,0
93.25,59.75,0,0,4353.14,82,225.55,2
66.35,80.82,0,1,51379.99,79,310.54,2
71.34,55.0,1,0,10752.11,113,177.86,2
41.76,70.87,89,245,311659.61,130,163.31,1
34.72,57.78,123,91,399246.35,111,257.66,1
10.83,27.03,0,1,2126.46,96,413.37,0
6.21,24.56,1,1,749.72,65,185.86,0
40.91,44.68,115,140,272168.71,135,189.26,1
11.64,41.55,1,4,1230.23,80,216.48,0
3.42,30.17,0,3,4519.32,78,231.15,0
29.14,53.31,200,125,107384.09,109,248.43,1
100.0,88.27,2,1,166719.91,88,266.43,2
0.0,27.34,2,2,518.6,81,215.18,0
9.08,30.03,3,0,770.01,93,213.85,0
5.27,19.86,1,1,1092.6,74,341.17,0
13.8,19.25,3,1,839.66,83,199.06,0
92.75,75.53,0,1,101112.16,98,271.34,2
29.46,60.62,98,233,854876.71,116,154.4,1
8.25,34.26,0,1,3905.95,68,323.67,0
3.62,18.63,0,2,2047.43,50,173.16,0
68.21,78.57,1,0,12481.72,123,148.24,2
6.71,30.56,3,3,4028.34,72,250.86,0
14.25,25.21,2,1,24.67,76,178.0,0
31.13,48.13,202,171,285615.24,103,254.91,1
1.82,35.06,0,1,887.14,70,384.38,0
79.34,77.91,1,0,188144.2,101,252.99,2
48.04,54.76,74,101,307954.83,137,155.81,1
3.08,27.6,1,0,1120.96,74,237.69,0
41.82,58.32,99,188,405767.06,128,301.68,1
8.46,45.13,0,3,2692.84,85,312.63,0
31.71,65.24,159,162,273673.93,127,440.32,1
35.56,67.93,153,97,140501.3,107,241.49,1
16.96,33.16,1,1,5.42,51,294.74,0
6.52,35.01,0,1,469.68,58,318.34,0
10.76,33.1,0,2,423.8,69,191.72,0
17.9,63.11,71,109,1125218.16,107,370.56,1
4.18,41.29,4,1,5871.87,90,95.89,0
47.54,44.27,69,131,105827.31,130,211.94,1
75.74,75.7,1,1,7133.58,93,265.94,2
42.77,43.7,161,115,675964.86,81,93.46,1
9.42,36.84,2,3,1883.09,68,56.68,0
7.83,32.25,1,2,983.0,78,325.25,0
46.83,71.24,118,26,3674894.31,71,219.91,1
32.68,35.76,164,143,11447.83,122,193.08,1
79.41,86.51,0,2,113816.07,93,124.74,2
1.02,25.16,2,2,1444.97,86,344.08,0
36.74,87.11,90,145,346036.53,127,191.36,1
43.06,65.09,135,188,663900.09,127,149.48,1
9.63,22.71,1,1,1429.84,97,253.83,0
16.41,43.77,0,3,1982.33,53,302.27,0
19.98,72.49,106,137,181751.33,114,121.02,1
60.65,66.26,1,1,139298.95,102,214.79,2
36.35,25.0,165,175,405662.38,103,417.2,1
7.12,30.19,1,2,593.04,99,186.4,0
0.0,27.78,2,5,3680.55,73,306.87,0
10.0,64.33,101,210,496108.94,73,197.92,1
29.39,66.35,118,246,587537.75,118,245.61,1
92.6,88.32,0,1,8167.86,121,140.37,2
8.52,19.69,2,1,3003.1,94,171.98,0
55.86,68.42,85,124,181850.06,136,338.77,1
33.45,60.12,143,216,34887.45,92,336.21,1
32.75,47.75,128,119,1085396.18,123,316.26,1
24.74,45.37,75,225,329873.04,120,200.84,1
32.3,63.41,88,229,1849475.61,71,297.05,1
51.32,33.97,65,108,884478.29,112,280.63,1
18.86,46.3,43,186,327645.51,93,264.65,1
8.54,33.43,1,3,686.1,73,339.36,0
90.94,61.03,0,2,8156.34,100,316.92,2
25.05,55.13,139,120,1363472.18,106,242.85,1
38.32,39.99,177,166,267038.18,85,300.94,1
28.6,73.75,54,192,345312.47,127,319.01,1
57.99,57.42,136,147,142322.87,108,227.56,1
2.76,36.37,2,4,1102.53,81,203.11,0
31.64,34.18,183,165,93870.97,152,261.58,1
14.92,40.3,2,3,171.55,79,236.23,0
79.46,91.38,2,1,30002.49,88,104.62,2
8.59,34.41,2,1,1040.2,95,185.19,0
71.54,74.78,2,1,170870.82,114,181.07,2
83.71,77.23,1,0,92484.69,96,306.87,2
23.15,52.22,78,161,310768.01,70,258.99,1
5.96,34.71,1,0,1803.78,55,102.08,0
91.49,72.15,1,1,3837.24,113,223.73,2
39.95,84.39,96,135,1077884.04,81,326.8,1
43.27,58.51,71,164,32231.62,107,77.74,1
0.0,25.32,2,5,2921.1,99,334.27,0
65.82,86.91,1,1,20487.99,101,230.74,2
8.6,35.93,0,2,2909.68,73,270.39,0
5.38,27.79,3,4,796.68,49,324.44,0
12.22,53.63,90,151,47882.56,108,283.19,1
6.21,39.26,0,2,1885.43,72,236.84,0
8.58,38.68,1,3,463.71,60,142.82,0
27.31,48.0,69,108,287299.93,124,351.1,1
61.73,47.0,133,195,600108.43,116,207.55,1
28.24,71.23,92,166,103896.71,120,372.43,1
55.17,60.17,121,65,597992.82,117,283.36,1
7.2,21.96,0,3,3261.11,56,233.22,0
17.0,45.2,168,118,1107049.64,114,306.33,1
12.44,26.33,1,4,4015.45,81,423.42,0
47.46,49.91,119,147,309545.16,125,301.73,1
41.53,72.35,61,106,503601.46,82,180.8,1
28.11,53.12,147,142,1464986.7,129,186.48,1
37.27,53.73,144,189,1454883.01,128,325.31,1
87.34,66.89,0,0,43414.89,91,250.57,2
29.26,60.16,180,112,69629.48,146,248.95,1
63.04,57.86,82,205,84559.67,77,339.46,1
6.82,36.84,1,1,2169.92,75,252.07,0
50.48,48.9,79,140,383683.22,105,107.53,1
7.68,36.39,0,2,1374.63,78,277.4,0
28.65,54.95,119,178,164149.43,132,307.98,1
1.26,25.67,1,3,969.05,77,255.17,0
16.89,57.02,105,131,492670.01,137,290.45,1
10.0,37.29,118,160,85858.9,121,219.92,1
51.6,69.51,126,198,99279.74,150,283.9,1
12.14,46.74,134,150,601728.98,107,262.14,1
1.93,28.38,1,1,498.45,81,166.57,0
10.0,51.42,174,195,680416.52,97,272.47,1
37.35,53.4,119,101,548318.85,94,272.35,1
68.7,63.34,1,1,7676.39,97,268.67,2
71.35,98.0,1,1,4530.88,75,228.72,2
3.3,34.92,0,2,1906.75,112,235.75,0
4.99,24.46,0,2,1054.09,76,261.24,0
18.9,42.22,127,113,213840.35,132,189.15,1
38.25,57.83,106,162,198734.79,94,243.79,1
26.86,68.03,83,102,420376.2,103,216.91,1
2.67,19.92,2,5,1834.36,71,347.97,0
81.12,91.03,1,1,31338.87,87,162.75,2
51.94,79.7,0,1,704198.67,69,118.6,2
48.35,76.56,164,168,155900.44,136,313.85,1
11.36,17.67,0,2,545.39,108,125.1,0
48.57,48.18,80,75,641772.72,115,304.7,1
2.67,34.47,0,1,1744.12,93,256.43,0
33.44,67.37,103,256,698948.52,124,251.59,1
17.9,62.81,111,143,41774.33,108,128.97,1
51.46,38.52,35,126,432368.78,141,234.79,1
34.46,70.31,102,70,1014745.39,148,261.62,1
26.03,79.04,166,168,524162.67,145,199.05,1
60.75,72.89,2,0,111787.14,88,141.61,2
3.43,42.16,1,5,937.18,79,249.06,0
8.86,27.64,0,5,1076.47,88,229.03,0
4.75,44.9,0,2,3186.74,89,191.55,0
7.41,37.19,0,3,353.07,60,218.12,0
10.0,34.19,1,1,4267.3,65,312.28,0
27.64,57.8,162,159,71978.34,101,460.31,1
10.71,32.61,4,1,3732.47,98,268.7,0
55.95,46.92,115,154,149697.41,125,233.44,1
49.07,53.29,51,102,396644.81,133,288.09,1
26.6,43.13,131,210,219793.14,109,253.56,1
46.97,70.26,70,150,246074.25,119,141.47,1
41.1,39.56,113,190,655237.99,133,284.88,1
40.82,57.35,114,128,164877.55,124,309.03,1
11.41,28.12,1,2,4081.73,80,261.33,0
9.02,23.48,0,2,1005.35,91,266.57,0
85.91,89.22,2,0,127.4,88,194.14,2
6.07,18.39,2,3,1569.79,80,329.12,0
10.21,32.63,0,2,1295.72,90,126.41,0
30.74,74.2,159,102,17377.53,138,269.83,1
46.37,53.9,150,177,438957.73,116,276.53,1
73.92,72.74,2,1,92658.83,96,264.26,2
10.0,49.02,123,150,751950.96,94,219.03,1
37.75,83.73,124,35,532484.23,117,356.52,1
51.8,66.37,160,99,228838.64,118,305.87,1
27.11,54.55,115,192,837809.52,109,115.41,1
8.66,48.21,1,2,7056.65,54,357.28,0
28.28,44.7,93,64,420497.79,136,273.04,1
14.15,59.74,65,206,1591844.53,139,173.72,1
86.49,59.17,0,0,41065.19,91,312.46,2
72.77,62.64,0,3,39778.07,80,283.72,2
6.43,20.97,0,3,1782.51,90,393.73,0
11.69,25.62,0,0,556.34,58,288.51,0
31.71,54.21,156,180,250291.1,112,169.89,1
8.94,45.2,0,1,287.22,68,256.78,0
26.69,48.63,143,197,145100.58,130,236.41,1
86.02,72.93,1,0,5819.22,103,335.53,2
9.59,22.16,2,1,3049.48,67,61.43,0
28.82,31.21,111,218,1321616.19,141,200.0,1
10.07,22.38,3,2,2583.77,63,175.45,0
10.0,59.16,186,158,476582.93,104,349.93,1
41.48,40.57,152,181,673774.68,127,242.82,1
41.45,52.58,91,99,38956.96,149,374.1,1
33.88,64.68,146,122,47837.34,93,311.87,1
11.45,36.3,3,1,1595.14,64,179.69,0
92.28,77.27,0,0,188543.4,85,212.72,2
37.77,50.25,98,275,192498.32,110,132.35,1
22.98,65.83,131,150,1008378.87,116,250.24,1
82.55,75.24,0,3,8254.35,106,268.68,2
77.48,92.09,2,2,28071.14,111,328.24,2
8.37,23.98,1,1,862.45,89,389.5,0
3.44,28.29,3,0,362.99,99,290.83,0
67.4,64.19,132,81,219275.95,127,149.96,1
0.0,10.0,1,2,5920.65,94,329.38,0
43.66,46.3,105,221,176679.34,118,189.58,1
42.8,61.2,123,97,326053.91,141,348.57,1
33.7,52.0,73,226,1894407.91,128,258.92,1
3.42,21.78,1,1,2102.07,124,331.4,0
47.65,40.24,95,63,370608.74,96,51.93,1
60.66,27.02,72,269,452302.05,107,153.51,1
70.96,82.83,0,1,343701.82,98,148.61,2
4.74,34.93,1,3,117.7,86,229.63,0
53.08,56.38,91,187,2287507.39,141,246.42,1
60.33,78.04,1,2,151933.12,90,137.16,2
10.0,56.04,95,27,1169678.74,134,248.78,1
6.87,25.48,2,1,2164.53,95,180.69,0
84.09,67.5,1,2,206951.37,96,261.82,2
42.56,68.51,133,163,285000.54,135,172.6,1
60.26,58.98,184,140,415870.49,79,115.29,1
10.63,30.82,1,3,180.38,93,188.37,0
0.0,44.43,1,3,1339.06,85,321.71,0
41.25,59.2,138,110,807764.25,120,225.76,1
11.69,37.98,2,3,4710.42,75,259.88,0
80.41,68.97,0,1,43643.62,131,236.17,2
7.49,34.72,1,3,3043.1,95,404.03,0
73.56,77.9,0,2,75406.68,69,253.1,2
8.24,27.21,2,3,1139.72,74,200.99,0
8.3,15.9,0,1,1531.77,59,263.66,0
1.92,19.26,1,1,1537.95,79,50.0,0
10.43,48.85,1,3,4829.73,76,304.88,0
30.86,58.74,166,136,38320.5,103,240.63,1
49.82,44.4,110,181,148875.71,162,278.21,1
70.32,77.95,1,0,51055.38,113,149.75,2
93.0,67.72,1,0,121997.12,87,148.21,2
25.6,50.13,88,237,958472.51,112,158.06,1
44.08,49.9,119,103,636324.08,116,179.95,1
46.92,55.36,89,187,774698.18,123,172.49,1
82.94,71.07,2,1,139589.58,80,342.1,2
7.07,26.78,0,2,69.33,52,233.92,0
79.35,56.33,2,3,143783.38,125,242.76,2
28.64,44.05,151,114,599927.57,120,330.64,1
3.44,18.78,1,2,791.43,65,87.38,0
26.8,63.14,94,79,280569.1,118,179.33,1
58.23,67.39,1,0,360173.53,97,227.68,2
81.38,71.64,0,1,163882.6,88,189.81,2
12.07,41.41,1,2,1779.26,90,174.49,0
9.45,33.56,0,1,468.81,105,86.23,0
35.25,41.68,96,96,182660.93,91,204.09,1
29.16,60.75,114,116,313789.59,141,257.31,1
63.69,67.42,1,0,88460.62,120,286.08,2
24.34,64.2,92,102,47443.82,120,256.07,1
1.89,38.41,2,4,3396.64,112,246.35,0
30.46,46.16,130,157,1386586.72,146,277.23,1
74.82,68.25,0,0,21433.42,113,284.24,2
23.31,62.3,153,150,114844.05,162,133.47,1
28.11,60.05,87,154,1395118.27,134,208.86,1
32.56,38.99,91,121,377976.09,116,316.5,1
5.18,31.19,0,2,4679.51,79,236.62,0
16.22,50.07,133,176,754433.81,146,325.37,1
37.4,65.69,128,133,122614.29,116,315.2,1
39.99,86.5,156,81,1081257.28,100,160.46,1
5.61,33.16,1,5,954.27,76,361.09,0
13.67,19.24,3,6,1856.18,84,194.34,0
57.99,41.31,98,107,1685777.71,106,236.12,1
60.9,83.51,1,2,71947.37,80,277.68,2
28.65,52.68,108,92,229297.82,151,311.21,1
74.08,97.96,2,2,81119.47,122,223.22,2
0.41,22.19,2,3,3197.98,60,186.1,0
85.59,86.87,0,1,228542.77,91,197.26,2
47.01,53.25,161,124,325258.54,117,279.36,1
17.78,77.92,81,189,608640.04,129,270.5,1
10.0,31.48,87,163,51165.54,133,224.84,1
16.13,32.13,124,190,499168.92,132,291.67,1
51.79,53.39,128,278,137269.05,123,271.04,1
18.11,39.57,139,172,266682.37,127,310.0,1
23.47,59.72,155,131,27572.12,85,276.7,1
36.69,64.3,196,236,242809.38,88,314.26,1
49.95,54.09,109,46,751506.72,114,229.02,1
21.86,32.71,83,140,495493.31,135,189.03,1
52.65,38.82,130,119,147936.24,89,414.16,1
66.63,69.04,1,0,69257.93,125,216.25,2
50.31,60.15,161,154,21400.22,126,232.99,1
41.74,39.79,86,192,109086.99,83,438.61,1
10.55,11.01,2,4,171.81,102,108.6,0
56.07,56.75,0,2,78586.65,100,293.22,2
6.05,27.18,1,1,478.35,53,272.81,0
4.03,24.11,1,0,4773.52,64,146.87,0
8.19,47.93,0,1,2065.54,58,321.48,0
0.0,28.99,0,1,1908.69,70,116.74,0
10.0,55.01,186,171,394246.73,156,262.19,1
31.96,57.87,147,92,133548.56,115,288.19,1
4.61,10.0,2,1,5271.49,82,344.11,0
74.68,66.49,3,0,44902.16,83,200.13,2
13.65,49.87,134,129,653276.81,123,311.14,1
9.12,31.49,3,2,2354.97,65,271.36,0
9.9,29.05,1,1,1105.2,85,445.5,0
1.87,29.36,1,5,2554.17,103,240.2,0
3.86,44.49,0,3,812.24,56,80.57,0
45.46,49.78,105,21,392321.39,122,146.97,1
24.94,36.53,70,161,272161.84,100,152.83,1
1.96,24.16,1,1,5284.53,62,241.62,0
5.15,30.59,1,1,4031.91,89,280.89,0
7.91,22.31,1,4,3806.88,78,275.48,0
69.07,71.52,2,1,14606.76,106,112.23,2
70.07,42.1,164,141,212501.47,80,310.63,1
12.19,17.6,0,2,907.98,77,211.05,0
64.5,65.12,3,0,55172.3,104,286.61,2
55.92,59.7,90,125,218201.55,104,274.03,1
43.46,34.87,119,133,906773.26,141,320.23,1
50.11,67.58,76,170,1239929.03,114,177.15,1
37.89,55.24,122,166,127218.82,131,279.77,1
4.46,34.56,0,2,253.85,88,150.46,0
43.1,52.12,99,136,96979.72,144,359.82,1
10.11,31.58,0,3,2457.4,70,214.04,0
13.26,69.11,105,209,709766.11,117,326.2,1
80.36,86.23,1,2,347751.28,93,232.23,2
42.47,57.49,76,139,218257.9,120,255.13,1
0.0,32.28,2,2,1890.71,64,241.57,0
83.91,73.83,3,2,14570.24,94,295.49,2
100.0,67.06,1,2,4698.43,96,262.22,2
31.89,48.83,132,170,1162812.06,115,302.78,1
5.84,31.93,1,5,1452.46,53,114.94,0
4.55,28.4,1,2,1992.59,108,252.37,0
12.84,23.22,1,3,1282.33,66,299.5,0
4.66,12.78,0,4,131.72,53,429.97,0
70.06,75.7,0,2,30074.64,111,391.84,2
7.12,20.5,1,3,2204.17,82,371.75,0
3.9,27.11,1,1,2854.27,102,262.42,0
8.22,32.86,2,1,675.17,46,341.54,0
10.51,22.75,0,1,1402.12,67,280.14,0
6.43,26.38,2,1,5720.06,90,298.96,0
87.46,82.8,1,1,24964.01,119,341.87,2
10.98,31.81,1,2,1357.48,74,158.79,0
66.27,74.65,1,2,29293.37,97,280.48,2
29.87,41.12,96,135,1687880.17,95,224.33,1
59.79,88.32,1,0,140353.33,113,144.67,2
0.93,35.43,1,1,2056.16,76,198.77,0
100.0,75.91,0,1,75756.61,83,432.55,2
10.18,27.55,0,2,7883.83,84,109.13,0
22.04,56.09,132,175,443525.71,103,127.5,1
41.29,47.85,150,129,166965.05,123,284.75,1
9.31,29.77,1,1,665.4,83,325.34,0
4.23,33.28,2,3,1474.35,77,149.54,0
5.73,33.78,2,2,595.79,72,373.95,0
34.25,64.97,90,115,436404.42,107,310.71,1
36.92,55.83,132,152,141106.43,101,166.29,1
7.48,25.69,0,5,1661.6,54,281.06,0
64.83,46.35,154,229,305662.68,123,236.54,1
81.06,85.27,1,0,89306.57,128,147.19,2
3.53,23.44,3,2,5237.99,80,271.98,0
10.0,60.48,115,108,204865.58,158,351.24,1
40.77,67.62,30,211,751662.89,130,298.39,1
12.79,29.6,0,1,44.21,74,205.78,0
3.32,31.21,1,3,1082.46,83,115.4,0
3.83,27.17,1,2,540.55,81,229.3,0
48.17,62.06,88,118,361890.8,113,332.23,1
7.54,26.9,2,0,8948.93,87,224.67,0
4.21,33.23,1,1,1151.74,97,204.41,0
45.22,36.87,96,136,241628.42,109,320.06,1
59.09,58.91,171,218,246772.62,147,262.27,1
5.11,31.45,1,1,679.79,82,292.08,0
30.18,62.29,121,191,1377523.75,108,206.06,1
8.32,26.18,2,2,3691.17,91,250.49,0
0.5,26.88,2,5,3910.43,64,300.41,0
88.88,74.02,0,0,100517.3,81,220.53,2
22.6,47.9,165,255,353862.2,140,354.58,1
31.52,54.1,186,130,544414.79,153,287.8,1
6.46,28.18,4,0,2033.61,69,226.17,0
11.2,46.73,2,2,774.78,93,279.75,0
1.84,20.97,1,1,1277.33,78,254.94,0
0.0,33.26,0,2,1755.62,76,269.77,0
6.12,26.38,0,4,371.69,113,232.34,0
65.2,75.7,0,0,95299.19,77,204.34,2
44.4,60.09,100,195,888352.33,121,201.41,1
22.45,46.19,151,199,240426.04,115,188.3,1
6.55,29.04,0,4,48.2,82,269.34,0
29.81,79.18,172,162,461465.24,140,308.87,1
84.08,86.25,1,1,73640.38,115,248.29,2
17.43,45.91,2,1,248.31,88,193.91,0
1.47,28.74,2,0,2741.08,66,225.49,0
60.34,46.57,167,201,149213.63,133,292.11,1
73.34,76.16,1,1,34187.71,99,385.8,2
44.39,46.22,196,152,463019.22,114,165.31,1
72.89,83.65,1,2,248032.16,114,226.48,2
6.9,32.54,2,1,2500.43,96,174.91,0
29.41,65.19,124,108,103444.29,137,208.9,1
84.31,59.06,1,1,10182.88,62,161.08,2
44.51,70.76,116,132,68843.11,128,205.0,1
7.16,24.34,5,1,169.73,74,289.69,0
30.0,59.02,98,153,870308.16,113,385.56,1
38.61,57.4,126,218,331838.72,90,235.95,1
7.64,47.61,1,3,2301.04,75,226.36,0
5.62,18.95,1,2,804.11,48,185.24,0
0.19,39.0,0,2,342.35,74,214.38,0
10.42,30.59,1,3,1051.51,87,192.39,0
55.92,36.3,94,225,29616.77,110,172.05,1
1.12,14.03,0,1,65.63,91,224.93,0
88.33,85.02,2,1,39642.64,60,285.81,2
11.69,27.1,1,2,4844.96,98,253.29,0
71.04,79.61,2,0,78922.81,122,279.16,2
36.22,44.18,122,194,493837.13,77,204.62,1
3.17,24.1,0,1,220.39,87,148.94,0
88.53,61.12,0,2,50608.72,84,152.79,2
44.41,58.06,105,110,662388.84,160,303.68,1
17.43,28.03,166,235,475459.3,127,293.1,1
3.85,26.11,2,2,1649.9,90,351.37,0
6.73,33.2,1,2,4199.59,103,139.91,0
0.0,32.77,2,1,83.39,87,237.67,0
8.99,21.12,4,2,45.59,63,142.04,0
100.0,81.37,0,1,87402.81,131,303.01,2
87.17,88.52,1,1,18373.23,67,228.28,2
40.69,54.29,161,54,475023.75,94,262.28,1
7.31,24.99,3,3,461.65,84,102.41,0
21.03,51.68,56,228,800013.29,114,249.59,1
5.02,26.18,0,1,2406.57,77,329.93,0
10.27,33.39,0,2,2060.95,63,270.87,0
6.52,29.65,0,1,828.54,67,180.83,0
79.0,67.34,0,4,49850.41,106,326.43,2
28.93,58.88,125,195,857650.25,123,265.19,1
6.28,34.87,2,2,2443.34,73,186.73,0
10.21,38.25,0,2,1769.52,90,221.6,0
66.76,55.0,1,0,38080.52,106,189.07,2
38.23,53.74,206,162,758463.52,147,277.64,1
27.06,70.82,158,142,79278.24,96,300.43,1
7.03,30.82,0,3,162.86,92,325.18,0
40.31,52.4,110,192,22211.93,131,287.06,1
75.26,66.27,0,0,165230.43,117,265.11,2
48.01,58.14,196,177,515696.12,127,364.35,1
6.26,34.2,0,6,387.32,45,50.0,0
65.6,75.5,0,1,45413.14,94,214.95,2
57.84,53.58,147,111,383667.24,124,317.07,1
45.64,71.51,72,215,708074.95,113,249.38,1
1.63,23.2,1,3,1357.68,71,351.23,0
94.26,65.84,1,1,82790.28,126,208.55,2
1.7,28.37,0,1,3511.6,99,257.34,0
41.51,50.58,135,72,1050763.34,131,244.46,1
28.49,52.81,89,68,183256.76,86,167.53,1
80.67,87.62,2,0,44293.63,94,231.54,2
28.07,36.22,91,71,796029.33,161,145.89,1
85.4,65.99,1,1,63513.75,126,359.4,2
77.79,72.45,1,2,189514.89,87,246.1,2
8.26,32.02,0,4,8124.34,82,244.59,0
35.94,61.84,132,102,71178.06,129,252.74,1
4.33,36.66,1,0,2380.84,71,199.86,0
79.13,76.3,1,3,620002.24,76,172.21,2
9.3,44.17,1,2,2033.82,54,206.76,0
29.47,79.33,227,172,22483.72,164,289.6,1
10.0,61.5,103,166,236247.4,89,85.43,1
88.45,78.0,0,1,59692.9,95,247.69,2
10.0,47.0,43,102,1251416.75,100,246.68,1
72.68,66.19,2,0,23113.28,104,62.16,2
22.21,63.11,87,52,1074067.49,111,243.82,1
63.12,56.14,139,110,119759.68,108,365.55,1
77.79,68.42,2,0,26194.79,84,286.27,2
2.02,28.54,3,2,2707.48,61,205.45,0
0.0,39.27,0,0,950.68,45,155.23,0
77.43,73.64,1,0,53847.09,89,257.64,2
73.47,80.54,0,1,60254.98,107,116.78,2
52.51,53.93,60,156,414068.16,104,233.63,1
6.81,22.22,0,3,1989.99,69,400.39,0
45.89,33.87,73,110,128526.08,93,304.03,1
1.63,29.61,1,4,1474.42,97,175.55,0
71.85,77.97,0,3,46242.99,101,237.71,2
43.24,35.34,118,149,478577.14,111,333.69,1
9.94,35.7,1,0,4734.1,104,272.4,0
5.24,10.0,1,3,106.11,82,179.27,0
39.26,43.01,62,169,543572.48,127,289.87,1
50.01,73.22,127,111,55563.8,131,289.66,1
38.42,53.42,94,131,28719.79,124,344.02,1
6.25,28.23,0,2,671.89,96,166.49,0
0.23,34.76,0,2,1206.83,81,221.3,0
12.35,31.46,0,5,808.33,88,345.76,0
5.28,36.58,2,2,2723.0,81,514.64,0
0.0,30.24,0,1,5178.92,100,205.03,0
25.56,59.43,135,175,75368.3,108,374.68,1
1.09,35.31,0,2,938.52,64,429.5,0
41.15,64.06,161,80,331217.99,95,362.41,1
13.35,52.44,118,228,668304.01,116,295.96,1
90.19,66.73,0,1,136201.32,110,63.83,2
9.69,47.07,2,0,1985.9,87,457.79,0
40.17,51.49,165,145,379040.29,142,173.34,1
65.44,31.66,116,109,509440.34,112,367.47,1
48.36,41.46,32,107,1812685.4,103,311.07,1
26.58,55.01,78,120,1388821.65,146,265.82,1
32.73,39.02,109,129,117760.43,71,207.02,1
16.54,38.66,1,3,4451.11,97,356.34,0
48.68,34.9,142,142,751762.5,100,406.48,1
6.05,25.98,0,4,868.38,91,180.26,0
8.96,32.41,1,2,168.73,73,172.01,0
9.72,29.74,1,1,1430.52,79,289.13,0
12.3,30.58,2,0,903.07,90,162.83,0
3.38,34.07,1,1,58.51,60,281.15,0
43.95,47.63,121,123,788786.96,133,270.79,1
37.14,41.41,140,168,768551.83,116,137.34,1
76.67,63.12,3,1,61791.08,103,222.59,2
1.5,50.06,1,1,318.4,71,67.48,0
13.79,33.43,35,170,44276.26,140,246.26,1
30.2,32.95,149,187,584266.48,119,227.69,1
0.0,36.88,0,3,1731.13,92,299.07,0
1.63,33.53,1,2,126.72,75,176.59,0
5.92,33.38,2,3,369.33,96,147.7,0
39.35,45.71,125,135,516518.82,119,198.51,1
34.34,40.41,30,129,222020.3,108,243.29,1
86.68,55.0,1,0,172681.73,72,179.53,2
20.52,50.02,118,125,504364.15,120,208.7,1
57.29,55.24,118,79,1006204.98,112,136.31,1
20.6,64.0,104,109,225518.78,121,344.56,1
45.54,48.35,182,133,576584.46,105,285.9,1
98.29,66.95,2,3,45998.43,116,307.98,2
6.36,31.16,0,3,1533.25,94,209.88,0
15.36,53.34,67,148,82339.7,156,336.45,1
29.22,47.17,84,160,120631.89,111,187.93,1
9.18,33.98,0,1,1212.11,63,141.0,0
92.69,75.39,2,0,34748.03,75,260.68,2
1.83,25.04,4,4,105.97,68,171.37,0
32.4,63.7,162,100,32232.18,131,286.36,1
30.94,58.43,152,92,162613.02,94,192.92,1
9.55,25.83,2,4,6930.94,72,320.41,0
36.94,70.36,107,94,631885.03,75,266.23,1
8.67,17.96,1,1,2752.57,109,192.63,0
70.66,84.73,3,0,232315.63,94,195.05,2
28.86,66.8,116,139,473625.73,128,278.49,1
24.09,63.43,127,96,499635.7,131,201.11,1
15.37,47.83,83,175,197949.28,134,310.12,1
6.34,29.48,0,3,1638.27,77,245.72,0
7.29,30.49,2,2,935.98,76,299.06,0
74.47,72.62,1,2,65434.95,131,239.99,2
12.6,45.06,127,135,352797.03,149,297.08,1
13.47,64.08,135,140,594946.96,148,309.38,1
4.2,25.02,1,2,16.17,58,228.23,0
7.16,28.71,1,2,4540.28,80,160.65,0
75.29,73.62,2,1,9286.61,118,229.81,2
10.17,29.83,5,0,486.58,50,439.42,0
85.45,62.19,2,1,51061.62,97,282.52,2
41.71,43.99,168,233,841404.01,103,144.21,1
83.63,69.07,3,1,33396.96,107,222.71,2
7.37,27.55,0,1,1043.5,77,396.53,0
0.88,28.01,0,2,141.17,69,182.37,0
57.89,92.23,1,0,92498.96,90,343.36,2
45.44,49.26,127,146,585626.76,110,222.79,1
10.76,32.03,0,4,1315.28,75,259.2,0
93.98,72.32,0,1,9985.6,101,398.81,2
72.8,68.39,0,1,21018.25,100,145.54,2
35.84,54.98,167,90,140562.22,149,175.62,1
18.49,47.39,198,107,911531.08,153,317.28,1
36.36,40.54,127,243,261389.13,134,220.54,1
29.95,55.32,30,94,968609.6,123,361.19,1
73.99,82.49,1,3,7734.32,123,334.41,2
8.44,35.08,1,1,626.48,85,283.51,0
12.59,24.19,0,1,402.5,67,270.79,0
60.65,41.83,79,183,322460.05,135,223.77,1
6.85,13.16,1,2,2099.46,57,289.16,0
72.15,64.84,1,0,1188.38,119,338.58,2
53.17,62.35,100,144,459728.02,122,221.75,1
32.07,51.02,96,83,531423.31,103,321.39,1
18.96,80.66,161,145,17655.85,133,259.77,1
25.75,59.77,134,243,626487.36,136,314.03,1
77.36,79.16,0,0,130756.14,89,257.96,2
52.98,63.44,102,186,240185.65,135,318.94,1
1.74,19.76,4,4,4726.65,89,185.48,0
77.79,60.03,0,0,59040.21,104,307.33,2
18.12,70.77,131,236,1518793.11,85,313.45,1
37.76,65.67,104,42,371499.37,134,123.64,1
4.36,23.31,0,2,958.24,77,216.97,0
0.21,29.18,2,3,1228.02,77,196.6,0
4.77,40.37,0,0,1470.17,79,352.78,0
16.3,54.6,170,113,497425.59,136,204.5,1
18.1,51.11,65,128,315074.15,114,201.15,1
52.3,45.88,62,167,81630.0,77,325.37,1
10.0,41.4,242,234,986475.17,111,260.41,1
72.56,76.49,0,1,32349.59,109,245.9,2
2.34,19.9,0,2,6995.71,80,282.3,0
74.44,74.87,0,1,122989.86,106,380.79,2
8.98,36.11,0,3,557.39,83,223.47,0
58.75,84.55,80,152,85739.83,97,179.09,1
10.0,47.53,127,205,112509.85,74,207.73,1
2.74,28.43,0,1,2533.58,57,271.17,0
28.8,68.94,175,59,1282412.21,123,274.59,1
13.7,10.0,1,2,1742.06,68,193.76,0
61.8,36.01,59,140,5629.93,105,240.49,1
30.18,51.88,124,165,468282.4,104,288.06,1
16.84,32.52,0,4,32.52,93,247.34,0
7.32,39.05,0,1,137.82,97,249.36,0
18.83,41.33,151,172,1597863.78,104,195.8,1
36.21,57.8,140,189,544997.56,98,249.41,1
13.39,22.44,1,2,3097.66,105,223.92,0
10.08,24.14,4,2,2042.34,71,379.03,0
10.34,21.08,0,0,1476.6,72,271.27,0
20.82,72.34,96,57,74437.03,111,224.32,1
6.16,33.02,0,1,532.6,75,226.12,0
1.32,37.35,2,1,4927.34,72,264.98,0
20.87,51.73,149,226,696492.7,95,321.35,1
52.89,61.75,78,185,59465.65,104,346.04,1
7.28,28.49,2,3,600.62,82,374.98,0
44.75,52.21,97,158,73250.89,152,83.85,1
7.84,28.87,0,3,881.33,112,290.39,0
54.4,64.37,118,218,56301.62,115,150.48,1
0.79,25.44,0,2,2594.74,62,140.38,0
75.29,77.35,2,0,19300.96,122,284.08,2
40.11,52.88,149,213,325909.5,102,279.23,1
15.64,47.9,86,152,105351.94,140,287.71,1
12.96,18.1,0,1,275.4,70,458.43,0
36.23,52.44,184,76,192718.44,159,50.0,1
11.92,29.47,1,1,4120.83,77,209.05,0
6.65,31.84,3,1,2164.74,82,74.67,0
0.22,34.38,0,1,3041.97,97,186.92,0
0.0,37.78,3,4,9446.13,100,236.7,0
4.77,33.18,1,1,1918.74,63,322.4,0
84.83,69.59,2,1,115509.05,130,220.71,2
2.39,32.43,0,8,623.6,90,197.84,0
22.38,57.31,109,178,220210.78,128,331.23,1
15.97,67.11,84,141,69456.5,93,314.9,1
0.0,36.75,0,1,2843.9,73,223.17,0
43.4,44.51,129,209,1693773.59,158,293.72,1
23.98,56.45,141,214,884132.27,139,254.32,1
4.24,39.83,1,3,2893.69,86,259.23,0
12.09,25.53,0,1,675.92,102,187.71,0
48.26,90.0,107,137,834156.31,119,263.52,1
5.38,39.84,0,5,2350.18,96,410.38,0
33.42,51.22,187,100,53477.32,112,325.79,1
41.16,53.01,173,151,438681.73,98,308.72,1
40.49,62.7,167,125,535713.11,135,85.81,1
36.09,60.64,163,147,605514.09,94,263.41,1
10.0,49.95,60,133,981545.5,100,50.0,1
89.47,82.29,0,1,4125.73,76,236.31,2
9.68,37.79,1,0,7.46,74,181.18,0
6.41,43.17,2,1,691.51,74,127.09,0
62.71,59.91,1,2,178387.26,114,246.11,2
0.0,43.42,2,1,1651.5,79,128.56,0
0.0,25.94,0,3,375.84,40,235.37,0
6.71,27.21,0,2,6407.92,79,222.8,0
4.39,35.41,0,6,3440.75,59,262.86,0
37.48,49.44,93,85,583105.28,154,230.69,1
27.32,56.28,98,262,447786.55,117,299.64,1
56.73,65.08,4,0,30755.59,93,348.09,2
36.82,52.57,153,108,1273440.9,148,238.12,1
10.0,54.72,86,225,147118.71,147,357.43,1
48.0,50.72,140,120,836944.09,124,232.59,1
80.28,79.65,2,0,36535.73,99,382.3,2
37.94,42.99,125,141,46999.46,79,198.78,1
75.09,88.21,0,2,38.39,114,296.98,2
39.59,58.52,89,217,517428.0,135,372.77,1
9.09,43.94,1,1,6574.8,90,219.77,0
26.96,53.71,118,145,573997.96,119,310.17,1
74.53,61.57,1,0,122257.39,108,279.57,2
17.11,45.06,93,124,152573.0,99,266.67,1
4.97,23.83,1,0,5175.13,85,245.34,0
25.39,66.7,106,147,394778.43,85,184.45,1
86.58,69.29,1,2,4938.72,95,364.1,2
73.09,65.97,1,0,38472.12,99,287.59,2
7.79,40.38,1,3,954.78,85,262.39,0
93.49,77.66,1,0,204591.62,99,191.87,2
6.72,29.99,2,1,616.09,60,268.18,0
33.65,53.42,122,190,867982.28,116,207.57,1
41.78,31.42,87,129,214012.69,148,50.0,1
85.6,79.13,1,1,103494.65,108,178.23,2
34.51,40.97,250,199,515798.09,88,141.16,1
2.14,19.35,1,2,2866.88,71,221.94,0
8.58,46.96,1,3,3531.62,63,386.32,0
25.89,43.91,142,133,462335.26,108,167.26,1
37.26,60.31,109,136,35652.68,129,235.77,1
55.92,48.28,119,231,54964.02,117,229.42,1
2.98,41.53,0,2,1227.44,93,141.93,0
10.0,47.21,134,185,1353289.33,102,61.56,1
2.17,31.65,0,1,374.12,85,263.82,0
3.8,36.94,3,1,3131.64,90,314.05,0
91.47,71.76,0,2,4139.32,98,147.8,2
7.94,34.57,0,5,507.96,67,168.61,0
61.03,88.71,1,1,68631.56,90,285.05,2
92.59,64.59,2,2,186712.83,92,220.55,2
33.71,79.46,150,105,781400.05,94,358.76,1
24.42,43.34,128,137,470991.77,98,251.3,1
35.39,34.07,161,168,479856.83,104,254.66,1
37.32,49.41,104,155,967198.24,115,286.45,1
8.22,33.11,1,2,219.59,73,285.34,0
44.22,39.12,140,225,272390.53,128,356.63,1
68.85,55.0,0,2,25442.52,117,280.22,2
35.07,56.72,124,97,493124.11,127,184.84,1
25.26,63.41,146,197,277044.4,114,386.95,1
36.63,36.85,52,157,52248.66,103,180.86,1
7.28,34.15,1,1,5779.35,80,151.48,0
10.0,39.52,145,149,1294416.84,100,206.38,1
34.59,68.95,112,128,16691.75,118,410.43,1
36.82,58.51,131,232,1321943.12,136,262.24,1
7.7,24.85,2,1,89.11,79,199.2,0
90.42,82.91,2,0,16037.13,84,284.02,2
83.64,80.57,1,4,19861.92,116,205.27,2
6.18,16.08,0,0,280.25,81,277.01,0
3.01,37.76,1,2,9116.09,86,184.22,0
8.35,34.42,0,3,1992.15,69,330.31,0
77.03,56.41,1,0,243631.5,113,324.98,2
38.92,49.5,93,178,133725.45,117,273.54,1
3.23,28.12,1,2,5754.4,47,323.3,0
4.44,28.11,1,1,228.14,78,263.83,0
3.36,29.75,1,2,443.99,86,296.42,0
17.02,53.26,106,160,246082.88,136,298.22,1
75.95,70.13,0,0,98432.8,103,355.85,2
63.2,79.75,0,3,81693.83,93,287.57,2
31.92,37.61,127,231,56912.48,101,257.61,1
0.87,43.27,0,1,130.42,47,200.03,0
73.75,82.3,2,2,129342.69,101,275.98,2
7.53,29.39,1,4,964.17,100,55.27,0
4.72,25.67,1,2,210.92,81,312.29,0
4.61,20.16,0,0,752.61,103,371.88,0
42.84,57.3,135,79,373158.15,134,167.82,1
13.61,31.81,0,6,3207.26,67,218.05,0
75.65,74.17,0,0,1431.2,90,230.94,2
58.22,64.38,1,0,49971.97,101,413.16,2
1.71,25.64,0,1,67.87,64,228.18,0
97.87,57.72,0,0,366095.88,92,301.4,2
40.61,51.7,140,20,29833.58,121,125.25,1
7.52,37.79,3,1,2383.37,104,317.68,0
45.8,58.59,48,227,232590.37,133,176.28,1
10.0,47.79,76,138,125900.31,130,198.31,1
25.56,60.17,84,186,50779.82,174,238.79,1
9.48,17.52,0,2,76.68,102,425.56,0
4.29,20.66,1,1,577.44,79,97.45,0
40.35,41.73,108,165,41509.64,155,197.8,1
28.26,81.27,82,46,505536.01,114,323.28,1
10.3,31.27,1,0,1262.46,58,291.32,0
21.62,58.82,115,49,205177.46,101,290.75,1
60.01,79.55,0,1,8878.22,91,254.96,2
3.22,26.91,0,2,277.96,93,241.81,0
43.65,53.32,228,161,669754.36,131,282.7,1
14.01,37.42,0,3,188.86,89,342.64,0
8.71,32.7,1,2,2488.94,91,288.08,0
32.43,50.09,155,150,572323.21,135,207.19,1
2.92,38.83,1,1,330.81,70,320.32,0
3.68,39.44,0,4,2763.29,95,284.59,0
6.93,18.45,0,1,852.33,98,194.9,0
87.74,80.16,0,1,59949.45,78,233.67,2
76.34,85.32,2,0,7339.4,74,81.53,2
4.5,28.72,2,3,2500.66,97,262.93,0
9.14,35.13,0,5,3184.68,92,256.86,0
77.98,77.07,0,0,114172.01,106,397.39,2
7.32,24.06,2,1,92.33,76,179.8,0
23.19,65.6,72,195,22694.27,117,290.45,1
60.95,70.01,1,2,12224.82,128,196.76,2
13.7,39.39,1,1,2039.14,97,143.85,0
1.45,45.99,0,0,1786.52,74,185.86,0
63.08,70.36,0,0,27139.1,87,282.09,2
49.48,42.26,123,112,521958.46,112,265.07,1
1.9,31.04,1,0,1918.5,60,109.91,0
27.65,56.35,161,111,5000.0,132,285.21,1
37.5,50.66,134,217,377259.17,105,152.15,1
55.83,66.82,58,239,384046.35,94,204.5,1
7.99,22.44,1,2,1025.81,64,249.8,0
9.14,10.0,0,1,2152.13,67,237.72,0
98.16,93.57,1,2,340.77,96,322.16,2
20.9,46.56,91,156,415188.8,130,173.39,1
2.55,40.04,1,4,1759.57,62,234.18,0
10.0,40.57,169,190,237297.2,109,348.64,1
4.4,26.65,2,1,2666.05,60,392.95,0
1.28,22.25,4,2,743.37,80,325.25,0
2.73,21.59,3,2,8480.31,75,242.62,0
48.4,53.82,148,244,57663.14,109,385.94,1
3.27,21.29,1,1,87.11,67,238.43,0
22.47,40.67,123,205,229956.5,137,170.45,1
36.31,56.94,59,180,879384.34,142,259.81,1
9.0,32.19,1,1,3281.61,73,252.22,0
1.6,35.0,1,2,3456.15,95,211.56,0
46.81,52.82,120,173,335371.12,128,324.49,1
17.24,31.2,0,1,5069.2,95,247.62,0
64.54,67.12,0,1,39352.81,83,194.21,2
42.93,51.36,97,217,572147.56,121,138.55,1
2.24,32.32,1,1,3617.8,55,174.06,0
72.43,67.31,3,1,170417.33,105,101.18,2
59.24,66.39,1,3,16196.8,102,142.12,2
34.54,59.0,168,187,1991424.3,114,209.88,1
60.11,58.6,0,1,49006.15,100,251.51,2
7.33,34.86,2,2,807.63,86,256.71,0
68.26,79.65,0,0,265727.23,97,261.35,2
6.23,27.67,0,2,4098.41,75,310.18,0
8.84,14.87,0,1,1534.71,82,339.12,0
9.38,30.24,1,1,2066.79,83,266.71,0
25.86,52.47,68,200,435043.71,113,298.04,1
22.03,42.09,124,127,1372796.91,85,157.07,1
2.23,34.73,0,3,493.97,78,264.15,0
44.52,53.23,66,90,198965.18,137,151.17,1
52.79,36.39,33,124,318352.33,105,318.83,1
34.76,66.59,111,185,437066.97,95,202.9,1
31.73,38.87,134,108,586439.24,136,297.1,1
44.3,82.09,132,168,64108.03,157,332.12,1
36.2,36.38,71,192,5000.0,99,384.71,1
51.87,76.58,1,2,154608.39,100,327.1,2
3.49,19.95,2,2,7103.19,100,353.01,0
4.88,32.46,0,2,137.41,90,313.1,0
40.93,60.97,147,159,242762.83,121,281.73,1
72.46,73.95,1,0,351729.41,96,261.71,2
43.57,60.43,118,186,359549.87,113,290.11,1
83.75,77.89,0,1,72775.6,110,144.52,2
43.13,61.01,164,106,431386.1,150,317.21,1
65.09,74.56,0,3,541895.16,112,214.18,2
26.42,55.04,147,186,1232069.31,89,296.44,1
26.31,48.23,123,33,331976.77,114,346.11,1
23.25,53.36,147,135,349346.95,125,138.78,1
51.87,68.76,82,133,170033.03,157,290.87,1
9.5,26.86,0,5,1952.09,80,231.44,0
84.27,68.71,1,1,158999.85,112,308.79,2
42.24,45.08,98,195,1084287.78,118,406.2,1
5.75,35.19,1,1,720.98,48,137.52,0
41.6,44.26,90,101,470441.32,115,315.35,1
91.18,82.1,0,0,9767.92,98,148.3,2
55.68,58.63,61,239,140542.83,102,75.31,1
66.57,77.26,1,1,71692.22,114,208.14,2
6.19,31.52,1,1,4995.1,69,170.92,0
79.93,66.43,2,0,109798.57,81,245.16,2
70.88,45.27,38,214,263290.29,108,210.8,1
67.11,73.43,1,1,611716.23,106,292.31,2
100.0,89.42,0,1,42731.32,79,316.95,2
12.32,38.61,0,2,2912.69,73,209.89,0
61.84,78.85,1,1,24048.15,80,215.36,2
83.92,61.75,0,0,42776.71,96,204.15,2
1.24,36.05,1,1,1135.15,52,281.16,0
83.55,95.38,0,5,42891.97,110,401.59,2
7.21,24.18,1,2,2251.53,111,290.28,0
4.53,27.86,0,1,2698.88,82,375.97,0
83.76,88.89,0,0,244290.36,88,321.1,2
19.81,57.35,84,182,1241919.0,140,292.83,1
71.94,76.48,1,0,225571.52,92,273.55,2
4.47,34.61,2,3,2145.45,74,276.25,0
4.08,26.23,1,3,218.37,89,263.35,0
100.0,79.81,0,1,20307.73,73,284.61,2
11.13,56.01,115,279,19890.07,133,206.25,1
29.87,56.75,142,67,2039524.2,137,278.42,1
16.85,50.77,103,35,10861.71,84,204.99,1
20.2,52.54,105,159,232533.05,127,239.9,1
92.88,61.45,1,4,584.78,96,249.08,2
38.76,62.51,138,116,43869.47,121,213.47,1
44.74,67.89,106,147,266191.43,133,188.87,1
43.52,48.26,132,184,31620.76,86,206.53,1
5.04,21.31,1,1,3056.53,74,282.31,0
44.28,34.16,125,121,330030.28,126,330.83,1
10.0,41.42,66,245,406299.67,120,227.14,1
42.51,51.58,173,132,263285.15,144,341.3,1
40.14,51.07,93,183,136855.33,159,96.7,1
50.49,63.47,101,109,404670.82,151,403.03,1
5.21,29.54,0,2,1515.71,116,363.36,0
69.7,45.58,105,92,54112.12,117,218.58,1
1.75,29.37,3,4,1120.76,77,104.62,0
34.25,67.74,264,146,298352.73,99,505.39,1
73.6,65.79,0,2,24337.78,121,253.92,2
5.5,34.26,3,1,850.34,87,353.94,0
13.85,51.42,129,112,14814.52,113,120.15,1
84.68,86.1,2,1,38756.07,80,271.29,2
37.13,69.0,139,127,334969.88,107,301.58,1
4.58,45.12,2,2,13499.63,70,256.93,0
95.8,78.46,1,0,220408.98,98,212.11,2
42.35,60.28,78,131,435518.72,118,254.31,1
53.39,31.78,132,180,38736.7,99,218.82,1
47.37,29.66,64,247,614648.19,101,228.56,1
18.46,70.9,102,220,317016.12,114,264.12,1
10.14,31.07,0,2,796.23,111,169.15,0
84.78,76.68,0,2,26571.3,88,226.72,2
5.78,25.49,1,1,1887.0,88,142.93,0
79.11,83.85,2,2,1629.2,103,149.92,2
2.4,44.06,1,0,4999.07,106,268.25,0
40.67,62.4,93,190,47270.1,109,124.89,1
98.01,68.25,0,0,58539.63,80,261.62,2
4.57,30.06,1,3,433.95,90,399.29,0
3.55,30.75,2,3,676.31,67,350.23,0
44.15,44.82,156,188,393114.54,117,248.53,1
10.66,20.84,3,3,2034.5,58,177.93,0
0.0,25.43,1,0,3775.03,76,197.32,0
2.94,26.76,1,1,982.09,67,187.89,0
37.87,73.03,232,85,52848.22,124,251.47,1
0.53,33.62,2,2,2.12,92,299.67,0
68.17,68.27,30,195,321812.25,79,273.83,1
10.0,39.48,189,278,467392.7,147,368.22,1
6.29,23.53,3,1,1129.99,83,104.0,0
72.59,60.78,1,3,124727.9,101,302.62,2
28.03,55.15,106,91,508435.02,114,319.77,1
73.4,66.04,0,2,163018.94,89,233.08,2
0.0,31.92,1,1,5997.51,68,287.46,0
22.53,70.76,78,152,141584.4,109,202.04,1
5.62,10.0,1,2,6800.46,90,370.41,0
10.0,74.34,138,57,615113.86,129,394.24,1
84.95,81.19,0,2,172642.72,88,156.9,2
42.75,52.52,99,126,246138.31,114,261.51,1
9.88,29.66,1,0,2694.44,96,197.11,0
53.12,52.16,148,121,912568.99,94,123.43,1
37.8,49.55,160,148,258404.1,133,308.38,1
37.58,62.02,84,89,2192876.76,131,391.96,1
3.92,27.12,3,3,4577.39,110,291.53,0
66.47,78.14,3,0,43849.59,93,175.85,2
32.8,50.55,91,99,228860.49,146,311.61,1
25.91,67.94,84,130,94873.64,132,320.7,1
51.52,42.91,143,186,50622.12,101,271.66,1
10.68,23.23,1,1,159.22,63,309.4,0
83.1,63.62,1,1,4959.89,107,244.08,2
12.95,49.67,114,151,1365909.1,107,252.73,1
9.43,23.72,1,3,3735.36,71,243.17,0
67.95,83.3,0,0,123502.91,103,353.8,2
1.49,27.77,0,2,2808.38,79,291.35,0
71.14,74.56,1,0,243143.57,96,282.32,2
32.44,51.03,115,134,689041.63,121,195.26,1
29.68,48.13,142,231,356924.78,123,140.82,1
21.4,65.3,118,199,1326975.69,96,311.29,1
6.1,25.51,1,2,3156.69,73,65.41,0
10.0,46.42,121,148,443040.56,114,269.39,1
4.12,23.45,0,2,3036.78,57,279.7,0
11.16,40.12,1,0,348.35,76,157.43,0
8.03,26.82,2,1,868.19,75,102.47,0
79.11,84.46,0,3,126138.73,67,314.62,2
49.31,42.43,208,126,84219.93,121,437.46,1
0.0,25.12,1,1,6354.21,77,311.14,0
55.06,52.96,136,103,1275959.61,102,85.34,1
10.18,14.91,1,3,1277.91,70,270.48,0
7.25,41.06,1,3,507.15,81,191.12,0
39.36,63.94,91,166,1155684.99,124,310.12,1
40.81,51.34,158,144,157517.81,100,365.75,1
2.71,26.64,2,2,1812.8,83,225.41,0
52.76,61.14,178,220,1143933.49,111,163.35,1
0.71,32.02,2,6,472.8,91,50.0,0
17.1,44.89,74,193,101945.14,146,316.45,1
80.07,57.62,4,1,113603.62,109,245.77,2
25.15,57.42,125,274,241725.53,84,66.4,1
5.36,10.0,1,0,1277.75,86,229.09,0
60.21,54.16,110,169,871661.61,124,178.22,1
22.91,57.23,33,177,583254.16,123,318.19,1
0.31,23.76,1,6,657.49,76,289.57,0
21.64,68.71,137,185,952864.89,114,172.58,1
52.91,64.59,98,111,122357.99,102,277.05,1
27.24,56.68,186,146,5000.0,108,306.87,1
39.01,54.83,123,263,408207.13,139,153.78,1
36.2,66.16,150,128,354697.93,135,283.73,1
91.07,76.83,1,0,401609.06,98,231.33,2
92.12,55.0,1,1,18331.71,108,131.07,2
2.39,41.51,2,3,779.62,83,339.59,0
4.78,28.93,0,2,357.53,93,291.82,0
4.13,30.53,2,1,2477.43,86,240.73,0
2.42,23.25,0,2,2117.19,103,274.44,0
28.19,62.1,108,204,653387.11,143,417.33,1
38.81,67.63,128,137,839035.04,99,212.48,1
48.45,72.8,95,142,207130.94,70,50.0,1
7.38,29.89,0,2,1125.46,64,182.08,0
78.54,84.75,0,0,387209.45,99,366.92,2
91.37,85.83,2,0,45669.24,106,440.05,2
8.12,20.78,2,1,545.65,85,242.07,0
84.11,79.47,0,4,68.03,106,121.25,2
100.0,73.4,1,1,122554.62,93,302.76,2
4.65,29.66,1,2,825.93,57,272.67,0
81.85,65.68,0,1,8077.29,102,269.06,2
13.78,56.08,150,143,147533.58,166,283.38,1
21.87,41.68,99,144,236429.45,104,223.94,1
9.9,39.21,0,4,3938.12,83,198.24,0
1.91,24.84,0,2,1674.85,105,183.68,0
12.18,25.52,3,1,5263.61,69,342.13,0
25.22,56.36,108,107,195227.16,122,342.5,1
11.07,39.45,2,0,515.01,91,145.02,0
59.28,91.72,0,1,41330.06,103,120.22,2
2.93,24.08,1,1,436.49,42,322.79,0
4.59,29.84,2,2,150.43,64,281.88,0
77.12,64.7,0,2,128475.36,87,274.14,2
53.36,67.33,174,156,451149.15,143,239.2,1
29.19,47.84,79,138,308125.26,120,50.0,1
0.12,21.58,0,3,1070.69,91,123.96,0
31.89,59.94,96,187,700969.45,112,255.6,1
25.28,47.47,185,203,185287.5,123,260.78,1
72.09,92.05,0,0,2261.57,120,245.99,2
42.9,61.43,54,119,501166.41,126,357.66,1
11.96,28.67,0,0,643.54,84,312.92,0
6.65,24.78,1,3,1150.0,65,264.12,0
4.36,26.57,4,4,5878.88,64,281.09,0
23.91,57.43,139,161,879592.08,136,111.93,1
11.29,31.17,0,2,2509.37,77,190.8,0
5.33,21.24,0,2,891.2,78,299.72,0
49.99,41.9,122,156,843047.63,121,343.42,1
10.75,29.1,1,6,1335.09,101,262.23,0
26.99,66.39,205,232,79329.86,110,220.04,1
28.41,60.2,167,77,711663.69,121,181.2,1
12.66,36.88,1,1,1002.03,76,288.41,0
4.63,30.81,1,1,2560.49,101,170.04,0
72.11,60.25,3,0,27798.46,103,114.48,2
2.49,41.13,2,2,3147.75,88,119.22,0
52.06,59.97,105,182,1226620.86,113,156.42,1
1.22,30.18,0,1,401.61,49,148.44,0
25.02,52.4,67,65,790814.87,101,211.62,1
10.95,28.12,1,1,556.78,90,221.61,0
3.89,26.3,0,0,2820.41,77,298.42,0
6.0,35.48,2,1,4419.75,96,312.14,0
8.93,29.52,1,0,1519.0,92,239.69,0
36.31,43.64,58,147,487605.65,133,303.7,1
69.1,52.88,126,132,186351.79,97,155.91,1
77.1,77.45,1,3,86380.81,98,223.34,2
75.74,85.34,1,2,57841.74,153,247.96,2
70.04,76.47,0,1,143408.41,100,224.78,2
8.66,27.44,1,4,238.19,84,260.41,0
7.82,22.24,0,6,709.13,110,125.03,0
7.26,38.86,2,1,3527.98,76,260.72,0
10.93,37.97,1,4,3320.21,69,186.43,0
11.1,29.57,2,1,1126.68,73,94.75,0
8.04,31.63,1,1,3402.11,57,170.89,0
1.82,32.81,0,1,517.47,86,192.46,0
29.47,57.47,115,104,1302069.77,132,151.17,1
9.86,27.49,1,1,860.08,82,203.22,0
15.83,52.52,143,149,580731.27,102,158.07,1
0.91,31.79,2,2,131.39,88,256.04,0
10.48,43.69,1,1,131.86,83,226.15,0
38.79,53.72,106,171,215799.19,122,252.13,1
48.56,57.15,103,189,78154.47,117,154.46,1
48.07,55.97,104,225,70106.04,119,200.38,1
36.43,69.66,228,105,713331.89,70,237.61,1
9.67,31.1,2,0,1728.06,80,125.47,0
84.94,81.25,1,2,390657.5,135,266.34,2
10.79,33.64,0,0,8134.29,75,237.16,0
0.0,23.49,2,0,4755.9,82,276.33,0
84.65,78.69,0,0,8998.22,105,225.28,2
79.09,55.0,0,1,52034.1,97,266.67,2
3.1,28.74,4,3,7879.71,81,369.81,0
41.75,53.12,149,146,691983.29,131,370.74,1
95.1,76.55,2,0,164871.1,96,193.8,2
8.63,37.14,1,2,333.1,63,253.54,0
8.65,36.77,3,4,41.77,98,225.43,0
15.44,18.36,0,0,12452.76,92,260.45,0
45.96,26.71,201,202,434085.48,111,326.79,1
93.86,78.95,0,3,39481.82,114,256.88,2
1.85,27.86,0,4,8052.62,101,210.8,0
11.04,59.27,97,106,21713.29,116,293.37,1
16.15,52.8,145,239,48445.38,130,299.71,1
5.29,32.84,2,3,615.21,86,201.2,0
60.4,67.79,2,1,206582.4,105,375.03,2
30.32,60.52,103,147,292957.87,129,341.79,1
7.54,27.07,1,2,3298.13,94,288.58,0
28.68,49.56,125,151,309492.71,124,255.8,1
49.29,51.49,152,91,445859.95,94,258.78,1
18.2,56.91,63,255,331906.92,122,245.86,1
65.77,49.5,141,124,415864.66,146,269.62,1
29.58,42.01,177,95,488118.87,143,395.87,1
5.37,26.83,1,3,572.12,76,303.71,0
2.58,35.37,2,2,5841.79,44,338.6,0
44.91,54.41,133,225,277643.15,168,125.65,1
5.62,36.22,2,1,4837.19,80,331.05,0
3.47,31.49,3,1,982.13,64,230.1,0
14.57,40.44,142,129,130520.57,101,80.42,1
8.2,22.13,0,0,522.69,67,416.85,0
35.01,44.6,133,111,675737.63,117,361.3,1
28.08,57.76,121,155,86043.99,70,165.54,1
23.23,55.13,151,162,28825.46,141,254.14,1
6.4,29.61,3,4,929.85,87,214.58,0
72.73,84.33,1,0,107086.04,108,91.5,2
1.4,31.38,2,3,500.97,86,108.06,0
8.67,28.21,1,5,8244.37,86,316.31,0
60.92,71.54,0,0,64194.82,103,80.66,2
10.0,72.6,110,164,289703.07,129,275.33,1
80.21,93.9,2,0,99871.5,118,162.62,2
31.6,31.2,88,186,321366.27,109,379.94,1
71.4,83.7,0,0,46940.51,124,313.82,2
11.48,65.56,81,139,17559.68,118,137.41,1
78.06,74.36,1,1,49065.76,100,292.83,2
37.02,70.09,130,149,1276298.21,130,127.57,1
54.05,51.23,72,155,492014.53,121,189.12,1
4.48,32.33,1,1,41.21,72,286.44,0
11.85,25.21,0,4,1222.5,84,255.78,0
71.75,77.08,2,1,3409.26,100,164.4,2
48.93,55.06,84,140,335975.61,114,203.37,1
10.0,70.22,117,197,170008.66,132,139.23,1
7.94,33.51,0,4,761.89,62,203.07,0
29.43,34.58,107,192,1164416.66,105,50.0,1
37.04,39.36,140,45,7000.67,70,314.89,1
6.84,21.87,0,1,11521.02,61,254.04,0
27.17,47.44,153,248,33531.97,117,110.25,1
6.69,25.91,1,3,3026.52,64,215.79,0
36.53,40.3,158,142,127371.19,142,189.41,1
9.28,25.85,2,3,1732.44,78,365.54,0
65.72,72.5,2,0,176323.94,106,183.9,2
2.18,28.36,1,3,2244.7,93,199.08,0
1.63,28.06,2,1,2663.84,95,375.42,0
4.55,30.62,2,3,2593.03,71,408.41,0
4.39,45.05,1,2,52.7,80,113.26,0
73.59,84.36,2,0,35108.8,111,236.1,2
24.72,79.61,111,33,379225.12,111,194.66,1
65.46,50.76,164,172,480733.69,101,160.51,1
79.09,85.84,0,1,61066.88,95,281.69,2
52.06,54.6,167,145,235404.68,120,182.82,1
7.82,26.29,0,2,1270.67,81,284.59,0
56.89,55.86,140,162,17316.92,146,123.12,1
64.12,42.76,137,157,775522.16,124,267.6,1
8.15,26.54,0,3,720.68,75,316.75,0
13.78,23.26,3,2,1165.12,80,297.51,0
5.97,37.07,0,4,1503.41,111,279.84,0
11.8,38.87,0,0,3995.84,97,97.65,0
34.31,55.72,162,84,727440.55,146,244.03,1
94.44,68.88,0,0,102625.52,79,238.14,2
4.06,35.57,1,4,4243.07,88,221.37,0
33.11,69.56,91,130,385553.49,134,340.88,1
88.1,55.0,2,1,32392.81,103,159.09,2
49.11,65.77,112,167,368966.99,122,151.62,1
2.12,25.46,2,0,4151.15,106,273.59,0
48.4,69.59,97,37,998767.52,90,172.65,1
45.56,57.44,118,230,339065.34,120,107.59,1
4.03,46.78,0,4,677.62,89,388.77,0
33.19,62.38,106,224,949998.34,110,263.21,1
10.0,66.46,30,147,441926.34,89,130.11,1
42.98,43.4,158,128,421122.53,100,359.78,1
22.08,60.44,50,125,154281.51,110,224.72,1
31.08,54.92,132,130,79914.53,107,303.03,1
10.47,40.67,187,137,43187.91,103,217.63,1
97.23,75.6,1,1,59648.75,73,407.0,2
25.7,32.19,34,185,839598.46,128,343.72,1
2.76,34.73,1,5,390.66,81,176.88,0
77.96,72.6,2,0,21831.12,86,245.12,2
62.09,64.82,1,0,22351.42,111,188.38,2
40.83,61.56,162,159,378767.04,125,227.64,1
27.81,48.25,130,162,299298.46,101,235.04,1
53.64,59.18,144,123,318359.72,122,286.08,1
10.44,17.22,0,3,111.43,99,325.45,0
9.71,36.02,2,2,99.33,84,315.3,0
55.22,66.31,123,136,552846.24,96,167.88,1
32.5,59.84,73,80,272893.81,105,221.53,1
0.0,28.89,0,3,540.23,101,201.55,0
64.48,49.03,133,177,91903.19,122,223.29,1
3.82,37.07,3,0,2780.32,78,157.46,0
4.74,36.5,0,4,1537.41,94,243.74,0
19.46,58.96,78,232,976925.05,130,158.98,1
48.99,30.72,84,153,43050.98,145,284.52,1
6.12,26.47,2,2,835.33,61,240.43,0
57.41,55.15,85,158,239119.91,107,315.61,1
10.0,69.19,83,127,1283530.92,125,248.5,1
6.02,19.31,1,2,613.49,91,204.52,0
58.74,57.69,188,167,20635.19,108,207.99,1
22.01,83.93,143,175,550619.1,108,282.53,1
86.81,76.37,0,2,32773.87,104,240.29,2
87.92,84.1,1,2,2560.12,117,338.4,2
5.03,32.72,3,2,1801.62,74,143.38,0
83.02,82.74,1,1,101837.36,86,294.81,2
26.7,51.74,125,75,98309.23,124,312.03,1
18.11,56.97,112,46,181029.65,104,334.99,1
49.77,57.98,150,144,379470.38,109,228.92,1
14.79,51.25,98,112,1135667.33,98,182.33,1
3.4,42.74,1,3,4280.59,73,297.29,0
43.08,70.28,68,155,1446664.71,110,202.69,1
25.64,80.75,144,103,299523.92,134,210.97,1
80.51,79.6,1,2,17207.22,114,289.47,2
40.94,33.63,102,107,371402.51,124,242.97,1
10.0,37.97,155,99,25780.96,88,299.69,1
3.25,28.72,1,2,603.61,99,354.23,0
32.41,66.04,72,118,805112.75,101,249.38,1
27.28,57.72,190,138,209681.63,132,388.92,1
36.78,66.82,89,193,840453.47,123,353.28,1
2.59,16.85,1,2,310.36,90,238.3,0
54.47,53.91,144,166,521883.6,104,149.87,1
42.27,59.02,177,192,750600.95,142,204.01,1
0.0,26.9,1,1,6908.25,74,222.16,0
34.47,53.72,50,148,68134.65,107,142.8,1
1.24,27.57,3,0,2204.93,62,195.48,0
0.76,39.8,1,4,14519.75,63,241.07,0
41.66,58.65,65,136,331054.88,98,217.64,1
33.63,59.47,73,142,452612.32,116,243.77,1
9.98,36.27,1,2,6483.06,85,348.49,0
10.68,29.7,0,2,1229.16,81,168.0,0
42.84,54.36,77,168,480392.69,105,296.3,1
10.0,64.63,127,66,198513.13,128,243.89,1
32.76,41.1,99,163,1567834.14,117,292.23,1
75.8,67.03,0,4,41790.59,115,215.56,2
83.55,77.72,2,1,158308.94,85,301.14,2
0.0,26.91,1,4,2226.23,82,368.7,0
25.99,55.97,139,116,584820.12,95,247.99,1
38.15,41.26,189,128,327957.41,113,255.45,1
8.87,33.31,2,0,3948.81,117,221.13,0
15.54,43.15,0,0,2140.16,84,145.47,0
6.27,30.49,0,1,10.89,66,303.24,0
45.97,36.69,131,73,186390.24,137,150.61,1
87.71,98.0,1,1,2055.42,71,219.38,2
4.27,42.74,0,6,3459.55,53,271.02,0
5.97,30.65,0,1,214.48,83,221.54,0
8.67,36.47,3,1,1438.42,65,357.55,0
2.33,19.06,0,0,2411.96,78,310.05,0
10.68,36.13,0,2,1692.16,83,236.75,0
6.73,35.72,1,3,8137.42,73,179.62,0
17.66,32.44,0,2,3440.25,65,157.52,0
5.78,19.92,0,2,107.78,82,148.44,0
6.17,32.59,2,0,1064.42,86,327.93,0
5.17,28.49,0,3,5637.55,69,230.36,0
48.28,72.88,98,134,93617.29,118,115.06,1
3.62,24.86,2,6,224.13,62,391.45,0
35.9,42.22,145,161,479040.03,127,239.55,1
45.15,39.84,201,121,108945.19,163,128.03,1
40.01,44.92,190,260,11434.09,144,301.47,1
10.6,22.25,1,2,2848.63,80,155.65,0
38.59,50.83,116,190,54233.08,80,220.04,1
53.53,62.93,1,0,45184.54,112,326.17,2
66.04,47.83,126,128,1061177.83,134,380.86,1
57.63,53.58,143,104,618136.65,117,385.11,1
32.09,64.68,129,170,16090.51,128,425.24,1
0.0,27.97,1,2,23.07,75,411.99,0
38.4,63.17,30,128,1236012.25,131,156.24,1
37.48,64.78,142,20,23848.94,116,140.72,1
59.14,63.65,82,155,356274.6,110,215.5,1
19.72,56.62,92,177,161844.51,123,246.72,1
73.2,67.36,0,1,659.46,123,268.77,2
75.2,70.52,1,0,97795.21,92,164.12,2
38.7,58.44,84,116,270668.92,133,158.24,1
0.0,34.62,1,0,312.78,93,375.33,0
87.27,67.35,1,1,115917.03,98,381.72,2
7.4,28.02,1,3,252.18,72,160.24,0
8.81,28.97,1,3,1117.68,105,229.16,0
71.04,77.57,0,0,188998.55,91,227.32,2
20.55,60.56,127,101,139352.81,83,136.6,1
7.26,23.04,1,1,379.38,70,221.42,0
9.56,41.06,0,0,5967.68,63,290.26,0
10.85,25.03,1,1,657.67,71,287.14,0
51.33,44.79,125,191,596293.12,89,114.25,1
41.94,52.55,115,89,1416149.75,129,233.14,1
36.81,72.11,179,128,1253970.24,117,338.13,1
9.3,22.86,0,1,72.63,70,204.22,0
0.35,42.78,3,2,3488.5,85,238.06,0
12.68,25.34,0,2,795.92,77,264.42,0
14.38,22.95,0,1,2736.16,100,374.64,0
10.92,39.09,1,1,3920.91,93,50.0,0
0.0,41.88,1,2,6239.51,100,423.45,0
90.63,55.1,0,0,54718.32,89,309.64,2
13.18,25.49,1,2,1326.57,86,206.47,0
12.73,44.08,104,130,185086.89,126,289.31,1
1.59,23.36,1,2,7294.33,69,175.67,0
5.88,20.65,1,1,2537.4,98,209.81,0
5.91,35.57,0,4,211.23,80,268.3,0
44.4,64.83,104,195,395530.36,121,296.77,1
68.7,73.2,2,0,111943.38,103,226.71,2
47.94,74.18,141,136,648858.03,123,175.05,1
0.0,49.42,2,2,824.52,77,289.37,0
2.48,14.88,0,1,828.98,87,259.34,0
0.0,28.91,1,2,896.05,68,291.41,0
69.22,56.29,128,155,707747.19,149,267.31,1
10.18,41.29,1,0,1672.28,64,198.52,0
80.32,79.56,2,0,147125.28,73,348.69,2
6.59,23.08,1,1,362.59,80,335.53,0
3.34,29.75,1,5,3871.76,76,292.71,0
72.78,73.71,0,3,137328.85,120,217.69,2
6.81,28.9,0,2,3668.96,91,220.5,0
9.85,29.33,0,2,1313.44,58,256.24,0
10.0,74.01,132,188,268818.34,135,322.98,1
37.74,48.46,149,236,58671.09,106,243.38,1
42.08,48.7,158,172,83411.36,134,146.29,1
51.81,61.01,113,96,1256833.05,129,143.1,1
10.0,62.77,97,181,33924.36,111,191.76,1
15.15,70.56,94,235,31154.42,110,231.12,1
55.04,55.4,158,78,2070159.57,91,354.77,1
37.29,57.78,130,109,709436.91,144,183.83,1
30.91,41.69,184,104,36946.37,99,278.81,1
0.89,21.43,2,2,4072.33,82,347.96,0
5.48,31.08,0,2,3419.34,64,159.02,0
10.97,21.82,1,1,2197.15,92,181.48,0
80.59,72.84,2,0,45332.09,94,191.52,2
7.97,10.0,1,3,222.1,71,313.55,0
2.28,34.52,0,2,1082.26,86,351.74,0
10.81,30.83,2,3,320.55,88,230.22,0
79.23,97.94,0,0,216062.78,97,121.43,2
9.45,27.41,2,2,3972.24,95,258.66,0
29.7,86.12,121,200,160266.77,136,290.22,1
23.62,64.67,49,149,79107.43,104,235.95,1
67.27,53.47,59,103,84008.69,86,216.4,1
43.51,31.26,130,232,554575.33,104,190.06,1
82.81,90.25,0,2,88298.99,100,268.81,2
9.27,42.91,3,1,1539.3,76,281.43,0
70.5,55.0,1,3,56336.09,101,178.68,2
73.46,89.9,1,2,15661.88,88,323.72,2
5.32,25.66,2,0,893.86,63,231.21,0
1.6,31.95,0,2,334.73,101,259.61,0
3.76,22.66,1,3,1376.1,64,200.46,0
9.73,20.9,0,0,3072.43,75,278.79,0
10.0,63.37,121,124,299663.85,104,271.45,1
94.61,80.45,0,1,162487.14,117,303.09,2
8.68,16.79,3,0,56.94,73,115.43,0
75.37,57.25,0,0,221315.03,115,227.51,2
10.76,34.22,1,1,1434.94,89,308.2,0
11.76,21.32,2,2,3343.81,93,198.63,0
75.23,57.11,2,1,214902.14,104,260.59,2
95.21,80.32,1,1,88242.23,99,327.74,2
43.58,53.68,97,73,509310.53,131,218.32,1
47.52,68.93,170,128,175923.88,132,159.91,1
2.54,20.63,0,2,998.01,78,277.16,0
1.61,30.29,1,1,1227.22,78,228.79,0
7.61,35.7,1,0,3035.98,104,287.34,0
10.0,64.53,73,148,1861160.24,90,352.35,1
3.37,38.94,0,2,1217.78,110,447.76,0
30.56,60.14,148,130,448880.9,86,295.99,1
23.54,67.24,136,125,113897.62,112,282.97,1
12.3,28.1,1,3,5947.41,100,309.51,0
66.42,60.05,1,1,25955.18,103,264.84,2
25.46,80.69,131,137,317450.03,88,365.41,1
0.0,33.01,1,0,2822.99,84,158.72,0
52.86,70.13,57,99,490680.68,109,255.04,1
36.89,60.88,66,142,137510.73,134,274.75,1
1.81,18.72,1,4,1041.42,123,309.46,0
75.76,79.86,0,1,44665.93,124,157.24,2
4.27,27.93,3,1,1178.59,94,137.21,0
5.34,27.89,0,0,1867.23,62,363.31,0
49.8,73.09,188,198,897744.87,129,304.78,1
1.26,35.48,0,1,1474.53,97,263.31,0
9.74,34.39,1,1,1977.53,91,304.61,0
50.0,80.14,1,2,40903.41,82,234.38,2
2.12,21.55,1,3,120.16,96,376.29,0
100.0,82.22,2,1,14278.29,103,214.55,2
42.73,47.44,149,95,435422.95,88,259.25,1
31.82,72.48,156,156,174168.54,100,344.09,1
10.89,31.17,0,3,1919.78,47,419.22,0
47.71,53.47,104,165,284893.12,125,188.23,1
50.28,52.83,144,161,264926.04,114,254.23,1
87.82,55.0,0,2,23800.61,87,303.16,2
66.96,71.67,2,0,106276.93,131,210.41,2
31.56,50.53,152,156,14043.19,119,233.99,1
12.93,10.98,2,3,5898.28,94,293.99,0
25.29,71.92,30,125,147702.67,115,232.96,1
81.75,85.88,1,0,100161.69,97,300.56,2
78.68,81.47,3,1,3529.4,101,351.81,2
11.58,37.4,1,5,4621.65,61,101.64,0
2.47,28.67,0,4,1131.91,88,226.99,0
4.78,22.53,1,0,4014.32,102,374.84,0
0.0,11.31,0,1,360.64,61,308.44,0
26.08,71.62,149,135,557848.6,115,350.7,1
5.81,27.94,3,3,1510.91,66,248.39,0
80.29,58.96,2,1,231407.54,90,293.65,2
11.15,27.41,0,3,6993.73,61,233.7,0
62.78,80.97,1,3,26.1,89,286.28,2
9.0,27.05,0,4,2071.03,93,201.33,0
4.15,25.8,2,3,3950.64,83,377.12,0
1.79,30.0,0,6,2497.26,83,254.63,0
8.65,29.71,1,3,4156.29,71,242.92,0
44.75,26.04,160,188,377445.09,145,168.74,1
2.77,31.45,3,0,1737.91,78,119.19,0
10.45,38.79,0,1,242.31,77,192.18,0
8.29,17.48,1,3,7570.93,85,275.26,0
10.0,45.39,46,110,196054.74,109,277.58,1
21.49,59.99,169,178,435528.22,106,236.61,1
100.0,78.05,1,2,119353.65,106,207.42,2
2.75,34.49,1,3,5712.14,81,310.1,0
10.0,48.44,69,88,284759.84,140,268.06,1
10.0,57.13,203,63,103825.66,132,325.29,1
2.93,26.15,1,0,927.83,83,181.89,0
28.84,46.47,72,129,725607.84,162,171.08,1
87.42,69.34,1,1,13763.03,92,273.14,2
55.08,69.75,163,126,141059.41,127,231.68,1
0.99,24.46,1,1,1209.32,90,198.46,0
46.03,55.96,83,121,214871.24,148,266.34,1
10.0,42.99,102,151,24228.1,127,380.61,1
0.0,18.78,3,4,1412.52,103,367.05,0
16.69,31.7,0,2,860.17,95,170.14,0
99.88,78.11,1,1,284460.48,100,305.83,2
5.32,28.29,2,1,915.28,100,311.1,0
30.89,50.58,166,153,63830.99,82,213.09,1
70.6,74.68,0,1,23929.05,91,398.82,2
100.0,70.79,1,1,11107.28,112,289.09,2
84.19,62.72,2,3,45058.53,71,200.3,2
24.16,53.88,184,187,103584.47,110,282.59,1
5.29,32.26,1,1,1495.07,63,248.81,0
94.81,55.02,1,2,18503.98,107,268.02,2
43.86,60.89,201,181,238780.53,119,211.46,1
41.17,78.32,103,171,319716.87,127,270.82,1
2.05,15.31,0,2,1732.3,87,225.41,0
43.51,37.65,213,229,670625.13,129,280.3,1
77.2,78.7,0,0,84057.69,81,205.02,2
26.44,79.01,112,138,97028.02,90,222.72,1
10.76,26.97,3,1,1764.66,93,285.85,0
0.38,22.27,2,4,734.26,86,313.65,0
13.27,28.28,3,1,1363.39,93,352.75,0
5.59,33.31,2,2,2042.52,60,327.69,0
15.84,41.8,133,195,237946.53,107,275.68,1
2.57,11.77,2,1,2471.36,75,401.84,0
75.89,62.11,0,2,124472.78,97,283.39,2
58.56,61.78,105,187,236381.45,127,220.46,1
37.24,45.03,116,177,483198.68,102,190.7,1
40.64,48.62,172,162,363987.33,148,158.04,1
29.28,44.23,142,161,206799.67,86,244.72,1
60.01,97.02,0,2,166709.36,128,299.42,2
76.91,71.62,3,2,24986.9,107,289.65,2
34.28,41.9,135,148,1312712.96,129,207.08,1
30.53,56.23,71,178,91704.96,117,156.38,1
3.11,19.83,0,2,3758.49,46,266.61,0
42.91,56.95,108,177,598607.27,113,267.97,1
31.78,66.16,124,177,392710.72,141,193.03,1
95.39,61.58,2,1,88774.22,108,280.34,2
54.43,88.87,0,1,74636.05,79,169.8,2
5.79,41.4,4,3,3209.76,60,183.82,0
27.58,60.36,181,210,1124009.63,125,357.1,1
68.98,68.95,1,1,7176.32,112,401.45,2
16.2,35.37,139,136,134775.88,105,315.73,1
14.94,29.32,0,5,1529.04,93,227.72,0
11.91,18.62,0,1,2419.32,65,311.35,0
7.18,28.95,3,5,7.68,80,130.03,0
19.74,43.92,39,116,515333.03,126,296.87,1
32.08,43.91,126,191,832495.22,139,282.54,1
27.37,47.79,126,120,419184.14,101,200.51,1
16.27,60.03,167,186,73644.71,99,242.76,1
4.47,27.04,1,1,268.68,72,58.7,0
6.25,20.41,1,2,2814.71,80,50.0,0
94.59,65.02,3,1,12880.36,120,176.48,2
54.9,36.59,81,159,402697.98,163,272.4,1
60.65,65.6,66,134,613826.84,118,258.99,1
35.36,44.37,89,139,61573.05,141,131.48,1
24.14,66.85,78,242,38922.21,116,195.52,1
2.03,23.54,2,3,6743.56,68,322.39,0
66.5,81.4,2,0,46863.12,96,219.87,2
24.16,76.92,216,152,5008.22,90,281.6,1
3.86,36.4,0,0,1018.98,87,284.26,0
6.1,26.84,0,1,1807.61,77,322.78,0
10.0,31.92,0,0,2730.93,94,219.43,0
57.72,82.29,0,1,175144.32,76,276.11,2
10.09,45.85,110,158,21309.98,126,239.33,1
56.83,43.36,147,121,50129.47,140,367.73,1
71.76,72.12,2,1,263984.25,95,219.46,2
27.03,54.94,164,231,294210.15,148,152.68,1
74.2,80.6,1,0,243134.96,120,237.16,2
68.77,86.99,0,0,79819.3,111,251.04,2
31.99,54.16,104,141,1640863.73,98,107.04,1
31.85,60.04,101,116,145767.94,127,148.36,1
26.12,53.2,68,189,68084.22,107,323.6,1
9.92,22.34,2,2,1666.34,99,357.97,0
38.43,60.34,117,118,119599.58,121,380.49,1
0.0,23.74,2,3,2302.35,75,213.86,0
95.11,72.1,0,0,14765.58,100,183.47,2
19.39,40.54,87,173,436200.96,123,262.24,1
42.9,53.22,220,196,221156.09,124,161.31,1
3.42,27.64,3,1,549.75,80,104.72,0
4.68,28.24,0,2,6162.27,83,306.69,0
33.28,54.29,90,94,1942509.72,118,270.29,1
35.41,50.82,143,155,1239337.95,146,197.73,1
40.72,29.74,82,126,5000.0,135,370.04,1
36.67,51.95,39,117,57371.83,151,352.38,1
30.27,39.24,127,86,631971.75,143,270.02,1
59.64,83.14,0,1,13253.77,119,280.15,2
54.11,35.79,122,42,271777.52,108,246.22,1
2.22,24.91,1,0,1954.38,56,249.33,0
4.92,27.33,2,5,1108.87,95,327.31,0
8.8,23.47,0,1,3338.22,84,344.44,0
49.83,39.09,136,170,317760.01,93,306.5,1
9.81,32.12,3,1,994.27,64,217.34,0
83.2,66.17,3,4,161821.29,88,246.43,2
27.05,48.83,68,163,194142.83,163,275.57,1
28.47,61.52,95,123,329941.53,104,150.33,1
81.51,77.5,0,0,117239.33,94,168.57,2
10.64,42.94,125,109,179895.81,101,206.56,1
3.22,24.94,0,1,2984.57,94,387.82,0
2.98,43.89,1,3,1515.15,94,280.32,0
35.96,64.69,80,115,995740.72,109,372.69,1
100.0,74.55,1,0,47624.67,96,188.88,2
34.49,56.46,125,159,37990.4,152,246.92,1
28.21,33.55,87,20,380653.15,138,227.27,1
1.84,24.41,2,2,1712.81,84,254.41,0
4.39,32.52,1,1,874.07,63,331.49,0
13.4,59.58,90,141,494306.03,173,426.5,1
46.05,49.41,211,146,302372.57,116,311.44,1
4.68,21.5,1,0,1623.76,58,311.35,0
85.53,76.74,2,1,138035.77,100,230.45,2
11.15,23.3,1,1,1367.53,59,155.52,0
55.45,78.21,1,1,159207.31,84,100.31,2
8.53,33.52,2,1,333.75,90,216.07,0
7.92,23.86,0,6,2690.41,86,301.9,0
86.21,71.75,1,0,378291.65,87,235.14,2
94.51,69.91,3,0,98420.36,92,260.3,2
10.54,22.5,1,1,3560.31,71,332.65,0
30.37,47.48,160,199,160809.28,70,221.62,1
5.77,24.83,2,0,831.88,77,250.65,0
22.36,68.55,49,111,89408.52,114,362.7,1
22.09,55.57,51,174,825386.03,129,282.8,1
9.95,16.83,1,4,1198.28,66,300.79,0
0.0,30.34,2,4,3117.46,74,177.69,0
10.0,46.45,107,118,380553.22,112,139.48,1
0.0,24.19,0,0,3797.72,68,140.04,0
76.6,63.67,1,2,48234.23,103,303.67,2
30.75,49.14,107,100,534477.02,143,274.34,1
23.83,44.95,164,101,1446316.81,95,285.77,1
31.63,40.89,89,20,277229.59,114,207.58,1
7.94,36.07,1,2,673.87,107,254.14,0
72.37,79.41,1,0,205608.37,83,219.61,2
9.16,42.89,0,2,371.34,70,211.63,0
10.0,47.64,156,141,945710.0,90,76.51,1
27.66,25.12,140,20,220179.92,103,291.45,1
5.61,24.71,0,1,1383.41,96,274.33,0
21.6,63.17,170,86,267622.78,128,331.19,1
3.4,37.23,2,1,872.62,80,323.07,0
8.34,35.38,1,1,1165.91,64,123.61,0
29.72,65.72,100,69,512859.53,141,239.29,1
5.75,15.71,1,1,510.88,61,199.6,0
99.63,72.69,0,2,216848.72,98,208.0,2
4.94,40.99,1,1,3775.82,82,294.43,0
37.7,45.79,135,182,434339.13,126,196.01,1
35.35,71.87,118,173,359266.74,77,124.13,1
9.0,29.08,1,1,588.92,42,399.58,0
7.95,29.84,1,1,3038.07,91,275.56,0
33.91,61.86,125,211,291081.76,85,212.61,1
9.88,38.4,2,1,1386.0,72,248.08,0
8.11,39.87,0,2,78.38,84,256.73,0
1.6,24.44,1,1,790.97,65,212.23,0
77.38,86.37,2,0,501443.71,110,254.62,2
31.98,61.37,68,155,200407.5,124,353.95,1
49.91,55.7,68,175,411169.24,125,242.57,1
46.65,25.0,127,75,131819.53,99,154.84,1
7.91,28.68,1,3,1149.05,77,150.78,0
40.65,57.97,145,174,1297187.31,119,294.53,1
8.73,38.79,0,2,2764.66,79,277.83,0
89.13,70.59,3,0,20008.86,136,370.63,2
76.0,76.48,2,1,18986.77,126,381.65,2
8.82,31.42,1,1,369.65,68,80.01,0
12.52,16.09,1,1,261.31,90,226.58,0
23.33,72.26,97,118,191162.91,87,127.93,1
22.77,60.37,165,126,474453.06,107,77.98,1
1.16,23.2,2,1,569.71,66,262.82,0
14.52,31.78,2,1,783.05,107,307.29,0
28.6,61.11,135,131,33985.68,135,364.77,1
27.53,49.52,213,157,57237.29,127,285.25,1
100.0,89.98,0,0,979.61,106,223.39,2
7.5,18.43,1,1,2590.72,95,237.5,0
50.26,58.42,127,169,609255.64,113,371.71,1
25.11,57.23,58,192,271679.46,102,299.68,1
54.87,69.25,76,210,259678.06,128,308.73,1
36.76,62.85,62,39,537417.97,106,278.37,1
43.28,41.09,130,73,320342.86,97,233.27,1
30.6,77.7,208,156,492590.37,117,246.91,1
3.34,29.57,1,2,683.84,86,278.56,0
7.16,27.21,0,2,1794.07,66,404.39,0
5.81,30.77,0,1,1264.09,83,154.93,0
75.79,73.43,1,2,9015.87,114,467.95,2
41.33,58.36,182,50,542557.61,144,251.31,1
6.94,36.75,1,2,1248.54,89,283.57,0
96.22,70.17,0,0,5691.25,113,265.47,2
37.62,47.7,128,120,489174.38,87,236.69,1
80.77,75.83,1,0,97130.12,100,145.77,2
23.02,72.54,73,198,443256.87,128,287.19,1
27.86,57.23,202,188,382679.51,105,213.04,1
6.09,15.23,0,2,426.15,57,399.13,0
10.1,36.63,0,1,2172.29,64,334.25,0
74.11,91.35,2,3,214083.73,71,353.44,2
46.84,54.14,130,145,1189437.71,135,127.47,1
71.09,61.7,1,0,110158.45,107,218.98,2
5.32,27.17,0,1,1006.63,110,98.63,0
45.62,79.78,122,235,876630.1,159,309.23,1
48.6,26.3,97,138,736387.73,121,200.71,1
0.0,43.71,0,1,64.98,76,252.11,0
4.91,26.88,2,1,1342.41,85,298.32,0
5.16,42.7,0,1,217.32,68,362.64,0
1.7,21.02,1,1,2452.43,83,281.35,0
82.98,82.95,0,2,55846.06,115,229.59,2
7.94,32.59,0,0,2788.85,72,206.5,0
4.86,24.12,1,3,840.89,99,425.45,0
8.38,15.68,1,4,2441.24,69,293.63,0
21.18,46.66,103,176,19213.7,140,160.86,1
10.53,36.43,2,2,116.59,89,191.83,0
17.92,56.98,48,246,449093.29,109,233.59,1
86.81,72.71,0,2,117662.66,126,50.0,2
44.46,50.42,64,151,915131.92,103,69.01,1
100.0,69.06,1,0,172635.09,122,261.42,2
85.53,69.8,0,1,5704.0,120,252.29,2
29.57,48.48,72,142,744785.87,95,376.88,1
80.54,73.49,1,0,48564.17,98,211.28,2
17.92,40.67,134,225,121858.88,114,250.38,1
0.09,39.81,2,3,3186.28,79,307.98,0
8.21,40.01,1,1,3967.48,70,312.38,0
35.95,61.91,139,190,560089.58,139,199.16,1
35.86,76.8,122,186,408709.11,97,198.47,1
22.57,62.74,113,213,984122.9,139,194.67,1
10.26,42.29,4,2,332.56,78,271.39,0
57.32,64.01,134,29,239906.68,108,318.49,1
7.61,33.02,3,0,454.09,62,245.93,0
72.27,65.15,0,3,59639.03,101,182.09,2
77.41,78.81,3,2,272398.18,112,221.24,2
59.27,71.02,3,2,137496.86,109,233.12,2
4.14,31.99,0,1,12046.9,92,262.93,0
42.67,76.99,80,165,488911.53,70,234.6,1
87.43,96.22,0,1,128175.53,81,229.41,2
43.09,57.91,93,141,162409.34,175,245.81,1
10.64,20.42,2,1,983.63,73,257.8,0
0.61,30.93,0,0,1854.66,82,229.05,0
54.0,56.62,207,96,473484.32,171,195.99,1
6.55,31.41,2,1,382.4,80,352.37,0
24.66,58.24,144,110,637137.19,157,394.95,1
75.78,87.93,2,1,54143.47,87,275.96,2
10.0,43.69,139,194,227496.48,87,156.73,1
5.3,37.48,1,1,299.2,95,302.73,0
13.69,55.0,1,1,2248.44,89,227.71,0
10.01,41.04,0,1,881.8,100,304.56,0
24.52,51.45,79,177,308851.5,143,367.78,1
63.85,77.95,2,2,25019.8,71,128.87,2
10.34,44.08,2,5,1551.4,68,382.23,0
63.02,97.2,1,1,389135.63,96,428.22,2
11.24,10.0,0,2,2094.02,79,385.83,0
52.35,53.32,101,118,623941.5,93,268.31,1
41.11,45.35,137,139,214465.08,132,123.37,1
11.61,40.81,1,2,242.76,99,262.37,0
73.67,65.82,0,1,18621.53,92,225.01,2
10.0,65.64,126,173,51168.52,129,340.15,1
57.72,58.35,93,182,90620.62,119,349.48,1
4.59,22.28,0,3,817.49,85,115.57,0
3.5,32.41,0,2,860.25,76,327.15,0
3.86,24.81,1,4,663.57,91,50.0,0
10.33,34.53,1,2,2995.27,89,188.61,0
47.95,69.72,109,155,274925.22,145,269.95,1
66.22,55.0,1,1,93533.75,104,127.18,2
3.67,34.48,1,5,1015.55,103,218.45,0
84.57,83.8,0,1,259616.91,88,407.76,2
74.02,78.56,2,3,100994.03,108,317.17,2
1.89,28.44,0,4,6069.42,79,235.83,0
3.15,18.15,4,1,2067.07,73,166.52,0
27.46,73.11,173,201,231183.74,90,216.05,1
7.78,24.3,1,2,812.36,70,244.54,0
3.66,41.0,0,1,1215.78,84,207.7,0
1.53,41.57,0,4,118.22,84,245.19,0
28.85,58.7,88,166,964495.56,136,325.9,1
85.71,77.42,0,0,73691.97,114,237.64,2
38.12,45.98,114,145,220222.14,110,257.58,1
40.16,67.14,146,102,255245.12,149,288.65,1
10.0,45.56,82,176,761203.86,110,305.01,1
7.38,37.64,0,3,625.48,84,297.12,0
83.15,55.0,0,1,46758.64,99,355.87,2
74.49,85.11,1,2,554.03,111,198.25,2
8.39,38.34,2,2,637.39,72,190.87,0
9.84,47.3,1,3,3706.58,111,318.94,0
36.67,52.11,100,165,217128.45,116,244.63,1
10.15,63.96,73,139,921955.84,139,290.61,1
62.2,69.71,0,1,8029.81,91,293.23,2
76.39,95.13,1,0,154614.07,84,371.89,2
10.05,46.32,4,3,1971.55,63,261.79,0
1.57,40.22,1,4,1089.98,76,161.91,0
29.32,25.0,158,20,707794.91,126,250.28,1
6.69,29.85,0,2,950.54,84,294.91,0
77.88,66.48,2,1,131934.34,93,459.33,2
10.04,34.35,0,2,458.05,85,267.08,0
3.33,31.56,1,1,488.77,86,379.48,0
39.78,55.04,109,106,484891.53,75,348.33,1
0.0,28.46,1,2,1657.14,88,164.14,0
72.72,79.15,0,0,110662.49,114,234.23,2
29.22,40.3,137,151,818316.79,97,311.1,1
82.51,80.69,0,1,257137.49,97,109.25,2
7.75,23.81,2,1,1592.45,115,154.49,0
40.12,73.83,105,173,564335.87,130,271.37,1
44.41,40.56,151,106,217425.75,143,282.73,1
7.82,29.15,4,2,4284.07,86,247.14,0
6.89,37.91,1,5,1369.37,72,246.65,0
49.94,52.72,35,136,506003.37,83,180.38,1
1.91,31.24,2,2,3749.59,80,367.16,0
67.39,57.89,1,0,45649.78,127,234.83,2
19.52,42.12,152,152,653953.33,115,372.08,1
83.24,69.6,0,1,346392.05,98,283.73,2
0.53,19.42,1,1,1670.68,92,325.8,0
2.07,34.89,0,1,3123.2,50,235.73,0
6.81,39.36,0,3,773.27,58,221.28,0
50.0,34.6,190,168,1125285.13,109,130.26,1
31.25,32.27,139,129,193223.79,118,166.61,1
3.95,34.7,5,1,538.56,47,142.83,0
83.0,89.71,1,2,370230.08,99,197.41,2
64.22,56.04,3,0,27109.15,97,351.95,2
95.7,80.53,0,0,225063.29,117,219.28,2
31.18,56.04,121,175,115337.75,106,289.02,1
81.41,64.66,1,1,94302.77,100,218.0,2
10.0,58.36,166,145,1092685.66,120,172.42,1
15.5,26.82,1,1,2883.42,67,166.6,0
2.86,32.85,0,0,1378.3,92,243.19,0
6.34,30.16,1,0,1743.12,79,139.45,0
30.66,52.67,106,150,277863.91,124,291.39,1
94.48,72.26,1,1,44863.33,104,358.42,2
5.74,41.34,1,3,6534.94,49,86.03,0
7.67,28.68,2,1,1635.09,72,291.25,0
35.16,63.94,121,173,449012.52,138,195.17,1
68.24,77.01,1,1,10571.67,100,358.24,2
68.18,74.49,1,0,25522.27,129,186.33,2
31.9,45.02,108,211,804369.89,117,94.98,1
52.18,64.12,122,151,647910.47,100,305.79,1
7.59,25.67,0,2,406.01,104,303.03,0
59.57,58.76,0,0,81613.47,79,297.99,2
5.75,34.32,1,1,197.95,79,253.44,0
30.65,37.63,171,202,625478.94,139,194.43,1
8.66,16.6,0,1,389.44,79,324.84,0
0.0,24.06,1,3,1431.95,100,301.69,0
13.54,43.16,0,1,623.35,67,125.9,0
28.87,52.9,199,20,378770.65,133,384.42,1
4.7,35.85,0,1,859.87,77,214.2,0
0.0,29.62,1,1,2183.7,100,211.96,0
43.61,68.56,87,39,861500.02,135,143.77,1
81.92,80.16,0,0,48591.34,109,178.38,2
28.86,37.29,42,182,394380.3,144,242.05,1
33.98,39.23,131,218,591890.88,102,243.91,1
3.03,39.96,0,3,2459.91,89,389.05,0
91.33,85.3,0,1,46495.16,114,206.86,2
3.2,49.55,2,1,1326.15,90,324.3,0
31.9,64.9,63,215,950885.31,150,262.74,1
96.17,90.99,0,3,85091.05,93,295.32,2
9.34,32.2,1,2,338.06,85,293.17,0
58.88,47.39,69,133,205004.31,114,234.69,1
35.49,55.7,170,138,57438.92,109,197.14,1
5.65,10.91,0,2,345.19,95,190.75,0
4.15,26.7,1,3,462.31,89,135.76,0
81.17,70.26,1,0,83383.46,105,193.02,2
63.85,63.83,2,1,104968.87,97,305.88,2
80.24,78.93,1,0,28168.62,61,254.82,2
36.47,56.23,148,165,839466.32,121,226.36,1
76.46,88.23,0,3,588277.57,102,287.46,2
7.03,27.4,0,2,348.61,78,255.95,0
14.81,44.8,71,101,420375.55,140,464.71,1
7.8,27.57,1,2,1942.09,72,223.69,0
0.0,24.33,2,2,6428.75,77,132.49,0
30.64,44.74,89,167,54148.16,123,288.89,1
31.81,49.26,32,106,307866.87,103,306.76,1
8.2,32.7,2,2,3449.95,79,152.17,0
100.0,84.28,2,3,115228.07,103,316.78,2
9.12,36.64,1,1,4750.83,81,222.54,0
78.67,73.22,0,1,117580.16,104,298.32,2
6.93,23.99,1,4,621.55,89,119.67,0
53.75,52.41,119,170,2008547.51,80,241.1,1
3.1,28.71,0,5,2720.78,72,255.1,0
43.48,33.74,137,188,406015.11,97,232.61,1
84.39,69.84,2,0,367039.67,99,310.71,2
11.71,35.21,0,2,2348.49,103,236.18,0
9.46,22.37,5,1,99.21,93,396.85,0
16.18,81.36,152,177,1808375.91,84,230.48,1
10.0,49.37,101,116,559108.63,122,318.84,1
12.02,67.95,174,187,766846.57,127,330.0,1
3.52,32.6,1,1,35.27,68,259.6,0
73.12,68.26,1,3,80120.45,103,217.86,2
32.88,58.82,140,243,1694352.66,131,296.5,1
0.82,29.57,3,0,1247.97,70,218.16,0
1.09,30.57,1,4,223.7,74,313.95,0
11.7,40.25,0,3,12.14,84,247.71,0
5.92,29.1,0,1,5478.99,81,195.0,0
8.75,29.35,1,0,4892.9,59,230.1,0
5.89,38.21,3,3,69.47,59,343.02,0
10.49,34.36,1,0,1722.41,68,197.33,0
77.27,88.04,1,3,13246.35,104,250.35,2
1.77,25.22,0,0,657.87,69,220.8,0
68.83,84.8,1,0,273008.27,81,229.37,2
8.97,30.33,2,0,6011.81,71,237.45,0
50.93,70.96,55,170,325337.61,164,109.86,1
38.25,76.89,82,207,33853.11,149,258.06,1
0.0,46.41,4,3,179.53,54,204.95,0
15.24,61.76,162,69,1074209.57,140,241.72,1
9.04,30.53,0,1,193.84,65,331.1,0
3.69,18.36,1,2,62.28,76,293.34,0
89.26,77.09,1,4,76180.69,79,294.01,2
53.99,70.69,1,1,35226.41,93,285.81,2
32.8,55.67,30,144,1055607.9,114,213.22,1
16.84,64.38,97,187,1395284.97,127,308.78,1
60.66,82.01,0,0,55235.84,85,217.87,2
82.44,86.43,0,0,298667.82,88,427.14,2
44.5,54.6,140,170,1332642.39,131,205.54,1
34.85,60.83,150,140,846191.79,148,269.52,1
59.91,80.71,1,0,119670.88,76,199.19,2
29.32,30.99,78,144,767033.28,123,201.5,1
0.0,22.1,0,0,943.88,89,93.16,0
77.73,82.23,2,1,350919.67,112,321.73,2
7.16,27.99,2,1,3294.71,101,185.41,0
33.38,54.92,115,67,1606007.18,131,207.77,1
8.46,21.65,1,1,1322.55,53,298.99,0
11.64,32.28,2,2,1709.86,71,224.63,0
58.14,71.39,118,102,591547.98,152,335.31,1
51.39,57.9,134,150,706464.34,145,413.43,1
20.51,62.83,110,87,20864.73,80,64.67,1
28.62,61.14,155,154,153430.75,111,258.01,1
6.5,43.19,0,3,124.06,60,257.19,0
70.1,71.21,2,0,89642.18,111,141.7,2
23.72,58.5,135,143,145784.93,106,167.2,1
57.03,57.23,221,183,114801.91,108,210.88,1
78.03,80.54,2,1,388833.86,78,340.61,2
36.55,38.39,139,137,511735.07,132,193.88,1
10.31,45.35,0,2,5126.07,73,241.26,0
42.79,69.51,163,63,89680.14,99,218.87,1
46.18,62.59,106,129,748663.61,105,298.96,1
0.0,33.8,0,2,2571.1,111,318.62,0
10.0,49.42,106,131,175813.56,131,351.52,1
74.18,59.16,148,251,17197.66,126,232.8,1
11.87,20.67,0,4,5482.77,82,280.38,0
81.86,71.57,1,2,66538.66,87,203.37,2
47.24,66.72,121,137,598377.63,138,248.55,1
3.08,39.83,0,2,3036.91,40,237.11,0
49.72,69.39,141,193,163241.81,119,230.46,1
0.0,25.38,2,3,47.28,84,246.37,0
31.8,55.93,89,249,317094.42,99,407.68,1
64.06,51.62,135,186,67677.99,103,238.41,1
53.49,61.7,161,135,701233.59,119,243.84,1
4.72,34.5,3,4,2684.02,55,234.53,0
23.84,41.01,194,119,504832.76,125,247.53,1
7.28,46.31,2,2,784.93,41,304.53,0
10.0,52.65,49,129,242997.73,130,83.13,1
2.52,38.39,0,1,76.03,94,254.67,0
52.16,35.15,123,56,315539.07,116,123.75,1
7.39,32.38,1,4,3801.07,106,341.89,0
76.75,92.15,1,1,208124.81,98,370.23,2
4.87,19.91,3,2,3108.22,78,352.21,0
25.37,44.03,225,142,516124.24,176,369.1,1
11.74,34.12,1,2,3021.0,102,234.23,0
88.93,72.97,1,1,9497.05,118,277.04,2
1.6,30.19,1,1,633.38,99,221.03,0
0.58,37.12,1,1,3249.89,103,285.9,0
14.04,43.72,1,0,285.84,100,314.89,0
7.09,34.64,1,2,4389.89,86,245.33,0
10.17,65.8,88,228,5000.0,120,210.24,1
41.58,65.93,91,103,530968.38,142,255.31,1
53.53,63.44,157,95,68544.44,101,359.87,1
100.0,60.7,0,2,62622.67,102,264.85,2
76.22,68.43,0,0,79210.33,76,369.61,2
34.49,62.68,109,261,2049243.03,133,294.74,1
3.79,24.34,3,3,450.32,54,363.55,0
26.74,51.17,147,80,185096.06,150,218.64,1
66.71,80.94,2,1,85155.32,126,416.91,2
82.99,60.5,1,1,113709.55,114,266.64,2
77.1,88.22,1,0,6987.79,100,200.05,2
0.0,28.63,1,1,11.76,85,290.03,0
7.11,38.74,2,1,335.07,51,262.76,0
62.59,43.3,90,231,285294.46,129,369.31,1
54.42,45.02,83,164,407610.75,129,303.0,1
6.98,28.82,1,0,1596.6,84,226.95,0
85.03,83.65,1,0,118647.51,83,240.64,2
1.58,16.0,1,1,1760.92,91,209.91,0
65.18,38.06,92,56,260575.84,86,192.56,1
5.24,23.25,1,0,1905.26,54,358.68,0
66.1,74.6,1,0,120843.77,89,242.23,2
3.52,31.34,0,3,261.46,75,153.92,0
9.84,21.91,0,0,3473.57,60,165.68,0
78.71,98.0,1,0,110681.87,84,225.36,2
5.8,22.12,2,0,523.11,69,90.66,0
50.2,68.29,143,254,348292.07,117,270.69,1
86.53,59.22,0,2,6202.06,111,196.37,2
32.93,60.76,167,94,714531.18,123,195.35,1
31.85,52.65,110,119,244147.87,97,350.6,1
24.15,39.96,157,121,1211757.16,103,306.44,1
30.24,70.22,162,267,296317.61,88,219.78,1
13.6,71.85,95,131,1588834.45,128,266.09,1
42.03,49.09,187,117,259269.28,133,232.1,1
3.04,10.63,1,4,1260.03,51,92.57,0
5.99,18.23,0,5,2392.44,71,269.27,0
82.68,83.1,4,0,94241.78,101,192.12,2
23.47,64.1,184,145,73888.32,100,204.66,1
8.24,32.94,4,4,243.43,51,89.72,0
75.7,80.5,1,1,24378.96,95,216.12,2
61.17,46.56,120,121,659735.51,90,373.04,1
33.1,86.72,93,169,208092.87,120,186.8,1
0.17,33.19,0,1,3183.62,79,330.04,0
84.8,66.74,0,3,73515.31,98,230.96,2
83.72,98.0,1,1,38609.46,108,336.07,2
1.26,33.65,0,2,590.36,44,174.1,0
52.03,52.19,102,169,318339.0,94,253.97,1
9.77,36.27,2,3,629.13,57,230.33,0
4.18,22.06,0,1,340.67,79,103.29,0
76.25,73.69,2,0,202741.21,115,103.87,2
80.65,78.49,1,1,121459.17,109,193.75,2
42.67,53.98,105,172,1641022.0,119,286.07,1
38.35,63.68,143,165,646808.15,107,179.05,1
45.11,48.35,137,225,624773.21,118,251.72,1
87.49,94.41,0,0,129450.64,94,287.86,2
4.37,28.13,0,2,1218.17,92,177.25,0
67.81,92.59,1,4,161101.84,115,165.23,2
22.93,59.46,100,192,1066065.38,114,242.55,1
0.0,26.81,3,1,822.11,86,147.66,0
3.86,26.62,0,2,2231.1,117,216.94,0
82.96,73.0,3,0,30057.33,99,258.11,2
97.11,74.82,1,0,122524.58,98,267.76,2
0.79,23.5,1,2,5441.61,94,251.21,0
2.06,28.5,3,2,905.46,81,351.4,0
12.02,39.24,1,5,378.32,76,115.18,0
82.48,70.63,3,3,25457.44,87,249.88,2
83.23,85.51,1,3,193272.22,111,408.24,2
22.1,43.51,113,81,766494.42,132,431.02,1
2.78,22.53,1,2,511.74,80,268.19,0
15.2,44.65,138,151,467959.25,113,399.97,1
8.47,10.0,1,3,889.13,64,154.03,0
8.47,24.11,2,3,1216.39,79,338.57,0
9.02,44.81,0,2,1006.21,69,253.88,0
0.0,34.98,0,2,4993.55,72,222.78,0
49.52,61.14,128,149,273665.71,90,114.43,1
32.3,49.35,249,157,43073.61,113,105.71,1
35.12,50.47,82,224,319138.59,124,298.34,1
8.71,21.73,1,3,214.18,102,277.34,0
55.42,87.68,0,2,201343.66,125,254.68,2
44.94,59.0,111,151,867257.09,146,278.98,1
1.4,34.72,1,1,1802.68,82,202.08,0
21.68,47.87,97,120,220655.87,146,50.0,1
43.13,52.7,118,144,976389.0,110,408.51,1
33.86,59.32,130,110,707231.43,124,114.75,1
12.2,10.0,0,3,1945.85,90,193.77,0
87.36,80.03,2,0,73351.05,134,264.41,2
28.74,76.61,130,105,1511195.1,124,230.05,1
38.66,51.16,93,168,263939.99,140,365.03,1
7.08,27.1,1,3,1725.82,67,216.09,0
31.29,47.69,114,178,307210.33,111,300.19,1
71.05,88.87,3,0,448.03,95,440.67,2
63.35,62.65,2,0,89704.47,90,267.53,2
6.53,27.32,0,3,829.57,80,321.01,0
55.09,47.6,99,128,125558.57,73,239.27,1
6.64,22.16,0,1,2930.23,79,272.77,0
93.86,89.4,1,0,56146.27,100,269.49,2
22.19,40.86,125,97,1553479.61,119,291.79,1
1.1,27.06,0,5,126.49,62,220.78,0
24.87,66.0,94,144,1071091.84,121,305.71,1
7.39,25.6,2,1,531.63,46,261.06,0
7.52,33.94,1,3,4132.77,64,190.46,0
46.5,39.87,112,118,55782.88,112,136.46,1
0.0,24.66,3,0,2349.71,59,264.09,0
37.71,61.14,131,168,785227.35,143,230.08,1
9.0,23.98,1,1,1087.23,96,257.72,0
43.88,56.4,112,194,38956.35,96,130.98,1
27.04,51.43,91,136,518715.65,103,257.65,1
5.01,43.57,1,1,4872.84,75,269.79,0
0.0,28.66,2,0,2724.47,86,311.18,0
0.0,41.09,0,3,740.56,94,232.65,0
2.78,29.73,0,0,1163.03,87,152.48,0
66.24,75.13,2,0,196652.09,94,249.85,2
35.29,51.99,30,188,1381620.87,107,391.63,1
7.74,16.1,0,3,1625.53,65,50.0,0
77.9,87.54,1,1,168816.8,85,278.7,2
7.35,23.53,0,2,926.68,75,279.91,0
1.82,28.1,1,2,918.63,69,344.62,0
16.51,53.72,83,256,97639.23,136,209.52,1
9.37,43.22,2,1,3140.87,83,231.64,0
23.32,59.11,142,201,86651.81,126,297.35,1
10.0,77.1,82,170,1103309.71,108,296.56,1
83.68,68.5,2,3,7736.07,83,339.88,2
30.57,40.54,138,191,508624.35,104,186.72,1
7.37,17.49,1,2,3097.65,68,275.26,0
4.29,22.9,0,1,3246.45,79,282.74,0
2.29,39.88,1,1,2643.76,70,332.22,0
8.61,18.51,0,0,2622.38,104,295.88,0
34.97,58.84,92,164,939881.74,163,257.43,1
11.6,26.01,0,3,565.04,84,325.34,0
32.53,57.51,169,102,740605.93,123,289.28,1
0.0,23.89,2,4,1561.55,91,84.29,0
2.69,33.13,2,5,800.72,90,202.09,0
61.77,71.69,0,1,175273.89,100,297.01,2
10.38,23.68,1,3,21.55,61,220.07,0
7.12,39.77,0,1,2082.36,55,365.21,0
76.56,70.57,1,3,50731.09,138,226.16,2
4.06,33.05,3,3,51.64,88,340.69,0
30.0,42.44,157,168,87748.22,121,148.72,1
4.61,35.7,2,1,755.05,83,268.65,0
2.87,32.89,0,2,1979.02,61,227.66,0
70.22,59.57,0,2,37834.8,96,184.64,2
5.29,13.74,1,2,2329.38,75,284.16,0
55.88,43.33,176,71,799906.43,130,274.29,1
3.69,27.8,1,2,5299.88,81,325.01,0
14.86,18.94,2,2,4035.82,66,181.76,0
2.95,36.13,1,2,158.37,92,220.03,0
80.16,71.28,3,1,107383.19,108,318.12,2
32.71,35.3,99,157,162980.55,147,261.02,1
14.24,39.9,81,123,673897.54,111,263.67,1
0.0,35.65,1,3,2279.71,82,257.14,0
11.35,35.3,2,2,103.11,82,184.25,0
0.0,34.6,0,2,8457.54,103,222.83,0
24.75,49.12,116,207,224168.64,121,192.61,1
34.37,37.83,91,80,409406.47,131,251.45,1
83.32,68.05,2,1,4435.05,103,91.38,2
14.32,43.95,134,178,272834.67,136,325.56,1
33.14,49.47,48,68,1115823.23,118,329.73,1
6.15,33.69,2,2,9207.22,79,286.58,0
13.01,29.62,0,2,237.11,75,50.0,0
4.03,17.04,1,0,295.71,70,130.12,0
10.0,69.45,105,137,1570780.85,75,256.52,1
7.96,27.88,1,4,139.59,95,236.67,0
42.03,64.79,95,242,1058636.08,143,292.56,1
9.26,38.08,2,4,256.77,102,50.0,0
90.5,82.49,0,1,14880.62,86,413.29,2
43.11,56.99,135,83,510107.18,116,464.37,1
48.54,44.78,119,174,652599.7,104,202.33,1
6.83,24.13,1,2,4054.56,79,465.84,0
17.5,74.19,106,178,349718.31,116,270.09,1
8.74,34.1,0,2,444.64,78,371.69,0
3.88,25.13,1,2,5875.45,74,226.56,0
10.1,33.86,0,0,1588.2,65,272.65,0
76.46,64.42,4,1,103103.99,112,308.53,2
1.01,18.73,1,1,424.03,63,131.04,0
21.69,64.49,30,176,544785.38,156,182.0,1
44.14,54.5,211,207,286371.77,132,344.05,1
5.41,30.21,1,2,839.67,59,69.97,0
9.37,25.07,1,1,1673.88,77,343.43,0
5.74,31.23,1,2,2804.24,63,198.77,0
70.34,59.55,0,1,52285.38,82,165.51,2
65.35,57.26,175,78,427670.43,95,265.57,1
68.64,71.14,0,0,276758.66,87,282.73,2
10.0,51.04,166,176,1127909.42,115,279.75,1
61.9,70.62,0,2,11479.83,105,217.11,2
5.12,28.83,0,3,2141.95,109,315.2,0
46.15,73.82,78,235,633417.23,138,210.65,1
47.83,48.96,38,163,400331.51,121,201.81,1
9.75,54.93,0,4,3654.82,84,341.04,0
4.98,29.93,3,1,803.88,62,225.48,0
80.53,57.51,2,0,205155.2,109,219.01,2
78.05,87.64,2,0,37689.24,73,304.63,2
42.18,55.02,179,85,501896.01,129,179.88,1
2.99,36.75,1,2,390.22,73,246.26,0
82.97,64.02,2,0,231471.95,91,343.29,2
25.28,51.84,107,155,1315096.67,131,241.92,1
35.79,58.78,65,145,890250.71,149,331.36,1
6.36,28.32,0,3,376.75,80,284.46,0
7.15,37.37,0,0,4012.47,97,206.73,0
30.14,59.49,105,206,152666.24,114,296.48,1
79.44,72.32,0,0,82790.12,123,268.8,2
33.29,71.6,108,193,720693.82,125,435.28,1
10.0,60.82,157,90,723827.77,144,302.37,1
44.67,30.32,88,184,718949.84,98,129.83,1
77.22,83.57,0,2,12306.62,118,339.92,2
16.48,48.38,213,223,763937.85,96,84.63,1
6.69,26.35,3,1,493.0,73,262.64,0
63.16,68.05,0,0,22910.26,98,282.71,2
10.0,42.6,142,164,1001729.09,130,213.29,1
53.85,25.0,164,154,1483014.68,122,89.57,1
1.87,33.7,0,3,2542.63,72,265.95,0
66.18,71.91,1,0,13244.43,105,238.46,2
64.37,40.54,115,184,400101.57,74,257.05,1
2.48,22.0,3,2,6573.85,80,357.44,0
31.03,49.26,146,147,712551.24,139,280.63,1
53.07,54.26,126,109,1046081.32,147,453.8,1
6.27,33.22,0,0,182.42,91,289.34,0
17.16,52.11,95,173,296888.6,149,239.39,1
1.5,26.54,0,2,152.64,66,301.14,0
17.38,22.38,0,0,1605.64,73,292.45,0
50.73,60.18,127,110,47301.65,116,208.48,1
5.75,20.97,3,4,3509.47,84,236.96,0
8.91,38.22,0,2,3039.56,85,202.34,0
10.1,31.33,1,2,313.38,127,252.29,0
0.0,35.86,2,1,12492.45,69,161.68,0
6.62,23.61,2,2,3638.83,84,204.89,0
10.0,60.76,90,175,508885.04,93,343.19,1
12.88,28.54,2,2,3246.47,68,151.42,0
8.22,26.67,1,3,212.04,58,289.89,0
38.61,40.16,99,86,652526.46,88,394.68,1
8.64,37.01,0,0,440.82,100,226.31,0
3.06,27.66,0,1,214.38,77,223.04,0
7.74,40.93,3,3,1678.33,81,190.88,0
10.73,60.06,109,121,412313.78,128,188.56,1
1.97,45.73,0,5,1010.15,93,466.48,0
2.52,23.06,1,1,925.92,78,306.95,0
31.68,60.3,141,113,1022450.5,114,210.77,1
10.93,27.51,0,3,1477.37,105,290.43,0
95.93,67.85,2,1,62199.35,115,273.67,2
6.52,30.4,0,2,631.82,69,81.03,0
32.15,50.49,161,69,160722.88,132,379.62,1
7.97,33.2,0,1,8159.88,72,365.69,0
76.16,75.39,3,2,120538.58,88,198.74,2
65.9,47.67,109,149,381220.1,159,225.97,1
8.28,32.69,2,2,183.96,102,193.53,0
8.93,23.59,2,1,6475.59,81,267.27,0
58.29,62.37,118,169,205746.45,122,277.4,1
88.17,83.84,2,1,131305.74,119,271.75,2
17.54,50.41,102,108,311533.96,119,172.56,1
78.99,70.0,1,2,20436.64,99,108.77,2
18.89,45.87,210,160,564889.89,133,308.89,1
56.15,52.39,163,85,319466.68,135,196.5,1
5.51,31.83,1,0,1672.26,73,357.6,0
5.34,25.68,1,1,1903.66,78,175.84,0
37.85,40.92,118,51,5000.0,136,287.44,1
27.71,72.15,184,135,166487.28,127,468.65,1
9.02,39.53,0,4,2663.91,94,276.57,0
80.59,77.06,0,1,117479.69,111,143.21,2
12.36,10.0,0,1,1429.39,64,299.72,0
64.32,70.45,2,1,291034.36,92,361.5,2
5.06,23.55,0,2,126.89,54,294.74,0
82.47,78.89,2,0,33869.23,103,198.41,2
2.55,26.42,1,1,6803.44,63,304.87,0
13.99,21.93,1,2,557.68,67,210.3,0
7.31,28.49,3,1,3657.08,79,419.66,0
3.09,31.97,0,2,532.89,70,225.18,0
22.05,52.15,106,171,720148.44,144,314.73,1
0.0,33.8,0,5,888.31,89,233.58,0
63.44,89.42,2,1,73300.51,100,294.44,2
26.88,49.64,109,142,512286.07,130,201.31,1
26.19,51.08,109,20,393084.59,140,141.62,1
2.05,28.48,1,2,566.92,86,241.43,0
10.48,33.87,0,2,1722.14,94,247.6,0
18.71,56.31,94,127,899962.68,110,211.3,1
33.18,63.91,71,134,972422.93,125,208.35,1
7.34,41.08,1,3,82.67,105,336.75,0
0.0,29.44,0,2,1135.05,101,232.94,0
24.96,59.62,94,149,1365765.24,120,280.12,1
52.81,66.08,165,193,73435.14,116,300.15,1
73.83,77.91,1,2,198434.03,108,244.46,2
11.16,38.98,2,1,323.32,72,348.25,0
2.55,28.05,1,4,233.61,97,200.11,0
24.09,46.29,175,170,226436.37,103,326.6,1
10.39,43.33,1,2,118.82,83,338.52,0
5.24,18.96,0,3,869.08,95,141.01,0
18.55,54.88,97,122,1759444.32,113,293.54,1
84.29,85.03,0,1,422437.43,87,221.14,2
6.64,33.14,0,3,244.97,68,287.74,0
74.53,69.8,0,1,7253.2,116,172.17,2
15.35,41.75,120,103,323747.66,112,350.08,1
77.74,86.81,0,0,78978.43,60,207.18,2
79.83,67.49,2,1,159619.65,112,331.75,2
16.01,56.15,174,156,83380.64,136,246.74,1
51.76,37.84,97,133,117451.35,93,351.5,1
9.98,32.8,1,2,1084.75,75,203.25,0
3.02,40.88,1,4,886.94,97,236.76,0
26.14,46.14,120,90,110635.21,133,197.47,1
37.77,58.26,113,183,30676.76,134,177.07,1
7.0,17.55,1,1,13.59,96,274.62,0
31.86,40.45,55,140,555639.41,82,244.07,1
0.17,31.1,0,2,371.79,82,312.91,0
11.44,32.85,2,3,521.88,82,338.02,0
84.74,82.78,2,3,51619.53,122,214.32,2
55.5,59.51,1,0,87836.78,101,288.05,2
4.8,27.49,0,2,599.29,65,331.56,0
3.54,46.67,1,3,1479.05,73,236.55,0
33.03,61.01,140,160,860751.91,152,250.85,1
26.65,83.16,147,189,88953.81,91,251.9,1
68.07,98.0,2,2,45486.08,108,210.96,2
27.86,54.33,136,188,254454.17,106,289.91,1
2.99,23.8,1,0,419.3,93,351.86,0
59.39,52.21,105,178,484358.5,117,258.29,1
38.62,50.29,150,214,203614.04,78,206.64,1
7.05,18.42,1,1,1124.61,106,208.31,0
60.25,89.99,0,0,150947.54,89,240.53,2
5.31,37.68,1,3,4210.1,61,235.89,0
5.85,20.07,0,2,2937.18,95,64.98,0
26.0,45.92,141,120,3251615.06,149,185.46,1
49.03,74.17,134,157,486406.34,136,113.86,1
13.68,51.59,161,204,167407.4,111,471.75,1
7.46,16.07,1,2,1305.6,72,243.58,0
10.42,47.11,148,99,47403.69,166,237.51,1
30.52,54.02,59,157,138917.76,148,163.82,1
11.72,10.0,1,1,6405.28,59,201.28,0
7.45,29.7,0,1,5676.73,66,90.21,0
6.26,19.43,0,3,606.39,72,218.68,0
0.36,39.51,0,5,652.9,63,125.77,0
6.36,40.2,1,4,653.8,58,201.11,0
10.0,56.35,105,158,3547219.26,149,194.23,1
50.47,25.0,92,118,123026.23,122,246.06,1
0.49,30.25,2,4,8259.16,95,163.48,0
89.88,74.56,1,3,168843.2,132,188.47,2
1.47,25.28,0,1,49.1,84,279.92,0
7.84,28.88,3,1,1852.66,85,337.88,0
1.09,35.23,0,3,1975.86,61,270.48,0
0.0,14.51,0,3,2937.24,72,270.99,0
6.3,38.45,0,1,712.52,59,210.42,0
36.08,46.8,51,133,1760682.01,76,285.33,1
43.11,47.8,120,120,1269037.39,153,197.72,1
53.75,96.98,2,1,25209.79,97,222.7,2
5.09,25.69,1,2,1926.82,70,305.0,0
0.6,23.94,2,1,1337.12,77,93.95,0
64.31,79.34,1,0,45855.6,97,252.27,2
22.05,46.16,74,204,725276.45,104,260.59,1
37.73,59.1,109,131,77639.47,121,353.88,1
12.42,32.39,2,2,1156.57,76,237.75,0
10.0,53.08,108,148,96329.35,120,294.59,1
77.11,77.37,2,0,17352.23,88,218.48,2
47.59,48.82,140,131,517111.68,117,276.63,1
81.32,80.83,1,1,24014.38,86,320.38,2
13.11,35.64,0,2,1622.55,95,150.89,0
3.51,21.29,0,1,36.67,40,163.0,0
65.56,76.96,1,1,7981.3,101,307.5,2
27.12,34.23,137,168,126268.92,110,250.31,1
10.01,23.0,1,3,292.04,79,403.69,0
2.03,28.83,2,1,1828.52,99,336.03,0
4.04,34.44,3,1,775.87,69,370.12,0
37.29,72.4,159,150,725624.02,143,272.38,1
50.0,67.72,1,2,381200.75,92,336.91,2
13.09,29.43,152,177,61443.45,94,174.6,1
90.58,69.76,0,6,140231.27,94,196.54,2
6.51,27.46,1,3,311.18,88,333.83,0
5.64,42.88,4,4,4559.27,67,279.13,0
36.67,59.27,145,108,692178.35,123,192.03,1
0.0,26.75,2,3,2596.66,73,196.74,0
63.83,50.52,137,131,1337005.89,104,224.08,1
0.0,10.0,1,4,514.44,77,74.68,0
37.12,67.13,130,217,5000.0,78,380.46,1
56.86,58.12,134,155,491475.06,137,242.3,1
10.34,11.2,3,3,244.87,70,188.88,0
0.0,10.0,2,1,6.09,84,191.48,0
8.64,29.5,1,2,1803.38,62,291.44,0
48.09,50.19,102,130,675470.64,112,251.31,1
44.21,56.85,82,83,370846.54,132,258.72,1
4.63,21.33,0,5,99.31,79,173.19,0
3.89,27.19,0,2,571.91,87,308.92,0
56.86,44.71,111,160,426663.66,115,277.67,1
89.24,73.09,1,1,67171.26,112,219.62,2
10.0,79.17,109,103,474910.67,134,236.86,1
0.43,26.12,0,2,2615.63,69,423.2,0
5.24,32.15,2,2,2838.15,74,177.94,0
82.69,72.19,2,3,73261.82,89,165.37,2
8.17,28.12,1,1,3590.2,84,305.16,0
8.1,12.51,3,2,1049.3,45,267.4,0
29.22,44.6,109,190,320119.64,131,133.29,1
30.0,56.42,131,155,58638.55,128,116.85,1
5.07,26.72,1,2,502.77,70,283.75,0
2.84,16.34,0,3,3000.41,103,215.04,0
34.46,45.47,166,174,686256.4,133,218.61,1
75.35,91.61,0,0,39197.14,119,354.3,2
70.71,63.0,1,1,14733.12,113,265.08,2
5.03,37.49,0,4,2186.54,62,260.13,0
5.28,38.57,1,2,936.25,86,275.16,0
79.28,75.12,1,0,60641.78,100,205.59,2
38.47,46.48,107,163,1449451.73,80,174.08,1
2.42,22.51,1,4,1851.89,47,357.32,0
62.29,60.64,129,159,302679.97,150,210.75,1
56.27,60.92,109,83,27881.01,104,212.65,1
4.96,32.73,3,1,4248.75,87,239.13,0
40.59,35.66,128,178,1597668.17,138,322.14,1
75.57,74.59,2,3,25551.49,82,298.86,2
57.9,49.91,177,56,825479.54,98,193.69,1
74.42,67.94,1,1,4833.28,89,126.47,2
11.93,83.29,100,177,35530.7,115,356.55,1
22.67,49.7,154,184,532660.11,113,183.88,1
6.11,22.94,1,2,887.53,68,235.33,0
10.97,69.25,85,159,46195.56,149,332.64,1
50.0,96.7,1,0,45565.29,109,162.27,2
5.33,36.24,3,5,3750.34,77,356.09,0
10.42,34.98,0,1,3098.79,93,175.55,0
62.22,67.06,1,0,109634.4,107,217.14,2
76.35,88.35,1,1,189678.33,99,224.61,2
33.47,60.33,126,126,180001.05,127,301.72,1
21.35,72.96,94,146,45658.81,139,192.59,1
29.95,56.82,112,221,387755.12,106,213.32,1
24.66,81.27,99,94,726392.67,118,295.98,1
91.99,75.56,0,1,119370.08,97,72.83,2
5.54,28.81,1,3,4268.02,91,151.17,0
61.01,64.13,2,1,16682.01,115,188.35,2
7.76,27.73,0,3,2859.47,72,269.62,0
84.88,75.93,0,3,37865.17,119,275.81,2
7.5,35.39,0,1,809.51,77,170.16,0
14.13,26.34,2,3,296.17,79,300.86,0
60.09,45.02,151,125,555060.11,124,148.79,1
5.43,22.07,2,1,460.98,82,454.44,0
43.86,57.3,121,160,129798.14,125,288.77,1
66.87,79.87,1,1,58442.14,107,175.89,2
95.19,88.75,1,0,264594.07,72,287.37,2
22.88,67.16,109,130,1053071.08,105,176.37,1
0.55,25.42,4,5,548.78,80,223.98,0
73.1,67.41,2,1,263914.61,108,186.17,2
44.15,42.6,146,221,17477.94,95,205.88,1
1.7,29.24,1,1,65.33,77,377.46,0
21.9,39.15,100,230,396499.66,116,293.12,1
7.22,31.79,0,2,764.7,95,260.75,0
5.16,27.7,2,3,995.49,70,371.64,0
9.52,29.91,2,0,2657.47,94,319.84,0
0.0,36.94,0,1,895.78,72,284.56,0
11.63,14.09,2,3,391.96,100,361.55,0
45.37,60.59,152,156,1890983.66,104,186.2,1
41.94,46.58,30,175,1041846.14,102,239.58,1
26.39,41.56,72,144,760519.58,115,341.86,1
39.56,63.43,138,99,494311.42,108,233.44,1
22.08,52.11,171,150,333620.12,121,224.31,1
95.63,64.17,1,2,9736.09,87,101.08,2
9.34,19.4,0,3,408.33,90,287.91,0
5.85,30.06,1,4,491.91,76,94.91,0
8.55,20.46,1,0,228.96,84,234.22,0
44.02,43.16,30,153,325069.1,129,187.22,1
82.83,71.32,2,5,78326.09,104,226.08,2
80.3,89.12,2,0,10119.54,128,177.7,2
55.47,57.38,171,60,1027267.32,142,177.47,1
0.0,37.23,0,4,4347.18,77,272.91,0
10.48,50.31,1,1,1293.59,85,252.79,0
39.04,66.57,103,210,1167331.24,105,200.12,1
23.7,60.62,139,141,166210.86,124,143.13,1
39.82,47.49,129,170,1044046.98,115,265.96,1
0.0,36.55,2,0,1231.47,106,310.99,0
74.22,82.36,0,0,94528.45,60,250.62,2
4.07,36.62,1,1,5336.48,82,316.87,0
80.92,62.13,0,0,76218.59,90,198.69,2
88.06,97.38,0,0,36872.31,141,301.68,2
84.48,87.62,1,1,5029.45,107,239.94,2
98.89,59.77,1,0,25680.27,82,108.38,2
10.0,60.44,78,126,57596.12,124,89.13,1
76.76,77.12,2,1,101077.89,81,50.0,2
87.61,73.74,0,0,39659.19,82,169.56,2
32.74,63.15,98,165,3827657.2,85,334.74,1
2.39,34.18,0,0,1816.77,121,259.25,0
79.25,82.57,0,0,375776.31,74,350.05,2
57.83,38.51,76,179,892950.59,109,263.31,1
1.1,24.03,0,2,70.64,101,262.35,0
26.8,62.62,97,184,475937.49,147,50.0,1
38.55,52.85,114,224,129395.18,120,246.77,1
4.75,20.98,0,1,2964.76,70,311.56,0
37.49,47.3,112,228,6260.47,111,348.1,1
30.9,56.44,137,129,1664076.83,89,207.6,1
35.8,46.54,150,187,203759.42,72,299.64,1
0.09,18.96,0,3,2159.99,75,260.18,0
51.92,52.48,112,149,130611.09,125,298.1,1
8.59,43.03,1,2,1683.23,83,230.66,0
39.89,69.66,103,180,1370609.89,131,328.24,1
32.64,60.15,91,103,418257.23,131,162.41,1
17.05,39.16,71,156,16567.74,101,253.55,1
68.62,68.52,1,0,102199.33,128,249.23,2
64.93,60.26,2,0,119709.38,76,103.5,2
77.52,78.07,0,2,122641.46,94,158.58,2
31.74,51.21,160,85,362885.11,105,344.1,1
10.21,22.71,1,1,2492.07,85,144.96,0
9.51,27.43,0,1,674.64,100,374.19,0
5.66,26.24,1,4,395.14,66,297.13,0
50.0,55.26,1,0,119186.12,96,310.6,2
22.68,58.96,99,136,198451.04,120,276.23,1
10.91,28.49,0,3,2790.82,104,134.47,0
71.15,67.72,1,2,10017.21,116,277.41,2
7.34,43.69,1,1,6804.16,88,333.01,0
4.5,14.51,1,1,381.26,81,284.32,0
37.19,66.51,52,108,334681.15,92,114.7,1
46.62,51.11,57,128,246663.47,149,253.31,1
26.14,61.09,201,165,70661.63,131,348.63,1
25.45,52.66,163,97,888503.84,111,251.77,1
74.84,80.7,2,1,15181.36,86,270.9,2
43.46,52.38,44,236,608952.41,97,283.81,1
12.46,39.33,0,1,3647.99,80,245.65,0
4.36,18.66,0,3,1143.79,61,123.07,0
5.64,19.34,3,1,1305.63,83,354.52,0
88.26,75.61,1,1,198861.12,117,186.84,2
7.1,34.58,0,5,3033.39,77,217.33,0
44.62,35.94,140,222,168356.47,120,70.25,1
75.66,66.27,0,0,138992.2,115,281.78,2
47.83,41.28,49,147,273397.04,107,315.65,1
63.79,69.42,112,130,239764.67,97,308.04,1
89.87,55.0,1,2,33275.64,108,362.88,2
5.84,26.24,2,3,4136.82,78,221.54,0
64.54,74.66,0,1,85324.12,122,301.34,2
13.29,27.9,1,0,1071.97,88,247.23,0
23.26,80.0,195,279,31220.22,142,315.6,1
44.46,47.02,180,143,409748.91,145,121.67,1
69.33,78.02,0,0,158469.19,94,186.37,2
83.02,72.47,1,0,15821.54,99,123.68,2
4.28,30.97,1,1,360.69,90,356.65,0
68.59,72.43,2,2,254566.94,110,265.49,2
92.42,80.06,0,0,4025.24,99,243.36,2
37.28,69.06,191,162,355805.76,132,164.22,1
49.46,47.55,155,186,298422.03,123,193.41,1
18.06,66.21,130,61,220507.89,132,333.23,1
78.85,72.92,0,1,14501.73,86,324.08,2
27.25,25.0,124,57,172465.89,109,244.9,1
0.33,13.06,0,3,1468.15,83,365.11,0
3.15,26.5,1,3,45.43,90,179.3,0
11.88,55.03,105,95,678178.18,104,179.44,1
9.87,43.02,1,3,1119.2,109,333.5,0
18.11,42.89,119,129,1429833.15,70,276.8,1
19.62,55.94,91,193,433609.16,147,227.5,1
42.78,49.74,109,201,181347.92,152,69.61,1
40.95,73.11,115,98,44167.92,140,289.29,1
15.1,69.03,147,110,675345.76,114,182.99,1
41.15,57.86,148,103,734851.94,132,224.26,1
70.9,77.81,1,1,52132.29,91,129.21,2
62.33,69.23,0,0,86656.16,91,241.38,2
5.54,34.56,0,3,975.65,96,280.61,0
46.84,60.76,65,133,242742.58,129,241.74,1
32.66,37.77,129,185,1804660.22,131,363.67,1
73.5,75.09,2,0,15583.43,82,256.66,2
29.15,74.04,98,71,271641.26,138,310.39,1
4.96,26.18,0,5,1495.86,66,192.88,0
0.03,39.04,1,2,1481.71,75,238.97,0
5.62,43.4,2,3,1379.78,94,208.4,0
44.68,67.5,137,156,1020594.36,124,207.3,1
12.2,59.44,142,198,78697.3,106,365.95,1
76.78,70.23,1,0,173993.22,86,197.17,2
35.37,67.19,111,226,345538.44,130,188.18,1
39.91,42.05,120,125,1518066.93,100,374.53,1
1.52,27.39,1,0,3701.55,77,190.67,0
44.4,37.81,90,136,1017230.36,138,194.67,1
54.13,79.32,150,99,34256.27,113,179.32,1
23.59,54.35,155,175,41129.52,111,115.08,1
5.87,21.03,2,1,2536.19,96,261.2,0
8.89,26.74,1,4,3433.35,95,405.47,0
4.05,38.63,3,2,840.16,67,253.72,0
2.86,33.82,0,2,887.04,115,220.42,0
12.06,73.3,92,181,563838.73,120,301.73,1
11.95,28.5,1,3,8931.38,62,224.39,0
69.46,81.04,1,1,135739.17,111,128.02,2
11.85,36.81,135,92,90846.56,104,332.96,1
9.28,30.61,2,2,160.74,80,259.69,0
2.45,45.31,2,3,27.45,79,151.8,0
0.49,31.83,2,1,3776.22,71,332.65,0
1.56,18.63,0,2,6137.78,82,162.15,0
11.85,21.97,1,0,518.36,81,77.31,0
48.72,57.19,95,125,1560866.03,122,366.4,1
0.37,40.86,1,0,1791.77,79,312.9,0
4.99,26.18,1,0,2521.68,83,405.19,0
42.86,60.38,109,119,222781.28,101,260.55,1
33.53,53.61,89,168,24080.04,106,328.87,1
11.44,10.0,3,4,5456.37,71,247.0,0
49.4,56.76,124,175,636828.71,137,376.55,1
1.36,27.97,1,3,426.29,72,191.19,0
4.44,37.09,0,3,1974.96,69,291.15,0
6.13,37.7,0,2,1280.39,88,269.09,0
81.6,65.56,2,1,62845.71,81,223.96,2
45.17,63.0,112,108,81644.07,130,158.09,1
0.0,25.21,2,1,1624.19,40,310.79,0
34.41,65.29,140,132,568114.13,127,209.22,1
95.64,80.46,2,0,44013.54,103,262.79,2
61.01,68.67,1,3,49344.29,117,382.17,2
18.12,54.32,94,103,417424.42,128,242.12,1
41.88,55.99,149,114,97753.15,90,281.49,1
87.96,76.0,2,1,60671.3,115,277.46,2
94.78,64.63,5,1,55754.23,104,224.54,2
38.46,28.32,60,174,536152.25,121,221.06,1
4.95,32.32,2,1,1163.55,81,198.1,0
15.12,37.36,151,190,2382330.45,109,246.69,1
0.0,34.61,0,2,533.74,79,260.63,0
100.0,65.35,1,2,95164.29,81,183.31,2
43.09,56.73,154,137,61980.59,130,271.09,1
20.64,58.93,192,126,142664.06,125,174.97,1
6.02,31.85,1,5,2897.61,65,309.55,0
53.46,36.63,156,101,942118.57,113,133.92,1
5.65,29.54,0,0,80.01,92,425.97,0
12.07,29.73,0,4,1206.65,102,291.15,0
6.29,29.35,0,0,549.3,79,248.01,0
39.87,58.11,200,154,2073865.62,99,264.85,1
11.06,23.83,2,2,1445.64,73,286.22,0
4.51,33.01,0,2,1032.9,69,244.5,0
9.07,21.54,1,1,10277.25,94,345.95,0
29.01,49.66,177,217,215147.86,164,347.17,1
10.42,31.19,1,3,288.49,71,283.96,0
81.02,80.28,1,3,33359.19,101,405.99,2
50.06,52.98,153,134,1435109.11,107,283.73,1
63.5,86.19,2,0,37806.4,93,248.94,2
7.79,36.33,0,2,713.14,89,241.4,0
20.26,48.85,130,138,1085369.66,113,141.99,1
68.56,69.6,0,2,11837.97,107,261.73,2
6.46,29.28,1,2,6616.17,90,297.96,0
2.14,33.18,1,3,1454.06,69,322.61,0
79.42,75.94,0,2,91720.11,106,165.95,2
9.66,34.03,3,3,4575.4,76,330.14,0
0.0,17.02,0,3,749.51,58,178.41,0
30.14,59.72,161,246,418355.23,127,274.69,1
3.51,28.34,1,0,379.15,86,301.77,0
79.51,69.12,1,2,55827.29,124,141.21,2
45.45,46.04,172,215,248718.1,143,140.7,1
65.45,66.17,0,0,40164.13,92,312.53,2
16.12,53.75,106,187,2092654.53,112,265.11,1
7.47,45.59,1,4,376.77,84,238.27,0
84.95,72.45,2,1,20927.96,121,312.0,2
86.26,67.57,1,0,31612.45,104,358.72,2
16.04,51.28,101,122,555429.75,131,96.87,1
4.37,40.44,2,3,3982.06,76,142.64,0
13.57,31.68,1,2,761.65,75,281.58,0
89.96,86.45,2,1,281037.14,103,357.45,2
32.17,58.42,156,120,932852.76,86,76.47,1
10.1,21.9,0,2,13.92,76,309.19,0
10.08,61.29,142,68,27332.62,99,222.72,1
49.44,57.76,149,115,664673.45,96,339.15,1
41.86,45.63,98,205,148731.32,137,217.7,1
39.43,49.54,130,174,527867.99,124,82.85,1
62.03,61.39,1,0,127198.55,109,351.66,2
82.43,67.04,1,0,61966.15,109,325.09,2
4.15,29.4,1,3,0.53,69,192.11,0
41.3,65.3,84,107,335264.09,146,229.09,1
8.97,30.74,0,2,640.4,86,218.83,0
4.18,28.38,2,0,927.86,75,371.05,0
9.16,22.84,0,1,2988.0,74,243.27,0
55.53,47.3,135,70,812641.3,108,249.54,1
68.51,58.55,2,1,13441.39,99,98.98,2
27.19,54.82,67,226,91669.72,115,251.91,1
45.82,45.98,183,134,106400.9,88,208.18,1
46.02,40.36,113,167,279421.49,158,304.62,1
46.43,66.7,81,100,211548.64,120,364.62,1
19.14,61.41,152,64,782114.26,104,230.15,1
9.91,39.98,1,2,2360.86,92,190.71,0
31.57,62.87,112,151,135892.86,118,204.87,1
4.45,21.97,2,2,1628.94,60,360.11,0
63.51,37.22,158,161,35166.92,140,402.42,1
84.87,71.83,1,3,251595.35,101,233.98,2
6.86,33.31,1,2,1453.62,67,163.72,0
94.06,61.54,1,1,8349.69,98,167.15,2
6.72,18.83,2,3,2913.46,91,201.23,0
33.74,51.48,97,160,1108661.08,118,285.46,1
88.96,74.85,0,0,384794.45,123,202.52,2
93.7,78.87,2,1,211164.75,100,258.82,2
3.83,38.63,2,2,1453.17,80,159.91,0
95.58,76.25,3,0,194968.37,111,349.7,2
24.04,52.83,115,136,219804.92,105,273.29,1
63.31,67.27,2,1,28687.4,87,251.53,2
68.26,75.06,0,1,11864.78,101,181.89,2
23.24,69.03,96,153,2208304.12,110,326.78,1
32.71,39.42,57,81,545480.3,97,345.31,1
44.77,32.05,90,192,562520.59,130,182.88,1
26.36,66.81,81,147,5000.0,129,240.65,1
4.03,27.16,1,3,1278.93,77,113.14,0
6.37,41.88,0,2,2272.53,78,131.47,0
23.55,58.98,76,92,218042.94,104,243.73,1
0.0,31.32,1,0,525.65,72,345.36,0
47.46,51.3,139,150,863281.22,103,314.74,1
21.73,74.09,112,194,278006.78,140,338.6,1
83.41,84.63,1,1,1004.97,102,329.72,2
38.17,63.22,146,235,1304492.49,140,358.22,1
67.8,77.18,0,1,42141.27,96,317.96,2
45.93,38.18,57,171,404540.44,126,266.34,1
5.65,29.32,2,3,270.61,104,251.32,0
89.37,65.71,1,1,180437.62,83,241.46,2
73.97,69.36,1,0,62321.56,125,245.35,2
16.74,61.4,89,156,397450.29,140,294.21,1
75.62,60.1,3,0,66585.31,99,227.21,2
33.48,73.3,69,150,742824.31,129,347.88,1
10.0,56.6,89,148,624192.22,156,302.88,1
0.08,24.43,2,0,642.86,72,279.87,0
7.92,41.27,2,3,872.19,87,291.44,0
8.48,43.74,0,0,1823.39,71,325.94,0
4.31,36.95,0,4,1571.44,51,302.83,0
68.19,80.62,0,2,181289.58,92,211.7,2
3.39,30.94,0,3,638.15,78,74.0,0
36.22,71.9,188,102,271009.1,116,242.35,1
39.06,44.4,133,20,309773.04,139,354.45,1
53.02,63.76,58,211,274869.69,133,214.91,1
7.39,27.96,2,4,7044.51,92,246.63,0
43.91,71.56,80,125,542050.53,121,204.19,1
4.66,33.23,1,0,548.81,76,88.03,0
14.43,36.23,81,245,464662.4,150,381.84,1
34.5,76.55,64,84,204147.89,147,161.27,1
2.04,55.0,2,3,354.78,73,268.92,0
7.15,28.85,2,2,4608.74,104,329.22,0
19.42,42.15,129,198,91277.16,139,174.04,1
12.96,49.07,64,95,1400846.3,98,252.78,1
6.71,27.47,0,1,1758.49,66,197.09,0
0.56,30.21,2,2,882.12,89,255.53,0
57.69,87.1,2,0,6526.73,104,314.92,2
59.61,74.59,1,0,9612.5,116,280.16,2
47.23,59.75,188,121,717618.93,136,256.44,1
38.27,57.61,125,196,273159.25,117,257.5,1
5.6,30.91,1,3,938.7,68,196.23,0
5.64,25.35,1,1,5453.02,93,153.04,0
6.99,30.1,2,2,1107.72,84,154.96,0
18.55,50.44,69,84,882743.17,122,237.82,1
0.0,22.7,1,1,7730.48,71,114.58,0
6.27,34.75,0,1,4219.91,96,316.2,0
72.04,86.22,0,0,9169.57,109,270.52,2
26.02,63.88,121,194,455291.57,124,327.32,1
5.9,31.7,4,2,758.84,76,81.93,0
42.78,60.51,229,98,1079509.59,128,191.92,1
71.6,76.86,0,0,19271.33,108,170.15,2
7.53,29.8,0,3,572.99,84,227.03,0
5.8,25.91,1,2,276.02,90,223.62,0
7.87,36.37,0,1,3298.6,107,169.53,0
19.46,69.53,103,231,76218.86,83,251.58,1
31.2,41.98,137,164,196567.81,138,194.88,1
29.62,52.99,155,87,225762.65,114,185.5,1
25.55,55.11,199,102,1411809.07,105,121.63,1
46.89,43.73,128,182,178460.13,123,264.07,1
50.91,39.5,30,102,165297.11,102,221.15,1
7.31,12.73,0,2,2181.81,86,278.17,0
44.07,85.16,119,236,5000.0,131,280.05,1
11.06,35.06,1,3,1706.97,69,306.57,0
2.39,21.71,0,2,1586.64,75,273.99,0
8.1,25.16,1,0,2715.7,85,343.1,0
58.09,64.75,3,1,29031.19,103,368.5,2
2.13,46.55,3,1,793.33,52,235.77,0
93.94,82.45,0,0,68862.31,84,255.22,2
53.22,44.14,62,72,1019455.39,117,149.35,1
52.26,54.42,81,130,502684.22,168,206.14,1
76.48,85.03,0,4,17958.02,85,150.46,2
25.03,57.84,30,131,163873.61,112,293.03,1
7.0,41.59,1,1,552.72,99,370.52,0
4.85,18.41,1,3,1854.59,90,323.48,0
5.21,26.17,1,3,1067.42,62,186.79,0
13.07,25.52,1,1,251.71,75,171.39,0
9.71,15.03,1,0,10.18,83,249.02,0
68.23,77.23,3,3,106171.71,66,327.54,2
35.26,60.81,87,198,177792.88,120,179.53,1
4.89,46.24,2,1,2612.31,86,193.46,0
51.27,61.55,149,83,413906.66,143,223.2,1
46.12,52.52,152,117,153587.29,141,328.5,1
12.57,23.35,3,1,1784.13,79,292.21,0
0.01,27.15,0,4,1771.64,60,238.29,0
42.08,46.88,90,186,68391.05,119,268.82,1
6.02,35.47,3,1,104.19,78,173.43,0
8.18,48.62,0,2,6679.2,75,300.58,0
40.14,45.15,121,218,794360.59,119,268.93,1
20.66,54.37,134,174,256849.76,109,335.19,1
72.65,72.31,0,4,125886.26,109,319.43,2
58.28,77.06,123,151,1285716.58,88,303.95,1
10.2,29.28,2,2,1897.91,70,236.74,0
0.6,33.42,1,1,584.91,65,336.85,0
0.0,29.03,3,1,4098.72,71,233.1,0
38.61,44.63,30,228,212246.01,98,237.89,1
62.7,72.97,1,1,280637.44,81,94.23,2
36.23,62.39,137,65,214645.28,132,244.41,1
92.24,65.44,0,0,32660.59,96,190.44,2
29.45,44.55,114,161,716763.16,114,453.41,1
26.65,57.18,156,202,185815.82,95,225.63,1
20.71,72.44,160,145,33973.85,98,179.79,1
68.46,71.39,2,0,312562.78,113,275.05,2
6.51,28.07,1,3,2816.17,75,334.88,0
0.0,25.11,0,1,1231.99,79,385.52,0
85.74,80.76,1,0,15482.68,107,102.34,2
92.77,78.09,1,0,7410.57,104,360.04,2
70.92,80.68,0,0,175590.78,99,131.83,2
86.07,82.28,1,1,78544.39,69,157.05,2
14.57,46.98,1,3,214.86,73,162.43,0
18.59,71.77,131,182,856226.86,118,262.16,1
8.16,34.26,1,5,39.67,65,365.51,0
69.24,70.5,0,0,119735.53,93,260.16,2
8.53,33.36,0,2,2374.76,100,131.56,0
9.08,19.37,2,0,127.85,81,224.43,0
27.78,44.82,59,110,409788.75,98,400.98,1
2.65,42.01,2,3,8148.32,95,374.95,0
77.78,84.2,0,0,244721.09,72,244.44,2
31.53,53.28,126,169,536030.65,112,215.23,1
49.45,51.16,126,78,10387.3,108,277.3,1
64.9,83.38,2,2,317970.12,111,328.68,2
88.03,69.11,0,1,14438.37,112,138.71,2
74.75,76.17,0,0,61077.89,124,366.02,2
45.13,45.07,118,177,202195.12,111,485.46,1
20.13,55.93,117,168,336748.4,109,109.59,1
89.48,71.45,0,0,49821.54,113,233.93,2
10.0,81.6,142,175,586027.67,140,87.66,1
89.66,55.0,0,2,117144.44,87,350.1,2
85.38,73.22,1,2,15991.89,111,167.05,2
30.0,43.2,146,96,209940.68,116,323.23,1
7.64,42.24,1,1,1629.49,68,269.57,0
13.45,34.97,1,7,4324.05,75,271.9,0
7.89,24.63,1,2,1976.91,115,290.64,0
10.2,28.2,1,3,1004.1,77,158.37,0
30.16,64.86,93,114,607981.39,155,294.55,1
55.99,57.63,101,71,403757.09,148,258.77,1
33.55,62.39,101,242,260557.49,112,199.43,1
2.62,33.28,0,1,146.21,92,472.33,0
28.45,42.54,63,127,789647.68,115,144.59,1
57.56,75.03,1,1,49515.49,106,245.87,2
0.0,20.17,2,2,136.7,43,305.2,0
76.38,91.65,0,0,33676.61,106,191.32,2
4.22,38.67,2,1,408.38,84,187.08,0
10.0,65.06,90,157,85827.6,121,309.18,1
72.86,70.01,1,0,3536.75,85,188.1,2
8.67,38.25,0,1,2493.68,75,144.91,0
1.61,31.72,0,3,5807.98,74,267.8,0
7.51,33.69,0,3,1155.62,111,251.78,0
59.85,83.61,1,2,496409.07,67,309.52,2
8.47,29.7,1,1,1889.9,78,349.37,0
85.29,59.91,0,0,190744.35,76,257.74,2
3.71,19.48,0,2,532.93,76,262.47,0
20.83,28.97,150,146,595740.07,84,366.97,1
47.34,55.94,91,207,2335276.8,137,232.52,1
0.0,23.7,2,1,2098.14,63,334.26,0
6.28,25.66,0,1,3572.71,72,187.91,0
38.58,34.98,49,187,322255.27,107,254.77,1
2.88,43.0,0,4,2215.12,68,212.38,0
96.54,81.94,1,3,22674.88,107,192.52,2
23.23,43.54,139,210,100154.44,118,174.75,1
33.62,40.23,185,83,137123.87,138,344.49,1
3.48,35.41,3,4,91.65,105,408.84,0
38.61,45.85,129,192,97721.4,143,341.81,1
12.73,65.91,152,115,696286.55,125,264.43,1
51.19,65.85,64,228,150656.62,118,164.0,1
7.98,27.69,2,4,1100.73,58,204.04,0
14.63,43.75,0,0,2627.3,86,308.28,0
54.12,46.08,153,207,1194407.78,88,235.46,1
6.38,17.7,0,2,7.51,84,278.81,0
17.94,51.19,135,179,44627.78,130,174.05,1
6.47,26.85,1,6,1023.94,78,129.78,0
46.97,64.22,132,110,180996.05,89,135.97,1
6.05,27.23,1,2,2608.48,93,254.76,0
58.96,46.35,90,160,616800.83,114,303.87,1
8.87,31.97,1,1,213.16,79,159.82,0
11.99,18.0,0,1,1336.41,71,360.82,0
28.64,63.98,107,206,250823.68,125,346.09,1
48.51,45.13,84,101,849423.61,109,202.91,1
0.31,26.62,2,2,709.95,75,304.08,0
36.45,45.03,99,168,5000.0,123,307.53,1
76.13,77.08,0,1,340360.51,135,290.25,2
3.71,36.77,0,5,185.81,88,322.86,0
5.14,39.05,3,0,3465.88,86,279.35,0
98.51,65.77,1,1,141082.3,105,199.43,2
25.82,50.49,133,150,178629.66,120,188.23,1
26.6,50.24,143,186,349142.36,109,264.93,1
4.2,33.47,1,0,5973.05,72,281.45,0
90.95,86.97,0,0,6151.77,71,305.39,2
77.94,81.59,2,4,61550.9,93,318.22,2
5.46,42.09,0,0,2120.18,106,327.03,0
3.3,29.76,1,5,1050.31,62,103.1,0
66.0,69.25,3,0,69495.52,109,313.45,2
34.63,65.15,78,167,391203.16,103,409.57,1
8.7,48.77,0,1,1421.74,95,439.86,0
30.21,66.78,112,148,243421.46,97,274.59,1
0.0,21.74,2,2,11894.89,79,162.14,0
12.27,41.92,1,3,4844.07,70,223.71,0
47.97,45.43,92,176,219850.36,164,188.08,1
69.13,72.58,1,2,11885.26,88,284.82,2
31.18,71.33,91,207,305401.59,102,236.0,1
30.14,56.6,114,167,1005452.66,116,334.7,1
41.95,28.43,126,205,148711.97,146,152.43,1
7.45,19.75,1,3,1630.07,71,329.97,0
38.98,47.46,50,137,522856.58,85,173.54,1
23.13,82.11,90,147,332965.11,131,50.0,1
52.02,65.09,134,128,136408.51,152,341.67,1
24.85,40.48,93,160,43588.99,104,433.97,1
95.1,80.81,1,1,103983.61,92,246.67,2
5.77,30.47,0,5,580.06,53,83.15,0
9.92,39.7,2,2,1219.31,92,403.99,0
33.82,38.53,95,140,709559.82,100,211.04,1
19.98,43.09,126,120,305955.4,86,164.29,1
4.48,30.52,0,5,1556.05,60,200.88,0
4.74,33.76,0,4,556.32,75,165.39,0
13.66,26.7,1,2,4155.11,96,212.6,0
11.2,58.41,105,159,58776.53,126,243.57,1
61.97,87.27,1,3,29279.4,106,113.51,2
30.07,54.59,125,192,170652.16,102,159.05,1
25.16,77.85,187,192,5000.0,150,291.13,1
50.58,57.5,3,3,49628.88,105,264.64,2
34.63,59.72,135,85,378861.39,103,270.72,1
30.39,58.36,110,50,178214.69,117,130.24,1
14.43,37.72,2,1,905.3,72,177.83,0
40.12,38.4,177,244,112563.34,137,131.21,1
6.68,36.17,0,4,365.48,66,280.54,0
23.67,77.74,72,176,706674.81,146,312.07,1
82.5,64.76,0,2,77309.98,115,197.1,2
6.51,29.02,1,2,1788.65,79,237.7,0
11.77,19.83,0,2,1521.5,81,291.88,0
10.12,26.2,1,2,61.76,81,136.19,0
65.13,52.01,122,174,290310.1,107,186.09,1
7.82,37.13,1,4,2815.05,66,330.64,0
8.18,37.38,0,1,518.82,66,264.28,0
0.0,30.61,0,1,588.88,93,212.48,0
66.14,87.88,2,4,239887.22,115,112.56,2
21.34,53.08,114,163,550278.47,106,397.5,1
94.49,75.35,2,0,99341.96,96,210.37,2
42.18,50.13,95,63,307312.34,128,234.62,1
73.11,76.13,1,1,69180.35,105,187.5,2
28.87,60.09,155,137,459564.02,181,246.09,1
12.66,23.71,1,4,278.52,87,173.56,0
50.81,80.6,1,1,5427.34,97,227.8,2
24.58,43.89,106,92,1334067.46,117,272.43,1
9.56,32.19,1,1,3089.26,80,197.6,0
5.68,39.82,0,0,1193.06,105,148.66,0
16.75,62.08,128,221,558390.63,105,270.79,1
7.46,24.86,0,1,447.46,68,354.37,0
9.57,28.96,0,2,2008.9,88,129.9,0
35.53,45.21,124,106,227169.49,127,238.62,1
10.0,50.67,74,153,242956.07,134,499.26,1
5.57,27.0,3,2,96.14,89,258.32,0
50.63,45.15,98,225,79319.1,127,259.54,1
43.34,47.98,116,132,635537.32,108,265.41,1
35.97,61.23,125,167,347518.73,154,163.73,1
41.2,73.83,132,220,1124173.06,128,178.9,1
32.86,52.64,39,143,20991.37,92,177.12,1
6.03,33.84,1,4,8521.85,84,331.95,0
28.52,35.03,107,152,309491.28,74,323.15,1
89.31,68.87,0,1,151182.96,97,418.94,2
39.23,57.88,171,210,535757.55,105,282.16,1
0.0,32.24,1,3,205.62,40,261.17,0
41.22,46.75,81,37,768890.46,99,255.17,1
79.53,77.61,0,1,99422.25,73,292.77,2
36.0,42.22,151,98,190673.49,100,185.46,1
9.31,34.99,1,3,158.63,54,211.67,0
68.77,68.9,1,1,1648.47,103,258.06,2
7.79,25.63,1,2,2428.9,85,211.81,0
3.88,25.65,2,1,3807.02,68,204.54,0
1.86,30.78,0,2,1332.49,67,228.56,0
26.15,44.51,120,200,120835.41,149,251.73,1
78.19,66.91,0,2,112097.0,103,163.9,2
18.77,46.54,105,183,1769304.61,103,253.29,1
7.66,26.12,2,3,1955.73,66,238.15,0
71.69,31.04,129,66,1024639.63,141,448.27,1
81.68,78.29,0,1,19394.65,102,288.42,2
4.87,24.49,1,2,7351.38,64,313.69,0
66.64,62.98,1,1,72621.0,82,395.38,2
69.75,66.76,1,0,239049.76,100,151.96,2
14.99,54.4,103,80,551803.04,127,220.45,1
7.87,18.17,0,4,994.04,86,304.37,0
2.01,36.54,1,5,689.38,58,344.86,0
43.81,42.69,102,144,22725.9,131,205.47,1
39.4,49.04,72,149,28321.8,136,226.0,1
29.11,59.47,102,154,487038.95,134,216.58,1
15.1,59.22,103,57,954512.99,133,299.0,1
36.31,42.09,131,157,601859.1,133,383.3,1
0.0,12.32,1,3,2913.13,74,79.5,0
2.8,20.52,1,3,2078.93,48,230.91,0
63.57,83.63,0,0,4759.2,116,260.96,2
20.91,35.91,86,72,112021.78,91,239.16,1
11.47,28.88,1,0,956.48,95,394.25,0
2.2,28.28,0,1,436.06,75,158.05,0
76.78,72.42,1,1,43991.57,121,216.74,2
11.25,41.4,0,1,2051.38,84,279.31,0
14.65,59.63,119,233,196198.22,95,64.01,1
66.49,73.17,1,2,22688.06,87,275.49,2
47.13,52.4,97,127,285948.01,108,158.99,1
49.56,54.92,160,201,426658.63,108,207.65,1
6.55,47.14,2,1,659.62,91,137.96,0
35.44,69.33,124,225,1446184.32,100,216.12,1
41.43,30.76,168,181,692549.84,110,275.76,1
6.78,31.75,0,4,2205.58,85,439.16,0
44.9,55.64,145,190,163422.15,102,398.47,1
34.04,38.48,135,107,382811.13,100,342.22,1
7.05,32.49,0,6,2943.02,54,249.03,0
83.55,88.64,0,0,84878.26,90,171.72,2
40.5,66.48,108,190,309075.49,112,152.66,1
83.06,75.25,1,1,114015.14,107,365.28,2
15.89,35.01,1,1,2454.82,85,376.78,0
81.95,82.1,0,0,76730.09,107,231.13,2
19.87,39.1,158,169,869549.46,85,284.12,1
35.08,64.5,117,164,1142466.26,95,288.0,1
34.1,62.66,33,245,807296.27,100,249.54,1
81.52,70.96,0,4,51006.01,88,178.43,2
34.79,28.34,110,157,175376.06,127,372.16,1
28.57,79.33,66,167,683939.04,132,249.04,1
23.66,61.19,127,124,8957.28,142,281.0,1
37.97,47.55,174,244,125960.55,134,356.34,1
79.03,97.6,2,0,232844.62,102,277.54,2
85.86,79.2,0,3,47371.05,107,200.63,2
57.48,59.19,156,185,541745.09,127,335.66,1
35.73,49.2,171,171,1215179.23,108,422.53,1
28.4,38.41,98,152,293446.21,125,150.34,1
6.05,17.56,0,2,314.27,60,374.08,0
3.29,31.96,1,3,2497.13,73,333.05,0
5.85,46.56,3,2,722.93,70,244.77,0
34.4,65.34,127,258,1613457.22,134,299.23,1
3.74,39.19,0,1,3843.37,83,240.4,0
7.95,31.68,0,1,2942.51,121,243.73,0
43.52,32.81,100,181,231862.63,94,223.72,1
9.41,29.84,0,3,8503.63,78,204.49,0
62.44,44.79,107,148,1366049.01,103,159.67,1
14.87,61.25,157,131,2334007.21,71,344.52,1
2.01,44.77,0,3,620.27,57,184.58,0
45.06,67.9,122,52,1081732.86,101,289.51,1
41.2,47.2,99,173,156805.1,97,50.0,1
43.84,43.03,190,51,23529.34,91,311.88,1
55.0,67.84,123,109,346754.63,119,233.71,1
31.57,46.35,116,116,335225.75,130,147.36,1
75.68,68.24,0,1,102638.71,97,255.88,2
12.18,26.51,1,2,1944.47,54,137.18,0
32.77,47.39,76,210,414314.18,152,276.02,1
82.93,70.09,2,1,183643.21,108,292.54,2
86.81,73.92,1,0,83067.22,99,208.26,2
85.84,61.59,0,1,16462.77,126,191.32,2
45.69,66.85,144,89,130965.28,92,269.23,1
0.0,29.26,0,2,1525.33,60,143.8,0
39.49,64.38,143,142,1646483.05,124,280.76,1
43.85,82.84,129,214,884918.32,101,165.2,1
80.96,63.08,0,1,204535.58,140,221.92,2
7.56,28.57,0,3,1390.01,88,266.74,0
17.75,78.46,181,182,1444070.82,139,281.86,1
89.33,63.95,2,1,135434.58,114,295.55,2
89.99,81.28,0,1,26533.2,89,75.89,2
73.16,82.78,0,0,194937.04,93,179.65,2
100.0,86.45,2,0,23557.13,90,157.34,2
53.38,44.03,75,145,93341.01,110,264.9,1
87.0,93.96,0,2,143664.36,128,189.04,2
0.0,21.67,1,3,322.49,56,155.28,0
3.0,30.9,0,2,2277.85,67,189.38,0
2.17,21.65,0,1,4583.34,89,209.42,0
34.27,40.8,163,82,31108.99,88,185.42,1
0.65,33.78,1,0,3319.22,92,204.75,0
32.4,45.01,150,117,1159692.84,101,269.77,1
17.54,25.0,88,83,677355.91,175,326.84,1
13.62,31.5,2,2,3807.33,88,258.95,0
59.18,69.98,1,0,36681.57,106,225.13,2
1.37,36.41,1,1,2865.95,84,331.68,0
0.0,41.12,1,0,774.83,89,173.52,0
8.01,15.11,0,2,2265.88,86,114.58,0
12.36,23.06,2,1,2093.95,87,341.15,0
9.86,29.19,2,0,485.42,70,234.57,0
10.0,57.22,137,154,5000.0,171,171.51,1
14.24,39.92,2,2,576.13,69,383.56,0
16.2,17.48,2,4,1950.32,67,107.8,0
66.39,80.61,1,1,59463.33,104,318.61,2
51.3,75.39,113,110,559774.95,139,305.72,1
0.64,40.44,1,1,1165.04,76,304.03,0
14.51,34.27,2,2,1275.73,40,282.98,0
32.71,51.83,139,190,352167.91,103,304.7,1
3.88,36.58,1,2,1228.69,77,414.71,0
80.99,76.54,1,1,5036.0,81,300.14,2
40.06,50.09,128,202,478919.19,149,307.0,1
19.95,64.77,77,180,801206.57,124,195.79,1
0.0,26.45,2,1,1157.81,74,199.32,0
2.28,32.52,0,2,395.14,105,306.54,0
74.56,68.96,1,1,230005.64,107,241.24,2
25.21,65.6,140,211,472216.25,96,91.0,1
43.43,37.21,104,112,169436.55,137,177.83,1
52.38,48.41,92,147,1569324.57,89,149.57,1
29.81,52.15,135,171,606045.7,115,286.91,1
83.73,81.88,1,1,108679.51,93,315.69,2
20.62,45.79,152,193,254459.11,125,131.09,1
100.0,69.53,1,1,53492.14,113,448.26,2
70.41,56.95,161,165,683884.48,109,317.18,1
87.73,72.74,1,1,171839.32,99,199.34,2
5.76,21.94,0,1,718.22,60,269.32,0
1.66,39.64,1,1,4628.01,75,322.36,0
7.8,15.52,0,1,2858.58,67,285.63,0
5.71,38.72,2,4,1266.97,96,215.77,0
81.21,88.41,1,1,220965.8,110,252.49,2
94.1,82.64,2,3,130747.28,104,443.71,2
58.18,81.91,1,0,245480.79,103,284.31,2
62.15,85.08,3,0,261686.79,80,100.49,2
53.29,42.7,126,191,396545.77,120,282.38,1
44.19,53.15,73,127,311387.96,98,360.56,1
18.02,61.62,169,196,557796.25,101,203.31,1
5.86,49.95,2,1,300.53,84,221.55,0
70.88,58.34,1,0,4101.27,85,247.66,2
92.05,77.13,1,2,86396.65,91,267.71,2
31.78,68.96,100,101,180609.51,112,292.99,1
88.96,71.62,1,0,49949.15,94,185.87,2
64.23,76.02,1,3,313624.08,111,283.59,2
16.21,49.86,119,48,79230.24,139,307.83,1
9.48,37.93,1,2,2331.8,65,174.16,0
7.01,34.85,0,0,380.19,83,175.01,0
84.33,78.79,1,2,92661.19,82,135.83,2
78.48,72.38,1,2,171836.54,82,243.08,2
55.28,61.45,83,81,10221.75,138,332.18,1
43.11,49.92,96,211,160859.16,120,372.8,1
31.97,43.53,99,194,228924.47,101,180.71,1
6.81,10.0,0,0,1280.53,85,277.01,0
3.63,31.29,1,4,1834.35,69,212.81,0
1.5,29.42,2,2,2872.88,73,230.74,0
35.39,60.91,170,147,95413.56,119,102.17,1
0.0,10.0,0,2,1365.49,41,342.22,0
3.78,30.41,0,3,1705.21,89,417.33,0
7.29,29.84,1,0,637.56,64,224.99,0
7.33,20.33,0,3,2157.97,53,160.34,0
47.26,61.12,178,227,1043138.66,117,136.54,1
47.21,50.06,69,198,901646.65,145,321.62,1
7.07,42.43,0,1,1920.93,100,381.16,0
83.08,86.39,0,1,59498.42,103,307.06,2
19.11,55.2,86,161,121904.43,119,344.31,1
70.39,84.52,0,1,163393.13,93,362.83,2
21.19,67.11,115,80,371608.02,145,161.04,1
2.78,23.26,2,0,1033.19,75,278.55,0
74.5,76.19,2,1,102617.26,91,298.25,2
25.9,45.35,154,114,457807.25,111,151.93,1
0.02,26.0,2,1,3083.29,40,328.76,0
31.82,59.11,103,100,145663.84,156,315.07,1
4.69,13.88,1,1,934.56,66,268.39,0
4.79,33.01,1,1,343.26,83,280.62,0
37.4,35.06,150,100,1336725.87,85,234.87,1
23.57,63.25,118,87,404296.51,140,330.55,1
74.69,65.48,0,2,156598.38,96,237.24,2
1.69,15.22,2,1,451.3,69,318.82,0
75.69,89.28,0,0,19624.66,109,208.36,2
30.79,34.95,133,168,210946.0,127,253.68,1
60.05,57.34,0,3,92019.47,89,320.02,2
8.12,21.89,2,3,653.06,69,360.11,0
0.94,16.87,2,6,4594.69,86,226.44,0
44.57,62.98,152,182,43195.33,127,243.66,1
36.81,54.05,212,131,443303.06,130,242.12,1
51.96,62.59,3,0,84964.29,91,233.98,2
9.18,37.27,0,1,509.78,54,86.69,0
80.27,75.26,0,0,28627.32,84,186.1,2
9.08,26.37,1,1,2014.03,83,100.38,0
42.62,53.78,90,78,722821.94,104,270.16,1
6.88,37.41,2,1,3294.43,70,353.94,0
82.71,87.77,1,0,194807.46,89,256.37,2
8.48,37.07,0,7,7660.4,90,308.58,0
38.53,54.75,70,153,1408969.39,135,292.46,1
7.17,46.18,4,1,5433.21,67,277.0,0
90.44,74.74,3,1,91489.8,124,236.56,2
4.64,34.1,2,2,246.25,86,241.86,0
3.46,32.8,2,2,1064.73,54,227.65,0
76.45,86.33,2,1,110589.56,89,95.22,2
11.09,18.56,0,1,78.09,61,229.14,0
76.58,74.91,2,1,54291.45,109,375.21,2
4.55,47.85,1,1,5714.72,84,209.73,0
10.33,40.17,1,1,993.64,103,144.84,0
3.15,18.24,3,2,777.29,72,230.12,0
11.87,52.58,95,113,358511.22,114,353.83,1
40.0,53.64,123,112,116652.86,130,149.04,1
48.75,62.34,139,149,143105.76,135,226.44,1
76.31,83.8,2,1,20667.36,107,453.26,2
7.9,16.76,0,1,3858.66,65,333.84,0
63.13,52.07,120,75,89053.02,111,248.67,1
4.37,27.34,0,3,365.05,72,203.91,0
6.48,41.55,2,0,475.34,83,252.72,0
42.58,60.07,96,126,585572.06,142,220.43,1
32.65,49.8,159,77,775555.63,117,318.12,1
39.91,67.99,55,199,639124.93,129,285.43,1
2.7,32.18,2,3,314.27,99,286.53,0
37.84,48.71,168,122,719778.31,104,345.14,1
3.26,30.1,2,0,62.5,89,352.45,0
90.93,57.05,0,2,13246.84,109,293.86,2
46.03,37.39,65,190,93738.77,108,379.53,1
28.02,79.62,133,107,1664505.15,104,352.47,1
82.14,92.95,2,3,26452.1,110,174.55,2
1.71,20.12,1,3,2514.03,69,294.61,0
4.95,18.94,3,0,880.77,71,222.45,0
7.22,28.24,2,2,3912.5,69,247.46,0
25.52,42.13,136,216,1261773.32,113,244.18,1
4.65,21.67,3,5,869.51,82,397.91,0
46.1,59.25,157,153,650586.31,118,114.75,1
50.63,59.04,94,214,843749.94,144,132.36,1
20.95,37.97,182,168,140078.12,121,288.62,1
68.02,56.98,0,1,53719.24,100,191.24,2
7.36,33.33,0,2,796.83,81,152.14,0
3.86,21.4,1,0,2081.99,79,268.6,0
2.68,28.42,0,2,1370.11,73,126.85,0
7.69,36.07,0,1,4657.85,106,401.51,0
46.97,57.42,125,94,40693.82,131,358.74,1
20.35,71.1,71,153,154776.5,87,248.9,1
24.53,53.46,88,86,145310.72,154,347.15,1
82.57,81.93,2,1,76205.4,113,339.08,2
1.91,35.73,1,7,5213.41,91,266.7,0
91.97,63.69,1,0,426177.54,99,432.1,2
35.08,61.6,122,79,329951.2,124,261.23,1
12.73,26.39,2,1,4802.9,66,332.14,0
6.36,32.71,0,3,4403.29,101,242.46,0
0.31,25.77,1,4,1273.29,71,121.64,0
20.7,81.38,236,127,528616.09,104,263.76,1
41.57,73.29,89,170,930683.1,137,283.85,1
10.0,49.36,129,89,96986.49,114,115.43,1
6.98,22.13,0,1,1149.11,85,293.78,0
28.05,58.76,115,134,79226.48,119,221.1,1
87.52,91.73,1,0,71139.6,104,232.75,2
42.97,45.89,55,242,83923.24,146,197.67,1
9.11,19.02,0,4,869.21,71,395.08,0
66.55,59.68,134,173,257128.17,109,285.68,1
8.16,27.43,0,3,3173.92,73,157.55,0
21.79,29.56,190,193,262189.75,160,154.61,1
5.72,34.91,1,2,3394.62,54,253.0,0
97.49,79.65,1,0,53433.38,118,198.65,2
85.6,78.82,0,1,32525.65,100,297.86,2
100.0,60.08,0,1,70027.09,98,352.08,2
35.73,61.51,44,163,583638.08,87,298.57,1
16.07,33.18,0,1,3016.3,87,297.22,0
0.0,43.4,1,3,4611.09,67,131.43,0
51.88,58.39,130,140,749675.02,111,295.41,1
8.93,31.38,1,1,1575.64,79,379.1,0
6.41,15.53,2,1,2917.26,76,237.66,0
50.79,58.54,110,143,677514.55,106,196.77,1
3.68,31.89,1,3,4234.44,93,212.88,0
4.51,21.32,0,1,5167.73,86,259.25,0
2.15,29.25,4,3,150.04,69,175.47,0
5.26,25.92,1,1,2931.73,76,417.55,0
10.0,39.17,48,262,19652.57,118,254.37,1
0.0,24.12,0,1,343.81,93,94.11,0
53.43,75.14,0,1,149766.98,112,299.84,2
15.21,61.86,158,60,402648.64,149,184.71,1
1.51,40.48,2,0,619.8,81,244.45,0
37.76,42.36,142,136,552455.31,95,50.0,1
10.56,30.62,1,0,591.46,101,283.49,0
32.61,37.76,114,237,133925.67,114,153.62,1
10.0,34.85,135,217,113407.38,127,257.26,1
48.08,51.99,158,101,272781.62,117,270.17,1
5.05,28.67,1,1,272.19,84,266.68,0
92.82,76.79,1,0,51620.48,97,198.48,2
3.77,23.83,0,4,993.47,103,350.92,0
42.4,68.04,83,132,24950.31,129,294.34,1
7.33,20.72,0,1,3286.48,64,149.21,0
87.71,82.51,0,0,3403.01,96,292.14,2
4.43,30.51,1,3,1862.08,71,327.1,0
7.76,31.97,1,2,1995.73,60,298.67,0
15.57,16.71,0,2,5818.91,78,342.04,0
6.05,50.58,0,3,4797.08,86,216.62,0
64.6,40.09,75,92,1147409.57,129,345.9,1
15.2,17.34,1,4,143.22,94,275.98,0
14.08,43.5,1,0,1618.75,96,263.3,0
37.94,60.61,86,195,22470.74,121,227.96,1
34.69,50.4,113,241,108294.34,121,209.36,1
3.02,37.91,1,1,240.46,64,160.84,0
36.15,65.29,150,246,117302.88,99,188.32,1
10.26,25.54,2,1,1226.33,66,330.45,0
66.37,81.39,2,0,106845.56,98,296.14,2
21.19,49.75,120,149,7718.57,133,148.19,1
50.0,77.26,3,1,77081.53,121,264.24,2
38.32,57.72,40,127,438460.1,99,412.72,1
1.82,35.0,0,1,26.52,74,217.87,0
8.62,38.05,1,4,689.9,47,283.49,0
90.99,73.29,2,2,90490.17,112,120.3,2
5.14,38.52,1,4,932.6,64,312.35,0
63.42,40.18,106,98,288311.36,139,339.61,1
10.66,58.56,158,121,137847.95,114,115.13,1
3.23,27.8,1,2,1543.95,84,211.04,0
75.09,86.47,1,2,1881.92,82,332.86,2
36.66,59.05,33,103,674805.28,136,221.04,1
64.99,85.75,3,2,27554.74,103,210.5,2
50.0,69.95,0,0,27124.05,79,289.68,2
10.46,41.2,1,0,560.56,71,172.91,0
33.74,57.12,200,146,7845.51,105,398.35,1
6.24,32.39,1,1,1.07,88,222.83,0
45.73,51.34,126,195,218316.66,112,366.54,1
27.46,53.82,179,175,822491.59,134,388.4,1
8.53,41.92,2,0,300.12,90,284.69,0
53.91,52.15,115,195,131624.72,120,280.96,1
7.53,32.71,0,1,27.58,108,296.39,0
32.48,48.37,110,141,648260.11,125,248.62,1
34.0,57.89,113,158,108635.54,111,297.27,1
83.47,83.87,0,1,161830.25,109,341.62,2
43.23,32.94,83,194,273256.87,114,300.06,1
96.85,76.26,1,3,135604.58,96,327.28,2
40.01,35.18,131,71,562550.63,111,226.48,1
24.23,62.34,203,90,51783.11,121,116.47,1
42.21,56.67,77,106,355407.42,115,289.0,1
43.53,75.81,161,204,354317.72,135,178.26,1
0.96,40.31,0,3,1461.86,81,259.94,0
10.89,19.15,2,4,1618.62,80,356.23,0
9.86,35.15,1,5,4652.32,65,50.0,0
4.46,34.81,1,2,1778.15,81,254.95,0
1.88,15.5,1,1,1596.26,74,185.1,0
61.96,75.15,3,2,131546.57,63,261.85,2
0.0,41.84,1,1,165.73,79,223.4,0
8.22,29.9,3,1,979.87,75,333.16,0
10.51,31.21,1,3,1442.41,71,349.19,0
8.65,50.75,2,2,1713.13,94,294.27,0
5.09,32.49,2,2,630.62,84,270.65,0
8.07,50.52,1,3,368.81,78,57.1,0
7.26,33.05,2,2,530.39,84,232.79,0
33.8,44.75,140,138,369304.78,123,220.86,1
44.25,57.88,146,138,1117206.71,143,157.49,1
36.19,59.1,109,192,389571.8,131,242.0,1
44.91,71.7,64,165,1017126.29,123,301.69,1
9.51,45.27,0,2,2223.9,82,170.27,0
3.25,26.78,0,2,478.47,78,350.49,0
9.71,36.38,0,2,2057.24,95,212.71,0
26.85,49.13,138,75,121713.66,113,214.17,1
22.81,50.87,150,72,521987.45,109,196.1,1
32.82,70.52,94,175,609194.05,87,321.63,1
48.84,55.72,118,139,54195.19,108,266.79,1
57.96,49.82,41,168,265757.83,95,124.07,1
4.66,32.6,0,3,156.7,97,281.02,0
7.26,36.99,0,0,26.18,104,306.91,0
72.78,68.73,40,134,504046.63,116,205.1,1
9.87,26.43,0,1,2902.74,61,298.92,0
10.98,30.04,1,3,54.64,83,352.32,0
84.02,84.44,0,0,116277.58,116,209.6,2
82.52,95.85,1,1,175283.0,114,275.56,2
9.25,32.64,3,0,1094.93,87,221.16,0
45.54,73.48,228,143,10007.89,112,261.14,1
24.66,32.57,151,211,665246.14,131,217.88,1
81.6,78.65,1,1,32417.85,88,233.34,2
43.08,55.73,89,105,259150.04,141,183.34,1
25.62,51.4,175,131,1173088.51,123,206.87,1
8.46,29.53,0,1,967.85,60,191.92,0
36.81,47.99,143,57,257019.37,128,301.08,1
23.67,41.77,59,172,84169.82,170,431.09,1
84.95,78.78,0,0,428652.9,109,277.3,2
10.0,61.67,41,160,184361.26,122,196.43,1
32.64,49.24,169,148,29267.47,131,93.21,1
14.18,37.59,78,243,216094.94,70,269.42,1
11.68,31.19,1,3,1982.95,105,387.12,0
27.55,45.16,102,169,1202102.15,89,327.69,1
52.11,61.64,121,202,158488.07,90,241.48,1
8.56,25.78,0,2,1591.83,69,198.39,0
100.0,67.52,0,1,64277.35,96,272.76,2
65.4,54.08,130,152,1166676.54,101,220.82,1
5.82,26.53,1,2,919.17,109,370.98,0
72.72,79.52,0,0,74220.47,118,299.19,2
44.57,53.7,117,113,84403.2,137,70.6,1
6.65,20.3,0,5,1795.0,68,222.18,0
82.7,85.48,1,3,270966.37,91,397.55,2
41.21,56.03,163,93,590812.61,107,286.04,1
10.79,29.28,1,2,2689.0,97,268.18,0
31.26,68.25,62,73,292936.92,135,170.64,1
3.91,32.29,1,1,1663.22,84,100.32,0
4.08,24.33,0,3,1378.51,54,293.89,0
45.44,51.95,98,194,115225.41,121,316.9,1
57.66,60.99,78,90,47000.4,101,199.37,1
7.03,11.27,0,0,851.63,58,260.23,0
56.49,59.73,192,155,227597.19,132,284.66,1
97.96,90.06,1,1,87825.49,106,199.85,2
0.75,37.76,0,4,3443.07,57,233.39,0
33.5,73.44,76,159,127676.2,137,269.18,1
6.92,25.84,1,2,6.27,60,284.39,0
5.34,39.43,3,4,832.71,81,211.47,0
52.92,49.75,138,131,55459.41,109,367.92,1
22.56,48.94,136,158,193777.69,116,301.99,1
46.19,60.82,58,165,56757.67,129,203.83,1
10.34,53.69,132,112,494413.57,131,282.31,1
58.14,54.81,191,218,1042736.89,134,321.64,1
31.09,52.85,103,51,769832.86,116,370.07,1
10.0,55.85,149,143,46587.33,116,454.17,1
7.94,30.08,1,0,2527.53,86,286.25,0
29.33,63.55,30,220,297322.6,99,235.12,1
8.36,24.65,2,3,2385.91,57,277.52,0
7.68,19.03,1,1,2272.26,87,215.61,0
20.33,68.61,157,140,880767.94,113,240.06,1
2.45,32.55,2,0,149.9,72,176.4,0
11.34,28.9,0,4,2578.05,69,441.52,0
37.71,56.8,84,177,444124.66,122,305.86,1
74.89,72.09,1,1,226878.56,98,416.07,2
6.66,35.37,1,0,1672.84,75,149.95,0
9.22,21.73,1,1,1017.6,58,355.21,0
0.53,23.17,1,5,585.25,79,259.71,0
24.44,65.91,245,129,68701.56,128,174.73,1
73.54,83.5,1,1,10010.5,88,389.49,2
3.67,29.94,4,3,1165.36,60,245.46,0
5.8,27.21,0,1,6533.31,66,273.27,0
76.27,81.8,1,2,95874.27,99,280.61,2
86.0,78.38,2,3,210051.34,76,245.38,2
35.01,27.91,170,153,4113105.97,125,383.89,1
35.96,45.44,153,220,170898.02,117,231.64,1
5.3,37.94,0,0,863.13,78,332.79,0
9.6,34.98,3,1,2368.28,98,244.85,0
5.28,36.79,3,1,5563.12,94,222.27,0
85.21,74.28,0,2,53718.07,115,235.98,2
9.38,35.89,2,1,2145.86,81,286.27,0
81.98,77.21,0,1,22479.47,64,171.66,2
77.02,74.41,1,0,30708.8,99,176.97,2
36.53,48.45,45,202,58026.47,109,225.06,1
0.0,28.94,2,2,2140.61,71,416.28,0
90.1,76.04,0,1,51861.16,95,414.73,2
6.05,29.93,0,2,399.09,86,279.54,0
66.1,57.21,1,1,74678.57,94,254.63,2
6.31,41.61,1,1,1228.73,100,282.19,0
40.02,65.14,127,124,411676.09,108,220.86,1
57.19,55.88,140,192,204705.24,96,198.08,1
12.24,50.23,0,1,236.28,102,201.95,0
3.39,26.95,0,1,53.48,76,341.14,0
1.99,32.04,1,2,7013.49,84,300.26,0
15.56,30.27,1,4,1294.1,88,271.12,0
47.94,66.68,137,166,313264.84,153,289.42,1
88.28,71.12,0,2,123612.3,92,365.07,2
8.02,15.81,0,0,477.99,84,314.73,0
85.21,56.15,2,0,60302.44,94,158.64,2
5.41,45.64,2,2,1089.26,76,171.95,0
5.32,28.19,2,0,195.62,103,141.97,0
79.48,72.01,1,0,11419.9,101,252.2,2
4.35,55.0,0,3,1003.63,88,165.14,0
36.36,58.0,150,108,131517.02,115,156.7,1
69.99,66.12,0,2,297741.77,101,188.32,2
17.72,67.14,30,89,412397.01,144,282.41,1
35.49,46.19,135,162,354360.25,102,298.26,1
11.13,36.54,1,5,159.59,47,266.76,0
5.95,34.97,1,2,5988.05,109,367.38,0
47.13,60.65,100,222,94349.56,102,293.27,1
26.7,67.74,89,139,1619190.56,153,218.27,1
7.76,21.91,0,1,3100.36,96,283.03,0
2.09,31.6,1,3,883.78,47,340.43,0
9.99,34.35,1,3,138.75,80,199.24,0
71.75,73.41,1,0,60148.93,107,236.55,2
7.02,27.28,1,2,4460.78,79,279.21,0
41.56,75.82,132,188,5000.0,89,424.24,1
76.61,73.99,2,3,64975.16,92,192.85,2
0.98,23.54,0,1,1044.39,53,250.83,0
6.2,32.55,0,0,995.09,96,129.45,0
18.34,31.74,145,182,289183.78,99,262.42,1
4.75,29.76,2,0,4819.0,59,128.69,0
52.4,58.14,112,164,829318.16,131,396.94,1
46.63,56.0,64,178,1186213.09,86,300.14,1
70.19,70.47,1,1,44371.36,87,184.8,2
54.46,40.1,138,165,304879.79,90,175.66,1
5.09,27.37,0,5,3460.85,79,311.62,0
26.26,57.01,112,169,245267.87,90,137.41,1
11.93,37.75,1,4,4153.95,91,177.14,0
76.39,88.47,1,1,80226.76,106,171.91,2
69.59,95.88,0,0,1754.4,122,158.8,2
38.83,43.22,163,113,228854.81,155,279.32,1
83.2,70.11,0,0,2622.03,90,144.36,2
5.44,45.96,0,2,6427.9,65,272.19,0
7.13,24.83,1,3,766.33,71,236.59,0
6.62,36.7,0,1,2962.5,77,297.1,0
78.84,91.45,1,1,27241.71,84,224.88,2
50.1,68.68,161,104,584251.3,127,126.6,1
9.32,31.96,2,3,171.79,42,275.16,0
84.76,81.2,1,2,48004.58,98,160.39,2
44.98,49.1,156,114,404262.26,122,264.64,1
6.95,41.76,1,0,129.92,60,303.82,0
35.14,42.33,85,189,45588.69,108,312.7,1
21.26,54.38,178,178,89899.22,161,209.92,1
7.36,29.18,0,0,370.97,72,248.41,0
4.7,35.38,1,3,1960.26,72,235.94,0
26.4,63.6,50,124,228978.02,153,279.95,1
6.81,36.56,1,4,230.82,69,207.98,0
54.24,69.66,0,2,107230.03,101,193.78,2
27.33,54.07,107,150,1230594.67,148,229.46,1
12.43,49.09,147,147,419278.75,111,301.71,1
68.25,72.88,0,1,167661.54,93,307.92,2
72.02,88.25,0,1,13331.7,90,119.11,2
24.51,48.36,109,233,1442980.49,134,400.49,1
87.11,56.85,0,1,46155.43,97,403.75,2
69.13,67.34,2,1,81394.45,115,289.51,2
6.06,39.69,0,2,1863.18,76,426.2,0
9.16,30.12,1,3,88.22,83,224.44,0
71.4,81.71,1,2,31715.87,107,261.21,2
8.5,26.83,0,1,4488.63,105,278.33,0
10.0,34.55,149,151,21826.51,142,158.53,1
3.02,26.04,2,4,1695.25,61,227.76,0
66.03,92.19,2,0,134045.65,117,265.85,2
43.54,49.63,116,254,512732.46,101,268.65,1
85.96,72.82,2,0,5185.04,90,230.98,2
87.22,66.99,2,0,282750.39,86,289.68,2
82.0,76.34,0,1,79877.67,105,114.79,2
5.16,25.33,1,2,3733.23,75,331.85,0
33.34,52.18,86,96,327741.5,152,315.7,1
1.67,45.85,2,1,7434.42,97,256.81,0
0.0,12.76,2,1,1158.25,58,326.64,0
49.38,51.46,120,180,114594.86,115,277.66,1
13.16,36.37,2,1,98.57,72,309.7,0
48.27,60.64,127,52,382565.86,83,315.79,1
47.26,57.0,114,20,537608.59,157,286.91,1
89.84,78.22,1,3,178544.8,108,170.46,2
76.78,76.17,1,0,36711.02,140,241.6,2
10.76,15.24,1,1,681.06,79,237.51,0
87.18,86.21,0,0,17234.24,112,303.45,2
41.09,72.72,118,177,165892.62,107,232.62,1
10.0,51.71,137,108,380644.22,113,291.32,1
2.45,21.97,0,2,251.93,57,272.06,0
4.11,21.4,1,3,3108.63,77,222.66,0
2.71,21.42,0,5,5169.96,48,423.1,0
7.48,42.07,1,1,155.63,72,291.94,0
33.15,46.54,100,157,268528.07,141,305.92,1
41.76,57.2,84,112,718841.55,111,267.45,1
4.14,20.53,1,5,911.81,58,236.25,0
9.28,30.27,1,1,20.69,99,305.6,0
43.84,51.77,148,20,68441.88,157,312.26,1
42.81,46.24,99,137,125215.18,120,162.26,1
11.65,27.55,1,2,461.94,95,308.53,0
6.97,15.22,2,6,5578.49,86,233.33,0
35.7,30.88,143,215,283013.69,154,154.99,1
7.43,37.19,2,2,5349.39,97,239.12,0
9.93,19.09,0,2,763.02,98,206.43,0
87.43,58.72,0,0,229795.88,115,214.7,2
19.6,70.11,116,79,58312.59,111,121.67,1
49.52,42.71,120,238,5000000.0,111,309.91,1
74.72,78.21,0,0,50139.18,89,196.31,2
7.13,20.5,1,3,1534.55,57,253.8,0
81.75,71.93,2,0,6574.16,116,269.03,2
17.68,58.34,153,72,453967.38,144,255.97,1
63.94,68.65,1,1,1540.19,74,412.85,2
35.72,48.15,100,136,399334.21,139,166.32,1
92.53,77.04,0,3,12471.61,96,264.66,2
12.39,60.11,143,165,131045.2,146,256.87,1
90.3,76.78,2,0,155928.8,109,361.75,2
39.12,59.97,119,220,868278.31,141,197.29,1
0.0,28.49,1,3,104.35,71,305.31,0
25.78,50.38,134,181,1219020.3,150,278.61,1
44.99,54.55,191,184,346608.93,150,170.98,1
2.11,39.91,1,3,1532.33,79,513.26,0
78.25,55.0,0,2,34964.07,90,189.47,2
62.42,74.73,102,106,260259.22,73,390.29,1
68.72,77.89,0,2,70597.99,99,253.38,2
1.53,37.89,1,0,9472.83,71,326.46,0
2.71,19.24,0,2,709.32,106,321.23,0
82.03,68.06,0,0,700979.6,113,318.72,2
73.66,87.04,3,0,75091.71,95,241.65,2
86.85,74.07,5,0,243903.44,107,275.29,2
73.26,93.06,1,1,73395.15,116,380.33,2
65.34,93.54,2,1,89179.1,90,313.51,2
31.47,62.04,202,141,762437.86,119,300.66,1
34.58,54.78,97,151,411346.8,117,313.66,1
5.62,23.21,0,4,1315.83,84,297.75,0
8.5,33.29,3,1,433.2,65,348.89,0
42.08,56.06,126,208,352189.79,115,342.21,1
4.12,36.94,1,0,171.93,91,200.22,0
17.96,62.39,149,140,188066.47,121,182.15,1
7.56,13.34,0,0,7363.09,89,167.79,0
45.47,50.78,87,175,147513.44,108,313.35,1
33.87,44.64,184,245,257926.81,114,329.54,1
50.02,70.52,135,179,323500.1,116,247.4,1
18.45,64.7,238,186,619932.77,124,323.16,1
74.48,94.37,1,0,234827.66,102,325.71,2
61.92,56.89,100,94,1030003.75,154,123.73,1
53.51,52.09,138,206,41253.83,132,270.67,1
4.29,25.53,1,4,6141.85,78,252.11,0
18.53,58.97,101,135,888040.95,163,281.38,1
53.45,57.97,131,56,71377.01,138,236.4,1
32.28,62.74,97,97,139159.28,105,337.82,1
43.27,50.77,136,193,247239.44,103,350.23,1
17.11,57.37,96,112,854153.85,147,191.89,1
46.16,43.11,112,194,2438351.55,113,231.92,1
9.08,40.45,0,2,197.57,75,236.77,0
85.77,73.11,1,1,289268.97,102,202.54,2
18.04,68.96,60,170,449063.73,116,247.07,1
1.79,27.22,4,2,67.29,62,209.9,0
39.6,57.25,30,154,5000.0,138,295.65,1
7.58,21.96,0,0,4304.09,77,319.36,0
7.09,34.05,0,2,230.56,83,168.01,0
62.99,78.48,3,2,71234.09,99,174.24,2
49.41,32.44,110,235,67041.17,127,307.11,1
28.67,25.0,64,45,238156.18,148,159.97,1
22.92,53.6,116,108,30925.55,169,166.61,1
0.48,36.21,2,1,8468.36,63,231.02,0
3.78,38.48,1,5,460.32,78,293.29,0
42.41,48.25,155,204,983094.25,132,275.83,1
29.11,67.28,139,138,23616.9,80,286.49,1
56.9,45.77,206,158,395115.6,113,167.1,1
13.99,31.37,1,3,325.96,66,274.73,0
33.21,36.77,147,90,877663.71,132,263.9,1
36.57,64.97,117,95,934933.13,138,269.38,1
9.76,25.56,2,4,129.18,60,268.72,0
43.44,45.07,106,223,439500.64,112,135.26,1
42.74,58.29,145,33,263674.11,91,375.85,1
67.37,65.35,0,0,157481.94,113,155.21,2
93.94,80.87,2,0,43597.12,119,246.38,2
4.02,28.45,1,2,6232.48,68,209.69,0
1.44,18.98,1,1,2420.88,108,285.28,0
4.03,30.04,0,2,1634.87,63,209.65,0
4.73,24.65,2,0,2436.19,51,289.82,0
4.54,13.52,0,4,1820.3,75,270.24,0
47.8,65.28,92,202,243721.59,116,238.66,1
31.41,70.1,122,177,5000.0,110,250.24,1
6.03,32.91,0,2,3443.93,88,354.57,0
36.05,57.4,65,160,5271.05,151,84.73,1
33.22,49.85,123,179,79052.11,84,203.38,1
0.0,20.88,1,3,911.0,86,327.78,0
13.38,51.27,76,85,40468.11,133,253.0,1
3.18,19.87,1,1,2516.54,95,230.1,0
57.55,66.0,150,133,301461.91,94,132.5,1
26.93,48.69,113,166,638801.21,141,226.15,1
1.56,24.97,0,2,3840.73,73,186.12,0
12.71,18.33,1,2,1569.09,73,405.75,0
50.8,86.72,91,118,204505.5,159,210.17,1
7.67,24.67,3,2,615.91,61,178.37,0
35.3,57.92,160,182,195144.46,108,224.13,1
30.96,60.76,176,143,595367.84,91,302.97,1
11.85,36.79,130,145,614368.62,118,109.24,1
7.25,43.84,1,1,1703.78,67,362.64,0
6.39,28.87,0,4,8366.46,87,356.45,0
64.9,57.28,101,190,9977.54,106,239.49,1
10.3,25.03,1,2,2173.04,73,374.6,0
41.84,43.2,191,204,202210.31,97,276.49,1
10.0,40.87,170,162,114814.21,112,320.38,1
6.23,11.81,1,1,451.66,82,282.65,0
15.42,61.83,168,137,414508.37,97,115.92,1
4.3,25.26,0,3,2444.56,78,199.46,0
80.34,84.59,1,1,174287.59,82,239.16,2
32.85,46.75,125,133,272509.71,100,369.59,1
70.14,73.17,1,1,87514.94,128,305.46,2
49.26,50.06,30,224,399675.52,140,239.24,1
56.6,44.88,125,133,6965.79,108,364.42,1
3.38,33.41,0,1,623.06,83,397.77,0
59.76,53.05,105,137,422105.26,125,222.9,1
31.46,55.39,155,170,402453.24,112,266.45,1
47.65,79.52,49,128,717546.7,116,221.5,1
69.38,71.64,2,0,67292.48,92,172.94,2
41.92,35.21,151,175,80802.94,115,273.11,1
5.8,39.52,2,2,205.97,90,250.82,0
63.47,68.87,1,0,227279.04,101,180.03,2
10.65,35.91,1,2,0.79,86,274.3,0
10.0,49.86,81,156,171825.02,142,434.62,1
21.92,51.96,154,178,109159.39,88,50.0,1
0.0,36.26,0,2,531.82,62,293.55,0
67.73,80.09,1,0,30077.45,100,241.93,2
13.7,67.61,92,133,5000.0,131,133.74,1
10.36,30.94,3,2,4411.36,73,312.71,0
34.21,71.71,80,224,144860.96,127,267.78,1
6.56,34.45,1,0,5348.1,86,278.9,0
32.61,52.01,157,121,365389.37,119,184.51,1
11.83,29.94,4,1,3865.38,58,148.25,0
7.46,36.95,1,4,2795.22,74,341.06,0
6.99,15.18,1,1,1773.6,81,137.81,0
5.6,27.43,0,3,1614.63,69,136.93,0
27.03,51.48,68,121,5848.87,135,308.67,1
6.32,24.0,1,2,1661.97,54,292.25,0
100.0,66.58,0,3,159847.26,104,236.89,2
32.07,28.99,107,221,2209875.93,98,212.58,1
98.74,74.78,1,2,103189.33,67,327.46,2
29.58,53.5,142,94,576198.06,95,176.81,1
46.13,49.74,128,214,568108.86,140,167.29,1
77.35,62.69,1,0,310638.3,92,217.63,2
52.42,72.14,104,183,40845.72,118,215.54,1
66.14,67.29,2,2,2553.71,91,173.61,2
98.1,73.05,1,0,149364.76,106,407.32,2
55.38,63.9,173,244,203108.96,105,217.5,1
6.11,41.66,1,2,10243.53,84,264.56,0
21.77,73.39,102,106,70902.7,130,362.96,1
3.83,11.23,0,0,1650.4,69,218.37,0
51.98,59.59,136,87,1179585.87,116,256.58,1
34.97,63.38,119,210,531653.24,110,251.63,1
2.18,29.98,2,3,4518.73,81,104.97,0
34.56,45.2,141,150,662596.59,120,239.28,1
6.66,26.73,0,1,2218.76,98,279.76,0
10.59,27.68,2,2,4696.26,64,326.87,0
67.4,77.88,1,1,277455.57,91,380.13,2
27.12,56.15,89,138,1096228.85,129,125.1,1
35.68,54.17,113,178,193078.65,102,386.5,1
5.35,31.81,0,1,248.62,84,113.08,0
65.15,51.81,113,172,221231.28,119,313.99,1
11.84,38.41,125,159,851938.46,114,222.09,1
11.53,19.06,1,3,208.74,66,246.32,0
38.56,78.34,95,48,52037.93,95,287.61,1
21.75,57.37,62,227,234707.11,147,448.6,1
67.94,71.47,1,0,75254.48,104,297.83,2
36.3,47.24,98,147,227930.08,120,141.94,1
100.0,68.92,1,0,77727.96,104,175.52,2
45.41,44.08,170,215,1005944.16,121,263.57,1
82.4,67.21,3,1,49655.2,105,315.4,2
8.04,35.86,0,6,878.83,100,150.32,0
4.84,34.55,2,3,1039.38,85,170.92,0
43.81,41.89,149,168,115403.23,93,191.57,1
98.59,87.88,2,0,254063.86,100,265.81,2
44.21,61.36,86,132,13112.08,134,456.26,1
38.88,43.55,166,51,506920.95,143,404.97,1
40.79,62.01,118,149,39021.25,87,250.23,1
42.59,53.48,84,181,1214548.95,124,278.19,1
63.83,77.04,1,1,54679.54,104,302.09,2
3.56,45.75,2,0,210.92,76,210.12,0
67.63,85.8,0,0,408661.35,97,174.43,2
77.12,60.51,0,3,30475.54,75,316.72,2
33.25,25.0,186,109,167757.46,122,406.46,1
21.78,75.55,132,80,206343.78,164,220.75,1
33.24,56.61,171,233,177737.18,87,263.0,1
50.0,69.11,2,2,7979.93,92,298.6,2
88.6,73.9,0,1,136555.95,102,329.56,2
78.21,80.05,0,0,67150.6,78,192.87,2
71.06,82.53,1,2,182401.81,102,290.08,2
56.57,25.63,78,129,937714.79,118,283.56,1
7.58,48.16,3,2,1626.76,66,214.88,0
8.15,55.0,1,5,3290.83,64,248.78,0
67.08,75.38,2,0,69536.41,110,111.56,2
88.27,90.47,0,2,30228.58,106,94.43,2
30.6,56.02,114,97,138535.88,148,284.85,1
12.33,32.87,118,145,93540.64,138,161.08,1
10.29,42.32,1,1,3294.48,71,261.72,0
0.19,37.35,1,0,406.43,69,317.72,0
9.44,37.72,1,2,45.15,102,235.23,0
46.95,79.16,188,251,379417.95,146,277.24,1
0.0,27.66,2,3,105.61,102,146.2,0
4.52,11.46,1,2,1918.1,80,109.51,0
52.8,52.47,38,143,701230.16,118,181.53,1
5.72,35.15,2,4,1034.25,61,268.43,0
20.57,63.77,115,42,867799.41,149,199.65,1
66.48,83.31,1,2,210961.58,85,118.88,2
77.35,69.42,2,1,73004.42,90,166.34,2
0.13,23.98,0,4,2958.45,84,312.62,0
26.83,39.86,126,118,2112478.4,118,448.01,1
44.16,44.34,121,135,47055.93,100,239.36,1
48.26,58.13,30,171,5579.82,122,205.35,1
78.78,75.42,2,0,24822.76,96,89.45,2
89.01,83.75,0,1,132518.63,114,424.82,2
4.94,40.16,1,3,4052.2,52,259.18,0
0.44,35.82,1,3,259.68,96,323.32,0
4.93,38.95,0,3,2228.41,73,372.41,0
47.7,55.83,121,137,316014.0,108,256.55,1
30.05,59.18,111,154,160421.53,102,314.73,1
81.38,81.89,0,1,8529.93,100,231.63,2
9.49,22.83,2,4,2566.92,85,233.22,0
69.02,60.22,0,0,34939.38,101,399.5,2
6.39,31.56,1,1,208.53,107,225.34,0
100.0,85.0,1,1,127475.98,84,248.86,2
35.4,49.62,113,140,255799.43,133,300.89,1
10.0,69.28,115,187,758922.53,122,270.88,1
5.51,29.67,1,2,2260.44,87,280.54,0
76.45,71.77,0,1,19824.51,123,159.68,2
35.79,58.55,85,137,363899.51,148,277.78,1
18.7,46.93,95,124,637803.34,131,275.24,1
90.38,72.52,1,0,95315.09,101,345.07,2
0.0,13.69,2,3,2110.36,91,211.99,0
0.0,20.96,0,4,191.72,80,268.51,0
10.53,40.74,0,0,10819.3,63,168.82,0
74.35,79.17,1,2,7756.79,79,250.11,2
62.61,55.0,2,1,169441.13,93,146.57,2
57.92,33.31,130,197,263415.08,123,302.32,1
26.51,70.13,105,142,68996.63,102,263.6,1
23.46,60.1,103,162,639444.14,100,241.58,1
11.55,42.95,0,0,5885.84,61,336.09,0
0.0,35.03,1,3,1295.5,78,374.18,0
6.38,21.16,2,1,1598.25,84,201.65,0
5.25,36.79,0,0,370.6,69,457.87,0
41.55,25.0,159,145,44442.94,112,275.49,1
7.44,30.86,1,1,1135.35,103,244.68,0
9.92,31.65,1,2,3675.43,67,261.59,0
4.0,18.71,1,3,690.09,57,177.63,0
44.97,61.62,188,186,124980.99,147,262.3,1
57.95,66.45,38,149,513773.02,139,252.02,1
1.13,26.1,1,1,2598.77,95,342.75,0
39.29,39.29,60,195,484559.96,123,235.35,1
31.2,44.58,110,209,3204128.08,147,359.75,1
30.13,43.43,170,201,13833.54,92,353.44,1
26.16,58.65,131,194,8874.34,77,397.2,1
92.25,82.23,0,0,120661.4,113,194.23,2
10.26,29.07,1,2,307.24,78,119.02,0
4.11,43.54,1,3,2867.54,93,96.37,0
31.26,52.42,131,171,135404.75,112,361.25,1
61.53,78.91,0,4,5153.99,95,279.81,2
1.77,25.23,2,1,173.89,81,252.47,0
17.83,45.32,133,283,162151.92,135,162.08,1
76.67,70.37,0,0,63182.43,89,201.46,2
80.61,66.44,4,2,143204.62,98,194.97,2
84.86,75.43,0,2,44903.81,93,207.75,2
36.52,50.73,54,151,259641.71,107,234.81,1
23.25,49.97,63,126,1760896.89,111,123.74,1
39.7,48.63,201,111,1763103.22,109,151.23,1
37.98,48.54,65,196,496175.54,113,216.31,1
52.27,65.3,125,168,1442516.31,127,336.5,1
0.0,31.63,1,1,1419.94,82,220.17,0
43.44,70.71,159,104,652637.13,131,190.08,1
72.75,98.0,0,1,177500.99,91,370.78,2
11.31,33.69,0,2,732.58,76,220.75,0
59.97,61.02,106,91,1276331.3,113,246.22,1
59.49,71.17,3,0,37268.46,129,292.04,2
81.19,75.43,1,1,4746.73,95,329.76,2
24.87,66.22,86,79,60556.16,103,311.54,1
68.9,95.44,1,3,67503.68,111,144.06,2
3.91,37.01,0,1,3543.86,81,347.61,0
13.8,28.47,3,3,12883.01,64,326.02,0
3.14,25.52,6,4,3993.13,106,391.95,0
4.38,22.83,3,2,515.42,86,322.59,0
31.53,78.39,138,151,543897.96,94,335.29,1
2.95,29.65,0,2,6529.04,90,206.87,0
6.48,27.88,1,1,4350.0,79,226.24,0
77.4,79.37,0,2,168047.32,99,268.39,2
86.55,63.23,0,0,230442.55,79,224.04,2
91.25,69.69,3,1,37649.87,109,168.27,2
26.35,32.38,181,136,1069442.51,119,365.75,1
0.89,29.94,1,4,5499.89,79,109.3,0
9.12,29.56,1,3,1472.96,95,117.36,0
91.43,70.25,1,2,42995.93,100,243.1,2
72.56,63.99,2,1,3806.03,89,208.28,2
26.94,51.56,116,170,344189.63,96,269.9,1
78.25,84.69,0,0,35871.95,105,122.73,2
76.99,89.9,2,2,539898.43,107,319.01,2
9.66,15.13,0,5,724.24,53,112.39,0
24.99,49.14,119,169,1056414.47,90,310.5,1
37.8,81.69,113,146,2301362.22,115,87.76,1
75.71,58.96,2,2,121292.1,95,218.79,2
6.15,23.02,1,4,10.88,57,359.53,0
78.22,63.17,0,2,345424.43,124,243.58,2
6.32,24.39,2,3,464.81,78,195.78,0
73.66,70.05,2,1,47745.85,90,313.11,2
6.37,27.51,1,2,4629.38,42,190.72,0
8.23,27.21,2,0,4200.24,59,206.06,0
67.35,69.76,1,3,49611.44,99,234.26,2
57.38,64.45,108,253,30667.16,106,223.0,1
65.25,38.59,148,122,284556.09,110,353.37,1
2.32,28.72,2,4,419.49,50,275.14,0
44.45,44.31,116,215,1574821.5,120,287.07,1
30.9,47.75,72,157,681526.3,125,207.34,1
36.18,63.4,190,100,892071.93,111,184.96,1
4.92,41.85,1,1,2133.2,106,261.31,0
1.99,24.41,1,2,427.31,83,145.21,0
61.22,73.11,0,2,21021.4,84,329.87,2
9.0,30.07,2,2,1815.28,85,295.53,0
42.66,60.63,112,86,225171.37,130,294.22,1
40.89,59.1,116,167,613904.0,105,331.03,1
23.75,62.89,183,181,643253.48,143,190.94,1
3.89,13.85,2,2,7945.25,58,241.15,0
85.58,73.14,0,2,22273.11,101,350.06,2
87.46,65.09,0,1,147762.42,114,342.69,2
65.98,82.64,2,2,15687.41,101,400.44,2
42.73,48.1,165,217,6901.62,119,195.0,1
10.52,22.98,0,2,3805.18,71,160.64,0
63.95,58.4,165,81,105348.35,118,271.83,1
69.17,48.46,60,175,40569.33,120,255.78,1
7.32,32.21,0,4,1107.25,96,172.74,0
11.47,29.86,2,1,507.34,58,311.04,0
12.44,15.92,1,2,3401.67,50,168.17,0
0.0,22.99,2,4,1423.28,93,214.3,0
7.52,30.59,0,1,4407.57,94,274.9,0
6.37,33.45,0,3,599.54,85,196.85,0
11.04,31.02,0,2,204.3,96,79.59,0
31.04,30.82,85,107,426927.24,152,287.73,1
72.85,80.9,1,0,26550.46,126,250.47,2
10.0,59.34,78,149,1175185.37,126,351.51,1
4.49,33.68,0,3,1768.02,92,377.56,0
50.72,53.86,132,195,740588.08,134,405.33,1
4.21,15.09,2,4,2568.91,77,393.14,0
24.71,36.17,72,151,1082297.61,116,162.05,1
39.62,41.96,164,152,1688909.12,101,295.77,1
66.6,80.65,1,0,197893.59,90,192.36,2
5.19,36.07,0,1,148.99,59,256.34,0
3.63,30.91,1,0,2050.86,66,293.16,0
5.08,45.31,1,1,3914.72,89,265.58,0
46.69,50.71,100,129,643893.56,147,422.4,1
63.35,67.26,1,1,118977.65,79,382.36,2
30.24,78.51,98,93,300328.44,135,250.0,1
84.77,81.36,0,1,88366.46,87,171.86,2
35.34,53.66,135,252,1153786.78,104,330.38,1
3.37,29.64,1,2,1995.54,73,304.15,0
49.03,51.71,129,192,319669.46,125,187.86,1
6.21,23.87,1,0,5052.12,102,127.79,0
54.38,56.89,143,162,1317828.36,108,291.59,1
36.65,54.11,136,115,566778.28,110,341.99,1
33.7,65.24,178,103,628289.67,168,153.58,1
48.92,53.92,111,57,278768.31,149,330.48,1
3.75,23.8,1,2,1751.06,61,368.44,0
32.99,69.79,70,225,600695.9,142,317.98,1
74.54,81.57,0,2,47817.85,104,252.33,2
10.0,54.26,154,219,74415.04,116,231.17,1
30.43,42.29,143,140,51439.59,89,244.52,1
72.33,66.73,0,1,82691.0,76,336.97,2
12.29,23.28,1,2,11315.42,78,148.14,0
73.3,78.37,2,0,2353.58,116,271.14,2
8.49,35.07,2,2,207.95,86,168.24,0
33.75,38.77,138,161,157040.52,147,212.9,1
0.69,22.44,0,2,1070.91,71,294.98,0
85.21,80.73,0,2,25628.53,102,411.81,2
41.37,49.83,119,134,740712.98,102,300.96,1
9.39,13.32,2,2,2103.17,89,148.89,0
35.67,47.4,118,151,52038.68,111,188.38,1
79.61,67.63,0,2,121840.5,119,278.42,2
97.94,76.64,0,1,31653.69,95,371.68,2
72.01,64.65,0,0,149975.46,110,301.2,2
37.83,71.38,113,77,450380.78,115,229.54,1
94.79,69.77,2,1,267221.93,87,218.33,2
27.04,75.42,99,70,814802.08,108,243.84,1
5.56,26.1,0,0,562.99,67,253.88,0
35.65,50.68,176,111,590078.61,104,307.17,1
36.21,41.86,105,161,231949.38,94,195.82,1
7.66,28.83,2,1,197.08,74,286.93,0
90.06,84.12,0,1,174123.85,80,214.06,2
26.99,47.94,88,100,500198.41,145,319.03,1
44.08,38.83,111,145,868890.6,159,183.96,1
31.55,40.59,110,112,1528614.06,118,306.04,1
34.29,34.01,89,165,322809.98,113,149.23,1
5.53,25.73,3,1,487.46,94,228.66,0
70.54,87.66,1,2,201883.27,91,307.5,2
67.68,73.6,1,1,16853.86,80,366.79,2
75.96,82.42,0,0,158929.12,96,364.51,2
77.88,69.24,1,1,63134.16,84,423.66,2
19.45,54.38,185,161,610945.6,107,240.14,1
27.29,48.61,220,113,295171.2,127,181.17,1
9.11,32.05,2,3,929.21,93,279.21,0
34.52,67.89,135,170,15490.42,102,50.0,1
6.59,41.15,2,2,214.43,73,283.01,0
18.24,30.61,3,2,6850.01,69,237.67,0
43.08,47.96,98,288,109027.44,140,260.78,1
22.35,62.82,140,154,612797.22,134,229.78,1
11.53,20.3,2,0,17.52,71,174.19,0
28.54,60.91,122,262,177186.84,94,298.43,1
43.59,49.83,146,130,994567.33,135,236.47,1
82.51,61.49,3,2,37447.77,80,117.08,2
3.34,29.95,0,4,2807.9,54,236.81,0
54.56,55.0,1,2,194253.63,109,317.05,2
0.0,36.08,2,2,1668.88,65,314.16,0
82.12,69.21,1,1,198835.66,139,193.35,2
61.14,74.42,1,1,110.27,98,267.83,2
66.36,33.4,153,172,510461.93,168,368.78,1
6.91,28.26,1,2,4541.55,64,373.59,0
5.02,30.24,1,2,28.55,98,250.78,0
6.28,34.72,2,3,5207.14,98,347.56,0
77.03,66.91,1,3,14691.38,109,266.07,2
11.31,44.52,1,0,3.78,60,256.29,0
5.41,41.82,1,3,612.17,105,276.23,0
86.85,66.27,0,1,69338.11,112,260.37,2
7.35,22.56,3,3,1744.12,95,184.24,0
5.76,27.94,0,2,1265.46,69,137.78,0
42.49,61.53,106,101,1007999.24,138,263.95,1
0.0,35.36,1,5,4645.41,59,360.15,0
37.06,66.05,134,133,333080.6,132,246.65,1
6.01,28.51,0,2,4521.04,79,50.0,0
6.16,26.09,4,0,1780.52,75,336.32,0
81.6,73.76,0,2,119082.2,127,239.61,2
2.59,33.42,1,0,2249.62,70,332.15,0
4.2,27.29,2,1,2422.87,126,264.14,0
6.94,39.22,1,1,3836.13,87,320.12,0
69.55,88.81,1,1,7262.58,102,67.41,2
10.0,59.05,88,198,324027.91,137,106.34,1
14.23,49.53,137,203,431101.01,84,200.48,1
34.87,64.87,55,194,82380.37,92,376.76,1
78.19,81.77,2,0,20859.67,87,312.7,2
65.28,77.18,1,2,47449.08,81,245.92,2
5.77,32.15,2,2,1020.27,97,115.52,0
26.74,35.55,112,197,599856.98,155,239.48,1
81.97,72.51,1,1,25188.96,74,247.14,2
7.11,23.19,1,0,247.28,88,342.55,0
93.74,67.74,3,0,111106.41,83,155.27,2
64.45,74.95,1,0,126200.86,107,148.52,2
61.74,71.92,1,0,159808.37,102,109.33,2
33.45,68.61,121,50,59218.41,134,191.1,1
23.18,50.77,108,145,68664.13,111,254.84,1
0.38,33.12,1,1,243.69,62,166.34,0
89.5,81.33,1,0,153465.88,117,262.09,2
85.92,77.6,0,1,69114.45,110,209.87,2
52.4,43.07,135,137,1584511.66,114,175.2,1
36.59,74.85,46,80,146618.83,145,327.01,1
44.76,39.56,178,200,471852.2,127,257.98,1
41.24,42.68,94,148,111873.04,122,248.05,1
11.94,25.2,0,3,314.36,76,108.94,0
78.49,66.97,0,2,33087.45,98,239.81,2
27.27,75.72,102,234,165094.92,131,93.5,1
46.24,35.62,110,126,494040.66,113,394.63,1
76.21,86.19,2,0,81592.22,94,257.87,2
51.49,81.81,148,131,784679.81,92,206.77,1
42.89,44.08,56,155,358439.15,119,171.49,1
3.77,18.26,0,1,643.29,89,318.92,0
9.19,42.21,2,3,2223.52,74,378.93,0
43.42,40.77,153,159,600076.96,125,188.51,1
33.04,58.3,51,152,366265.77,103,321.4,1
45.98,60.9,161,131,1215010.92,70,206.64,1
40.82,60.02,143,211,765450.53,149,137.13,1
6.74,25.99,0,6,1204.67,80,124.95,0
28.47,63.8,123,164,78427.24,123,156.13,1
10.0,51.47,36,71,355267.68,129,200.45,1
47.28,58.43,110,134,170897.04,143,184.3,1
82.36,83.67,1,2,77194.28,129,126.71,2
15.92,56.04,145,45,846069.82,132,252.6,1
77.11,84.7,4,0,218882.38,120,331.11,2
67.66,81.12,0,0,167617.74,95,368.53,2
12.21,28.52,1,3,3183.79,103,256.59,0
0.0,23.14,0,1,334.74,100,271.29,0
2.59,19.05,1,4,4217.51,90,152.77,0
58.85,47.97,124,80,865213.06,118,309.77,1
8.26,27.51,2,3,975.04,81,236.25,0
46.34,66.01,92,183,1732877.7,117,205.74,1
10.0,42.98,140,147,5000.0,118,123.9,1
24.28,67.98,124,63,74601.64,128,223.96,1
6.47,30.58,0,1,11528.52,67,191.27,0
14.44,47.29,144,165,234181.49,102,317.2,1
0.0,10.0,0,3,7154.83,95,175.36,0
9.7,27.34,0,3,9416.09,83,258.01,0
4.37,32.54,0,2,4055.66,99,79.08,0
2.79,34.89,1,2,1218.72,85,230.1,0
79.32,71.94,0,1,100668.62,114,242.25,2
3.51,24.71,1,2,11682.92,65,225.25,0
11.8,34.73,1,1,163.36,73,322.6,0
73.9,83.31,3,0,242079.14,108,337.27,2
8.03,34.67,0,1,120.29,79,331.58,0
3.31,42.84,3,4,228.84,74,441.11,0
8.42,28.45,1,0,571.12,84,233.68,0
7.96,40.13,2,4,797.45,85,239.27,0
10.0,64.63,100,116,619786.15,78,216.13,1
79.22,89.33,1,2,80647.86,83,321.77,2
43.31,64.21,98,118,1337283.2,119,166.69,1
8.51,34.95,0,2,1045.69,73,174.26,0
6.35,38.13,2,2,70.67,86,309.98,0
29.47,60.91,106,160,967011.89,108,232.6,1
19.45,44.45,236,183,43065.16,118,317.91,1
0.18,32.9,3,2,304.38,80,186.56,0
46.97,51.39,133,117,300215.18,129,187.01,1
33.09,44.41,158,136,526793.02,135,241.44,1
85.34,68.09,1,1,36632.77,121,264.58,2
33.82,47.31,108,210,604938.26,105,289.14,1
58.59,77.81,2,1,15703.88,121,327.59,2
18.17,68.15,109,275,246067.88,135,263.08,1
30.32,68.88,119,170,2280775.54,103,215.0,1
6.0,28.53,0,2,1970.28,63,186.72,0
0.0,21.73,3,3,458.25,63,287.67,0
1.56,38.31,0,3,360.39,56,285.95,0
11.45,26.8,0,2,1747.93,87,331.72,0
58.2,51.29,109,132,240543.92,70,139.43,1
76.56,73.33,1,1,72610.29,113,91.49,2
28.44,59.23,92,197,133954.08,93,275.81,1
71.72,66.78,2,2,52716.39,78,301.47,2
41.65,65.19,81,142,262793.83,139,168.84,1
30.53,67.52,114,184,1045709.93,114,310.6,1
6.79,24.39,0,4,375.86,76,220.33,0
100.0,84.44,0,3,12365.1,131,299.43,2
0.73,17.49,1,3,5639.56,72,189.36,0
10.59,24.97,1,2,653.9,84,255.23,0
70.01,83.35,0,0,128203.44,92,183.05,2
71.93,61.08,1,1,14200.75,85,170.76,2
3.81,37.8,1,5,1775.27,91,155.2,0
33.3,56.99,125,45,425033.99,125,199.07,1
10.51,43.78,1,0,3739.39,94,152.66,0
70.36,87.27,1,1,101524.92,110,207.6,2
10.32,18.72,1,1,1447.07,88,154.16,0
11.92,27.23,1,2,709.85,63,189.91,0
15.56,55.24,100,153,806976.01,96,261.22,1
8.22,37.01,0,1,1407.72,86,253.12,0
87.71,74.58,1,1,106975.28,89,162.91,2
20.45,76.75,149,214,468110.57,96,303.49,1
4.23,20.5,2,4,5201.82,82,329.19,0
17.99,58.01,119,124,1300361.65,128,279.28,1
11.39,39.17,0,3,2936.19,93,155.54,0
54.49,29.09,123,116,5000.0,115,146.69,1
6.74,24.24,0,4,4986.74,96,191.52,0
12.26,41.45,3,2,1890.57,89,277.66,0
2.87,24.22,0,2,2977.85,82,215.85,0
21.02,43.88,128,35,520482.95,135,234.5,1
0.0,32.3,2,1,5319.59,73,291.27,0
53.42,76.67,131,211,221398.03,169,248.66,1
35.03,71.33,102,134,72266.95,122,358.35,1
20.2,41.63,177,230,189272.75,105,199.43,1
8.56,33.06,2,1,192.99,63,253.11,0
71.83,67.65,1,1,165389.32,77,325.74,2
11.48,46.52,1,3,2418.08,82,175.96,0
20.58,54.01,51,149,794943.68,82,464.91,1
8.88,17.6,2,2,1033.54,74,317.58,0
0.37,19.34,0,2,345.5,73,310.94,0
70.83,60.7,2,0,49534.29,112,111.17,2
4.0,38.42,3,1,230.08,60,241.66,0
15.8,49.49,102,116,129716.47,116,238.08,1
3.72,30.71,1,0,161.82,50,342.01,0
32.08,46.87,114,141,1271430.36,118,248.28,1
16.16,61.59,91,183,31281.35,140,190.18,1
3.11,41.23,1,0,709.56,60,311.96,0
10.0,53.36,42,93,373570.45,112,148.37,1
5.93,27.13,1,1,59.55,66,309.21,0
55.38,51.62,87,156,15200.28,105,229.05,1
0.0,38.6,1,1,1627.39,85,402.94,0
45.41,60.17,120,228,381570.28,112,211.96,1
4.66,32.08,0,0,408.24,71,330.34,0
10.0,49.99,205,142,79670.57,128,320.6,1
6.6,36.46,0,5,6784.91,94,212.36,0
1.93,37.17,0,5,645.69,98,225.51,0
77.63,77.28,2,0,6650.27,133,366.39,2
8.1,27.35,2,1,2668.28,54,110.67,0
6.95,26.72,0,2,2643.91,94,263.37,0
2.66,17.94,1,3,2931.52,55,331.78,0
4.43,43.0,1,1,2326.75,86,137.79,0
52.1,85.39,141,206,197689.48,124,314.96,1
10.0,44.29,44,150,282608.81,130,268.46,1
28.08,66.12,85,152,346763.53,110,151.49,1
23.57,68.01,95,127,804134.78,101,340.68,1
31.0,56.55,78,105,137253.16,121,350.72,1
9.16,30.73,0,1,233.92,71,310.24,0
4.75,23.16,0,2,9619.03,94,196.05,0
3.28,32.89,1,2,15.79,64,236.84,0
0.0,26.43,1,3,3639.85,107,137.25,0
1.12,37.1,0,5,5707.63,72,297.36,0
7.33,25.39,1,0,1037.87,94,141.12,0
0.0,22.76,0,1,18.17,83,257.08,0
75.07,78.71,2,3,6893.98,93,361.91,2
3.96,29.27,0,5,1442.76,102,190.99,0
15.69,27.91,1,1,1672.86,54,329.41,0
15.16,68.15,145,163,752833.88,157,207.09,1
7.19,24.49,1,2,258.06,107,288.69,0
4.41,28.31,2,2,950.17,80,230.1,0
25.87,59.14,102,123,396542.87,110,379.26,1
4.03,25.71,2,2,1514.65,84,200.42,0
1.23,22.34,0,2,3459.64,66,316.81,0
4.76,32.51,0,2,2845.56,69,286.71,0
20.61,81.09,127,56,148644.28,104,239.74,1
76.09,63.19,1,1,46737.03,108,307.97,2
89.52,57.86,2,2,229205.01,112,144.19,2
5.18,36.21,0,2,1154.22,64,239.91,0
5.52,39.2,1,2,941.94,58,117.17,0
5.34,23.62,1,2,1769.04,54,230.09,0
7.79,36.04,1,1,1085.8,95,298.46,0
10.0,54.94,157,123,360629.49,133,277.67,1
9.11,42.35,1,1,2735.02,81,237.24,0
8.12,29.59,0,2,1667.63,92,263.11,0
28.94,50.33,124,166,1042099.98,103,299.36,1
24.78,50.06,113,83,626708.11,99,279.92,1
14.0,55.0,2,1,12.41,84,267.52,0
44.5,70.72,155,62,445777.27,112,185.27,1
1.84,37.16,0,2,675.25,75,281.75,0
57.68,72.47,1,3,187098.03,109,111.36,2
43.13,69.6,134,224,1563578.0,152,356.17,1
6.7,42.13,1,1,1825.17,64,216.42,0
88.46,92.52,1,1,251579.73,117,242.04,2
5.39,20.84,1,1,769.95,90,158.0,0
74.88,89.68,3,0,343556.24,113,233.7,2
7.21,25.37,0,3,1668.19,79,240.9,0
4.06,28.94,1,3,3928.26,59,283.06,0
6.24,29.43,0,2,1185.36,75,226.16,0
10.01,27.84,1,2,3214.2,69,376.83,0
68.59,65.9,0,0,29694.2,104,158.0,2
2.95,19.24,2,4,6072.6,63,291.58,0
21.03,46.06,114,158,312472.62,132,201.27,1
32.67,40.1,164,162,241314.58,111,269.44,1
91.64,74.06,0,1,67806.13,106,254.46,2
50.0,64.33,1,0,194098.04,98,290.05,2
69.02,87.99,2,0,136792.09,102,175.89,2
33.04,77.11,103,187,255545.45,116,214.22,1
13.12,27.32,2,6,2227.85,82,281.66,0
1.71,40.3,3,1,1419.64,99,272.62,0
74.41,88.42,0,0,100925.61,81,264.11,2
77.08,77.5,1,1,34853.2,101,193.88,2
6.93,39.02,1,1,2706.98,73,451.32,0
25.48,64.42,167,142,213311.61,141,380.42,1
86.81,58.74,1,0,54462.81,123,300.75,2
73.1,98.0,1,3,291984.3,86,231.18,2
70.13,81.47,0,2,75202.57,129,202.82,2
1.77,45.42,1,4,885.91,66,261.32,0
0.0,38.88,1,1,13874.62,103,198.51,0
7.02,23.7,1,5,369.53,86,254.0,0
11.82,28.11,2,2,3947.74,66,141.57,0
30.52,39.08,214,178,73373.3,126,198.04,1
12.4,45.64,1,1,717.56,86,231.21,0
60.3,59.59,93,72,505614.21,129,363.99,1
43.58,51.79,111,197,480985.72,114,256.74,1
50.54,61.09,114,141,280336.19,87,316.7,1
7.63,22.77,2,0,7755.33,89,276.51,0
14.3,48.55,112,224,52090.46,148,259.57,1
5.49,26.15,1,1,184.75,58,301.38,0
1.03,33.35,1,2,1302.61,68,112.9,0
6.9,29.44,2,2,2562.67,77,317.69,0
1.81,28.36,1,0,6245.38,96,195.68,0
37.06,72.37,84,89,134676.28,114,334.57,1
78.67,81.75,1,0,199748.92,131,307.7,2
15.39,53.8,121,119,953205.88,99,486.26,1
25.87,40.17,98,71,209864.8,128,241.93,1
6.78,30.81,2,1,1225.92,91,218.66,0
8.58,29.35,1,3,1860.28,72,200.41,0
82.54,98.0,0,3,225444.39,98,185.22,2
64.71,51.44,129,136,6620.04,102,164.94,1
78.26,67.23,0,0,3016.02,107,298.72,2
1.0,10.0,1,2,1489.93,75,178.42,0
4.23,50.89,2,2,1256.18,83,222.17,0
6.68,24.0,1,2,2065.45,90,206.38,0
0.0,26.84,0,4,2250.28,93,246.66,0
12.59,34.29,0,3,1098.34,95,132.54,0
12.95,49.57,131,149,599853.15,124,430.65,1
13.27,59.11,128,163,5000.0,113,144.5,1
3.85,26.96,2,4,373.52,66,298.13,0
55.59,57.19,102,35,30147.5,112,249.69,1
48.27,50.45,100,183,43017.66,113,288.78,1
28.85,45.54,78,193,739085.37,128,390.8,1
4.79,26.04,0,7,601.04,90,328.59,0
9.92,30.74,2,0,3319.76,55,249.31,0
5.72,29.48,1,0,50.73,108,337.75,0
29.98,40.84,42,190,1307147.79,120,321.0,1
2.86,25.63,2,0,134.62,99,258.94,0
2.89,36.8,5,3,148.33,78,254.36,0
8.58,28.37,0,4,2960.69,80,369.26,0
91.49,83.09,2,0,32512.41,119,342.71,2
9.89,22.42,0,1,795.1,78,371.56,0
3.34,27.38,0,0,1506.39,90,144.91,0
12.75,28.43,2,1,1305.86,78,314.63,0
2.7,24.45,1,2,1190.35,73,203.94,0
12.78,69.48,135,126,464159.07,127,168.54,1
77.82,67.5,3,1,228165.98,86,169.3,2
3.51,31.18,0,4,292.29,65,214.77,0
17.8,74.37,128,195,788278.36,137,221.26,1
91.9,72.11,3,0,101434.11,78,310.87,2
64.63,84.15,0,1,79968.44,79,234.1,2
5.93,39.94,1,1,409.17,68,127.29,0
14.82,48.61,110,162,272623.57,114,346.84,1
32.46,40.91,97,133,187733.01,132,297.87,1
23.62,68.8,135,212,987008.01,130,362.16,1
64.99,68.58,1,1,444204.04,128,236.59,2
9.16,19.73,2,2,987.12,72,283.11,0
55.14,54.22,146,203,107879.38,73,206.1,1
43.19,56.96,44,252,30862.34,132,313.45,1
6.79,25.36,3,1,261.61,77,178.47,0
40.51,59.98,128,59,559134.4,113,304.03,1
48.51,48.32,105,153,20044.87,133,320.35,1
91.08,79.77,0,3,82894.98,91,244.3,2
0.0,23.61,0,4,3973.21,80,170.89,0
65.2,64.84,4,0,81349.53,109,409.78,2
2.18,30.04,0,1,936.02,72,266.2,0
46.97,37.61,143,147,1496565.02,159,246.18,1
5.54,29.16,0,0,1165.1,56,228.64,0
80.21,69.24,1,1,77442.37,85,314.56,2
28.69,67.97,173,94,166631.52,132,319.93,1
1.55,28.08,2,0,575.89,58,172.81,0
24.81,54.96,126,164,220207.69,110,245.76,1
0.0,35.82,3,3,3572.21,82,342.57,0
5.73,43.14,3,2,530.35,65,208.63,0
5.67,24.6,1,1,61.55,71,128.54,0
10.0,80.82,146,103,193827.51,123,223.56,1
10.0,55.76,105,213,32490.41,112,452.53,1
4.5,33.4,0,0,1589.65,99,181.16,0
48.54,47.18,161,180,84650.04,130,194.43,1
75.65,92.23,0,1,45212.46,108,321.9,2
4.76,43.14,2,0,86.7,100,222.43,0
6.25,33.31,2,0,3091.5,69,346.86,0
22.51,64.59,162,98,2245615.53,107,236.55,1
5.05,30.6,1,4,241.78,96,320.27,0
3.21,18.95,1,1,2753.45,96,189.62,0
3.4,33.41,0,1,1273.03,91,208.59,0
2.97,34.54,0,5,415.79,94,50.0,0
71.88,83.78,1,0,161262.94,107,306.54,2
1.66,29.63,0,1,2656.29,62,183.22,0
73.58,62.07,2,0,435365.32,96,224.77,2
45.63,48.44,153,168,1488933.93,119,252.44,1
7.11,36.22,1,1,999.01,103,232.54,0
2.99,32.88,0,6,90.1,101,275.3,0
89.12,61.24,3,2,22515.7,107,100.02,2
26.78,74.82,128,139,93691.64,120,236.52,1
6.06,41.66,1,4,4827.69,93,215.75,0
3.31,29.79,2,2,1134.6,80,270.15,0
36.31,43.83,94,233,524103.73,144,380.27,1
10.72,35.76,0,0,6321.61,91,237.69,0
10.0,27.04,1,0,2909.33,95,266.94,0
39.24,65.88,140,139,432505.41,118,224.36,1
6.95,22.04,0,3,618.63,87,298.86,0
11.04,41.58,0,2,3811.58,84,183.71,0
1.39,27.68,3,1,5227.74,70,223.66,0
3.93,20.63,2,0,784.0,74,161.29,0
17.07,54.8,138,133,370521.74,141,238.61,1
33.46,59.09,68,178,379064.76,119,240.14,1
3.3,33.94,2,5,1152.88,107,155.75,0
1.77,25.7,0,4,654.59,58,203.01,0
48.67,45.26,90,132,149742.87,138,324.72,1
0.36,31.36,1,2,1549.23,71,217.37,0
77.6,75.38,0,0,100539.82,119,240.39,2
11.2,30.58,1,3,3087.39,98,98.05,0
4.23,39.34,1,1,238.06,80,181.87,0
3.21,25.66,2,2,1803.23,61,300.67,0
34.53,48.01,138,139,288346.8,107,281.44,1
22.82,50.1,154,122,863889.24,113,142.38,1
53.22,55.85,117,175,264790.74,99,149.63,1
1.1,30.99,0,2,3042.35,69,356.66,0
71.55,78.24,0,1,85735.95,94,218.18,2
10.0,45.19,89,158,223303.77,114,252.07,1
6.94,27.86,3,1,605.15,78,257.31,0
31.44,57.84,63,83,87489.95,111,134.9,1
46.04,41.46,81,100,543984.07,143,304.36,1
2.0,26.43,1,0,1287.49,62,326.17,0
37.12,42.33,114,134,237120.57,96,408.45,1
3.15,38.98,1,0,5031.91,89,180.36,0
77.9,96.23,1,0,115274.77,101,405.13,2
35.09,46.48,108,123,104180.62,105,279.33,1
99.53,85.71,1,3,101782.42,106,246.97,2
38.6,70.4,105,248,143426.2,134,321.97,1
0.12,26.71,1,0,346.29,60,337.8,0
6.68,33.84,1,0,634.64,61,199.47,0
10.9,39.8,0,4,8833.93,69,270.21,0
11.17,29.84,2,2,2309.62,98,337.29,0
29.77,54.25,88,97,156052.36,126,178.3,1
4.37,21.18,0,4,140.73,104,283.39,0
34.94,54.07,110,165,916498.97,111,236.63,1
18.2,65.48,139,198,456342.51,106,361.37,1
51.11,72.95,77,91,70925.9,99,303.44,1
83.78,78.97,0,2,253464.29,112,337.2,2
95.79,86.13,5,0,41827.26,89,275.69,2
4.24,35.38,2,1,2433.12,88,126.35,0
21.13,48.77,157,129,516423.7,140,513.26,1
0.0,28.77,2,1,603.6,102,279.78,0
2.22,44.28,1,1,1421.81,95,249.97,0
7.13,27.43,0,2,2815.11,80,337.81,0
61.59,34.63,137,118,464199.3,133,300.36,1
87.84,79.1,2,2,46107.33,89,266.78,2
4.69,48.18,0,4,681.77,89,186.03,0
0.0,37.96,0,5,3146.9,69,123.59,0
10.0,56.95,138,167,1155493.84,88,463.52,1
1.4,32.05,0,2,284.38,100,216.88,0
9.16,20.82,2,3,392.35,48,314.16,0
0.0,36.06,2,2,6240.9,98,279.18,0
36.86,58.29,104,203,65924.4,114,233.86,1
2.34,27.86,1,0,1665.92,78,216.13,0
11.53,26.06,3,4,249.96,79,332.37,0
69.96,64.59,76,240,210298.65,143,354.11,1
56.74,45.14,186,105,947974.19,128,272.83,1
31.47,50.15,158,136,462307.34,111,190.22,1
28.61,52.37,145,114,5000.0,116,322.32,1
4.52,33.69,0,3,5324.23,68,329.36,0
80.28,59.15,2,1,102848.58,100,242.09,2
29.49,47.42,141,213,485629.34,127,352.59,1
5.47,45.82,1,3,3820.23,87,258.86,0
30.72,60.93,120,157,1222595.73,117,288.62,1
58.31,62.13,1,0,18005.24,70,179.46,2
31.02,61.15,104,152,1295015.45,112,259.83,1
79.63,84.88,4,1,20672.59,95,209.47,2
52.74,56.77,139,127,369617.22,136,355.29,1
5.78,26.37,0,2,222.28,80,215.23,0
68.97,72.1,0,1,1242.96,89,348.35,2
57.49,72.29,0,2,18917.49,85,317.34,2
38.3,73.96,164,174,1467557.96,106,294.57,1
23.8,71.31,97,31,1071040.35,134,225.49,1
4.34,15.27,0,2,371.61,86,425.42,0
38.26,47.45,135,151,163758.65,114,252.75,1
4.41,33.12,0,1,350.01,79,377.88,0
91.17,95.22,1,1,121007.26,80,147.21,2
2.56,24.41,1,1,5436.28,81,108.76,0
9.07,24.14,1,2,837.97,97,333.34,0
4.22,31.07,2,1,2188.69,85,394.5,0
33.38,71.13,129,218,14522.7,117,327.7,1
0.0,24.24,1,3,866.26,73,285.68,0
67.38,70.63,4,1,505396.5,132,258.43,2
65.89,61.11,0,1,117410.28,96,148.71,2
12.49,54.09,123,113,309227.82,149,323.76,1
44.7,80.0,152,266,383529.74,168,241.04,1
6.29,34.68,1,1,2913.91,102,244.98,0
0.42,20.29,0,1,1507.72,102,179.98,0
7.27,21.34,1,2,113.98,81,300.79,0
79.33,72.77,2,0,25948.48,111,154.6,2
8.64,41.52,0,1,3727.39,69,248.38,0
79.63,67.56,0,1,12857.07,96,213.82,2
7.07,33.77,2,4,435.98,94,273.3,0
40.16,51.11,154,174,200880.2,109,315.05,1
5.36,30.17,2,0,2708.72,109,368.39,0
2.59,22.46,0,3,620.49,70,280.03,0
69.15,67.14,1,0,41044.93,95,180.63,2
83.73,59.0,1,2,10621.5,112,218.07,2
40.08,41.52,140,204,519923.19,102,235.28,1
4.73,27.3,0,3,2201.48,82,210.0,0
78.39,68.33,2,0,279345.18,69,143.86,2
10.0,46.45,146,113,58321.9,145,283.92,1
59.98,61.14,38,48,723732.7,136,202.26,1
69.72,63.44,1,0,41765.99,101,286.44,2
36.07,49.51,162,165,265470.13,99,352.99,1
32.11,53.55,76,209,632375.85,149,266.34,1
7.04,20.22,2,2,6101.47,81,313.11,0
4.44,38.14,1,1,3489.17,89,357.94,0
34.95,64.08,132,124,398828.51,141,328.59,1
4.91,36.49,1,3,76.93,73,447.95,0
41.98,63.4,33,137,246915.6,144,345.87,1
0.0,28.54,2,1,2171.46,69,176.59,0
35.83,68.35,85,160,393366.42,105,196.51,1
20.61,48.5,95,146,124818.74,111,272.61,1
2.77,25.59,0,2,1587.52,91,160.9,0
95.05,57.82,1,0,89310.3,99,286.67,2
0.85,36.45,1,2,285.7,85,258.53,0
17.26,69.58,87,146,1536621.4,145,360.54,1
2.44,12.78,1,3,2677.81,65,256.59,0
0.0,29.24,0,0,307.87,56,393.58,0
10.0,40.6,102,114,58948.8,149,325.02,1
3.67,23.14,0,1,2490.37,64,253.42,0
48.83,31.55,157,162,943892.84,125,251.43,1
3.73,26.06,1,2,3002.58,72,274.32,0
0.0,35.12,0,0,103.77,94,193.45,0
72.29,73.63,1,0,30901.18,114,216.05,2
47.17,76.02,122,153,316343.9,135,222.97,1
48.71,75.84,113,191,712460.99,141,285.39,1
37.69,52.56,91,206,668485.15,90,172.32,1
0.0,31.46,1,0,225.27,112,207.17,0
76.2,86.59,1,0,259068.68,106,174.04,2
39.54,39.33,95,116,68594.0,143,170.61,1
36.61,65.46,136,125,141529.82,161,224.08,1
88.05,63.49,0,1,37762.78,110,117.99,2
61.31,57.04,92,110,511280.31,106,250.88,1
91.26,82.12,1,1,79992.83,74,249.16,2
71.82,60.44,1,0,89023.06,73,268.39,2
91.16,78.46,2,0,263312.73,126,318.51,2
76.06,72.63,1,0,40847.71,117,326.04,2
3.24,18.73,1,1,2655.27,100,249.69,0
72.2,63.57,3,1,55054.57,105,426.46,2
12.98,59.99,117,236,198395.68,150,330.52,1
62.65,55.75,73,138,101071.25,70,252.29,1
27.79,48.2,153,197,434921.19,150,302.54,1
4.88,35.13,0,2,517.41,85,122.13,0
53.54,44.83,102,117,254839.88,155,187.4,1
2.9,33.11,1,1,269.91,82,226.54,0
94.75,63.19,1,0,80341.17,91,314.16,2
91.17,55.0,4,1,11322.44,69,144.61,2
10.62,30.23,2,0,327.21,58,123.44,0
97.38,67.71,1,0,60263.95,107,159.44,2
7.71,31.6,3,0,1806.35,86,466.19,0
75.39,74.68,1,1,47920.06,116,132.16,2
34.48,73.18,61,161,224330.89,110,342.96,1
0.0,27.17,2,3,826.39,74,143.89,0
3.93,15.83,0,4,651.75,78,211.08,0
89.46,80.78,2,0,54990.34,102,191.57,2
4.94,23.91,0,2,2807.06,82,225.2,0
25.98,59.82,118,170,1086433.27,80,106.32,1
44.03,59.85,100,223,42779.94,130,290.61,1
10.56,30.82,2,1,291.28,92,234.73,0
39.44,72.58,171,91,489201.23,135,400.7,1
49.0,60.07,129,69,112996.9,146,317.98,1
29.8,41.42,130,148,159278.09,100,116.57,1
8.27,33.77,0,3,4043.85,61,426.47,0
72.26,69.29,2,0,64318.38,103,198.21,2
37.91,90.0,111,165,51678.73,112,196.42,1
55.23,73.39,0,1,187220.73,77,328.35,2
68.5,78.23,0,0,39000.21,78,242.62,2
26.14,49.71,160,110,1372451.03,150,207.56,1
5.18,34.68,0,2,1958.01,79,241.76,0
0.0,31.96,3,3,589.42,100,279.86,0
11.11,36.79,0,2,242.64,100,210.88,0
34.47,68.39,89,116,713550.24,119,211.02,1
31.98,57.25,102,180,373450.19,99,264.82,1
5.25,23.56,1,1,1111.51,73,285.88,0
8.22,45.99,1,2,2495.87,104,171.09,0
4.3,28.72,0,0,2164.06,78,260.72,0
60.36,52.88,175,285,1160345.84,132,326.85,1
4.05,23.29,2,2,4633.98,65,318.01,0
11.73,29.66,1,2,1360.61,68,213.28,0
48.23,60.03,93,166,648955.52,111,291.89,1
20.48,36.78,65,201,11713.25,113,129.16,1
32.11,46.18,120,96,400410.71,114,164.04,1
3.48,25.23,1,2,2053.39,68,231.51,0
34.91,37.39,84,231,160221.56,146,334.9,1
64.56,76.04,1,3,41393.6,81,195.99,2
54.34,38.04,115,104,978174.81,117,540.16,1
24.83,54.84,108,58,353071.06,101,322.35,1
37.2,81.82,68,220,391451.53,120,231.57,1
8.83,26.76,2,3,2122.06,70,188.52,0
50.12,51.95,151,97,333614.24,144,159.36,1
41.3,33.97,77,99,1880213.05,98,137.59,1
7.08,43.5,1,2,3179.1,118,354.34,0
65.15,75.87,2,3,23454.72,82,335.25,2
84.68,79.21,4,0,73278.38,88,232.42,2
79.7,85.65,0,3,94408.07,87,135.48,2
93.84,61.6,1,0,176044.6,81,156.42,2
8.36,35.04,0,2,300.77,57,224.3,0
73.28,87.33,0,1,93843.66,67,251.94,2
47.82,64.69,130,136,209205.81,95,250.15,1
75.14,76.28,0,1,164628.5,108,334.69,2
42.88,42.29,111,158,1748948.54,135,120.84,1
8.04,25.31,0,2,1876.28,48,211.88,0
11.0,19.99,1,5,1454.12,78,367.54,0
48.8,49.68,143,147,609409.46,112,181.99,1
7.74,12.69,0,3,476.69,91,177.8,0
66.42,67.18,1,2,21948.19,90,227.9,2
8.52,27.58,0,1,4019.92,85,284.46,0
100.0,80.73,0,1,5613.69,113,75.31,2
99.75,56.99,2,0,15725.98,103,338.7,2
2.64,27.9,2,2,434.88,69,244.58,0
5.87,38.7,2,4,746.88,86,80.19,0
65.27,86.72,1,0,588469.59,88,195.07,2
26.96,43.36,188,108,116602.96,142,327.31,1
74.59,84.49,0,0,31534.64,70,297.22,2
25.07,46.3,121,96,320475.91,177,157.37,1
5.43,23.32,2,1,1652.76,78,327.54,0
69.22,79.35,2,0,100049.24,103,117.28,2
6.23,30.64,1,2,1861.46,69,141.58,0
7.22,38.97,1,2,795.15,63,256.95,0
100.0,73.9,1,1,124650.74,111,351.76,2
9.05,35.3,1,1,4809.86,84,345.4,0
40.13,63.48,58,96,1524084.66,101,148.95,1
39.48,47.9,112,164,759571.48,137,459.75,1
51.67,70.58,142,194,175624.62,127,180.08,1
100.0,70.32,1,1,105873.86,119,272.68,2
28.46,47.55,131,75,738966.28,122,254.34,1
71.02,66.5,1,1,284960.2,83,415.56,2
6.57,20.27,0,3,348.02,71,381.66,0
62.75,77.46,0,1,433470.96,75,291.91,2
86.34,67.71,2,2,51103.9,95,279.11,2
1.1,26.79,0,0,211.82,109,105.74,0
7.63,35.2,0,3,920.95,99,107.16,0
0.0,23.52,0,1,462.53,98,213.05,0
21.19,55.08,84,190,706279.89,93,279.54,1
12.27,59.07,121,113,1060323.1,131,375.26,1
5.0,42.1,0,1,611.77,86,380.4,0
83.79,69.35,0,1,150629.44,89,134.17,2
64.24,89.18,1,1,34039.12,92,259.91,2
10.15,40.13,3,2,725.46,81,244.22,0
6.73,20.81,0,1,3320.2,61,432.92,0
2.08,25.05,1,3,7473.98,69,330.87,0
9.3,44.15,0,2,926.87,69,105.03,0
26.04,58.86,153,136,2349904.74,110,259.7,1
62.32,66.42,134,123,595425.9,105,243.7,1
75.1,76.05,1,0,81818.05,85,288.22,2
11.6,27.9,1,1,1120.04,71,157.6,0
7.82,44.18,0,1,5875.26,69,174.01,0
1.65,27.89,1,4,808.5,92,144.88,0
63.24,87.19,1,0,326657.74,92,190.02,2
85.05,67.58,2,0,96413.15,102,300.81,2
27.03,40.37,86,159,168908.04,103,346.19,1
5.13,45.8,4,4,241.7,86,277.19,0
11.15,26.3,0,1,626.07,85,281.85,0
3.49,31.31,1,3,176.81,62,183.31,0
92.45,71.27,0,1,103818.87,109,243.4,2
20.09,36.87,156,130,21757.29,132,320.15,1
89.56,72.34,0,3,29156.25,90,163.97,2
23.1,71.74,120,125,147674.13,120,240.17,1
4.49,29.64,4,2,5157.19,77,156.6,0
31.35,44.74,214,111,554481.91,98,256.4,1
12.96,51.06,137,101,822213.6,99,352.67,1
75.21,66.25,3,0,164874.43,104,208.29,2
26.62,61.8,133,75,478458.44,152,230.03,1
0.0,40.81,1,4,1523.95,73,277.92,0
13.76,36.11,0,2,3043.8,63,218.68,0
2.84,37.59,1,0,869.58,81,172.6,0
19.51,55.86,146,256,439411.55,97,281.83,1
5.14,24.01,3,1,172.82,73,147.31,0
10.43,77.76,169,209,522583.85,127,232.47,1
49.03,44.95,95,110,1305766.88,122,369.21,1
10.8,23.94,0,0,3976.23,107,210.97,0
1.35,41.76,0,4,1863.39,71,314.99,0
50.49,53.12,146,204,74558.28,122,238.08,1
45.3,55.4,148,152,272364.42,120,296.43,1
61.53,58.41,0,0,148592.64,94,231.39,2
75.91,51.69,89,127,70344.78,144,230.03,1
47.22,41.44,139,115,495878.55,136,196.37,1
8.46,28.13,0,5,13.52,62,139.64,0
46.95,63.03,125,148,296552.47,96,331.89,1
89.31,76.85,0,3,108343.76,116,282.99,2
81.04,70.74,0,1,127946.04,74,283.77,2
4.2,37.21,2,3,427.68,73,174.94,0
13.89,19.74,1,3,1470.88,59,305.05,0
37.82,63.31,175,162,357177.45,98,255.3,1
35.69,37.37,174,200,606913.85,107,192.78,1
45.84,62.9,141,143,980007.42,116,150.44,1
8.2,31.31,1,2,358.58,97,232.59,0
3.98,23.15,0,3,676.5,84,298.14,0
48.35,55.32,189,177,158459.7,136,225.6,1
74.84,55.0,0,1,104995.93,88,249.24,2
27.56,42.89,136,193,412720.2,113,331.98,1
1.49,21.3,0,2,213.32,68,320.02,0
0.74,38.39,2,3,5331.01,87,258.24,0
14.21,76.09,154,118,116865.99,132,125.56,1
4.12,34.58,0,5,2740.52,78,129.79,0
8.82,21.15,1,0,1112.55,98,205.24,0
33.17,53.51,75,248,5190.02,106,271.99,1
8.25,25.74,0,3,2156.12,92,240.27,0
34.19,78.66,87,181,998411.23,157,278.16,1
65.53,66.71,2,1,840.6,102,324.48,2
4.87,40.69,1,3,5809.5,67,252.59,0
25.75,44.91,78,80,737581.5,100,310.73,1
24.93,51.02,67,119,633386.69,108,296.68,1
44.42,59.91,145,77,95241.93,121,159.85,1
82.29,65.82,0,3,30372.88,97,66.36,2
34.5,66.07,156,168,1383471.38,105,280.73,1
35.4,52.46,163,156,106500.26,129,281.17,1
30.77,42.52,113,239,185788.1,82,189.29,1
0.88,18.02,2,0,542.74,95,294.63,0
5.31,32.83,0,4,5183.96,76,253.77,0
91.6,84.47,3,0,76995.87,98,221.14,2
29.15,51.59,114,150,1050035.51,120,242.05,1
87.35,79.36,1,1,154561.64,102,237.73,2
38.13,73.36,106,181,525061.57,103,264.89,1
6.65,32.0,2,0,1255.54,89,113.18,0
2.34,18.41,1,4,2270.19,83,240.23,0
81.2,76.64,1,0,87030.18,110,356.65,2
7.81,23.36,0,0,1672.53,65,271.02,0
74.95,69.09,0,0,90608.19,98,385.16,2
6.87,27.27,0,1,174.94,96,291.13,0
6.28,10.0,0,2,479.83,74,169.08,0
57.44,55.41,106,198,1932493.31,95,333.05,1
25.73,49.92,141,193,1034469.31,111,309.02,1
37.07,46.29,155,168,6345.67,131,360.11,1
92.52,67.93,2,2,46833.58,112,264.58,2
2.43,28.21,0,2,349.81,80,220.45,0
40.69,45.61,172,232,1086327.26,124,86.94,1
4.16,28.44,1,1,1718.51,94,278.13,0
4.64,41.56,1,3,883.46,107,172.87,0
10.0,73.68,102,157,17421.63,110,369.34,1
4.98,26.72,1,4,1429.5,40,314.02,0
78.53,79.47,1,0,49612.23,103,200.88,2
1.44,23.74,0,0,733.38,61,267.28,0
35.59,50.98,143,181,120161.71,114,439.03,1
63.03,87.68,0,0,14403.66,112,255.74,2
24.38,42.54,175,89,85203.03,112,214.04,1
42.3,90.0,118,153,164418.19,109,378.7,1
7.45,25.53,1,4,1902.85,94,192.3,0
33.0,73.59,158,219,515925.44,132,311.32,1
7.56,13.01,0,1,330.77,118,256.44,0
3.3,28.12,0,1,2147.42,51,196.42,0
15.74,59.45,95,177,477031.63,127,267.44,1
10.0,56.07,138,164,824144.83,125,277.6,1
9.87,32.03,1,0,775.65,76,212.49,0
15.64,67.32,76,184,394386.13,103,306.78,1
80.52,75.84,0,0,26359.94,76,167.4,2
79.74,71.56,1,1,356622.85,109,123.19,2
82.19,56.16,0,0,5571.63,95,293.92,2
88.56,60.57,2,1,124928.52,122,239.88,2
46.86,51.6,154,103,931453.69,151,239.78,1
10.53,39.83,2,2,4903.38,95,215.62,0
3.84,22.68,0,0,5610.77,82,225.58,0
85.55,81.14,1,0,62895.36,108,259.09,2
32.05,66.53,166,58,1108221.44,127,229.41,1
26.78,36.11,159,65,1060523.71,120,203.77,1
34.25,61.15,171,125,343469.85,135,303.97,1
7.79,23.59,4,2,23.13,68,202.54,0
77.14,87.24,1,1,196215.9,90,308.5,2
30.66,63.6,179,289,222744.69,146,282.32,1
7.21,36.41,2,2,2478.43,83,410.57,0
46.87,55.75,89,259,986094.85,121,263.54,1
63.31,81.63,133,105,1440017.58,125,278.95,1
10.0,61.52,88,116,57031.27,120,246.04,1
10.0,53.56,67,153,374487.99,149,308.98,1
7.9,23.27,2,4,2596.72,64,161.03,0
88.95,83.97,1,2,33463.22,92,223.72,2
1.71,28.39,1,4,1065.92,110,288.07,0
5.6,28.56,0,3,2032.35,80,349.34,0
6.21,14.1,1,2,1325.92,85,206.89,0
9.78,23.98,3,1,1193.36,89,423.14,0
0.0,21.82,0,4,3396.7,78,313.85,0
92.45,68.46,1,0,60900.58,106,160.42,2
7.1,26.46,2,0,745.24,64,112.69,0
1.78,22.81,1,1,681.58,83,283.16,0
7.21,40.79,1,2,4226.31,90,283.42,0
19.91,47.76,145,193,228255.14,108,243.11,1
75.61,63.0,3,1,16594.84,138,173.92,2
49.53,35.14,79,118,142364.16,139,226.29,1
45.11,67.7,151,147,66767.17,135,233.39,1
100.0,68.95,1,2,91880.27,90,292.15,2
64.51,80.16,1,0,395165.78,92,314.05,2
11.85,38.08,0,2,21.38,92,158.1,0
56.55,52.39,127,151,82970.41,157,269.91,1
1.51,26.71,2,0,1381.93,75,354.62,0
22.68,57.04,183,169,5000.0,83,293.32,1
62.07,46.82,148,123,317302.65,103,238.23,1
5.25,24.77,1,1,4150.57,81,299.92,0
5.53,28.04,0,1,1737.99,82,257.97,0
26.11,62.23,142,154,92150.24,112,252.81,1
7.5,18.49,0,3,736.07,90,217.06,0
41.78,47.41,126,72,715857.21,146,281.09,1
8.96,29.27,1,1,3298.71,72,290.62,0
83.41,94.95,0,0,236868.52,83,239.85,2
0.0,32.87,1,0,1318.77,85,256.55,0
3.49,31.4,2,1,2883.98,82,170.73,0
30.87,71.23,100,148,102338.31,83,209.77,1
11.8,55.31,146,204,656133.33,76,106.01,1
6.25,19.49,2,2,3758.58,59,309.6,0
7.57,29.23,1,3,1792.62,83,234.75,0
21.78,47.48,130,122,60855.23,138,313.59,1
5.04,45.94,1,2,110.66,111,467.24,0
0.0,34.42,2,1,3066.72,72,276.53,0
31.12,73.62,65,212,462697.98,143,175.23,1
5.2,34.2,0,1,591.61,88,355.57,0
7.69,27.0,4,1,3820.03,63,90.13,0
5.05,46.96,1,4,2207.26,74,320.83,0
74.28,77.48,0,0,120643.96,86,169.96,2
8.46,22.5,1,3,781.6,93,242.45,0
38.13,77.88,47,226,27559.78,130,155.08,1
14.78,43.64,97,129,167502.36,108,198.18,1
79.54,73.05,1,2,112216.4,99,235.22,2
51.36,72.98,169,146,144890.44,105,130.08,1
44.31,49.5,117,163,153835.01,165,148.05,1
6.63,16.81,2,2,1479.39,67,408.39,0
16.07,44.81,140,100,693254.46,123,306.19,1
5.37,30.16,0,4,2065.97,63,171.65,0
9.77,39.81,1,1,3430.38,83,342.82,0
18.75,51.2,134,187,269396.97,91,250.22,1
17.07,33.03,1,4,806.55,112,268.46,0
0.0,39.04,0,2,2470.64,84,269.75,0
7.8,31.37,0,0,362.56,90,228.55,0
10.32,29.5,2,3,398.22,73,315.58,0
11.41,40.87,0,1,400.8,74,261.88,0
6.48,31.5,1,4,5148.19,79,385.74,0
86.98,80.65,2,0,30734.4,100,152.42,2
47.36,64.54,140,148,5000.0,121,186.85,1
58.69,74.13,156,158,176975.17,100,433.3,1
39.64,35.9,110,66,109706.46,115,235.49,1
10.0,43.42,124,188,1017383.48,123,199.88,1
12.33,43.86,121,156,222238.64,102,211.63,1
86.68,73.6,2,1,24146.46,108,177.48,2
7.68,22.51,0,2,5085.71,65,268.72,0
51.02,63.51,150,207,435730.68,153,246.65,1
65.57,90.69,2,1,174007.38,98,222.94,2
5.06,33.5,2,3,2399.48,65,191.94,0
21.11,56.1,155,190,703141.37,125,374.23,1
7.71,34.03,0,3,367.64,70,201.13,0
5.63,42.91,0,0,1369.5,61,260.69,0
64.91,53.77,152,175,719549.86,91,267.24,1
5.31,32.6,2,1,5384.89,78,324.16,0
2.0,19.39,0,0,3496.52,54,111.18,0
5.7,31.47,1,2,3224.45,84,376.54,0
8.9,28.63,2,3,556.37,81,200.28,0
25.57,68.66,203,232,488063.74,131,234.24,1
29.21,45.34,183,166,234807.29,110,199.85,1
12.1,47.58,214,196,442252.61,160,337.2,1
27.16,67.32,131,95,356267.02,143,60.1,1
41.69,28.97,115,121,793017.82,135,114.75,1
43.36,30.21,64,102,504710.13,142,299.99,1
7.0,21.53,2,1,365.53,87,223.22,0
5.76,32.86,3,2,1191.65,83,266.97,0
8.06,35.94,2,1,520.68,88,261.08,0
23.15,61.68,121,192,538715.93,113,238.92,1
27.53,47.99,136,105,645852.51,117,260.06,1
6.63,26.15,2,5,4725.69,74,259.65,0
13.49,48.46,180,179,976232.83,102,319.47,1
2.55,21.73,2,1,3451.82,84,252.89,0
33.18,69.88,63,114,383190.44,111,324.16,1
75.82,90.37,2,0,7051.86,90,198.38,2
34.19,51.0,105,87,428884.05,119,316.04,1
92.3,93.28,0,1,1094.54,94,248.71,2
82.57,85.32,0,1,49752.44,109,434.41,2
46.17,33.28,84,139,622048.88,123,241.01,1
43.34,35.33,70,116,255831.04,139,300.04,1
0.0,29.14,0,1,485.53,57,256.43,0
68.97,49.19,117,160,273417.34,98,241.58,1
7.44,29.94,1,1,1914.49,88,116.23,0
79.5,77.71,1,1,86502.08,134,205.92,2
10.83,28.55,1,3,221.76,108,228.59,0
42.39,49.19,78,127,1015008.83,132,182.02,1
12.24,27.46,1,3,1956.87,73,215.06,0
83.94,72.01,4,0,85744.69,110,314.1,2
4.12,35.73,1,3,3886.79,79,198.02,0
3.38,34.8,0,3,53.53,87,230.83,0
4.75,29.3,2,2,3676.61,96,154.84,0
53.32,58.74,100,163,731810.34,128,258.66,1
1.15,19.34,1,1,1159.39,62,360.65,0
6.35,22.27,0,3,1116.43,76,136.73,0
6.04,32.18,2,1,2104.45,61,452.07,0
83.03,70.36,2,1,44698.13,90,134.02,2
7.76,30.97,4,1,1093.03,44,345.19,0
69.15,90.42,0,0,10843.56,90,193.97,2
2.96,33.78,0,1,21.84,75,138.71,0
27.24,51.62,213,126,416813.06,98,194.41,1
0.21,25.83,1,1,133.67,67,217.27,0
90.19,82.57,0,2,10557.7,104,369.61,2
0.06,24.45,0,2,833.8,48,243.62,0
48.11,59.05,118,157,620850.13,150,240.5,1
5.05,32.33,2,0,2172.44,85,240.05,0
65.65,58.83,1,3,30918.31,75,189.82,2
65.12,71.17,2,1,446655.27,98,156.26,2
17.2,10.25,0,3,1379.69,50,114.66,0
8.26,30.71,0,2,1223.87,77,286.77,0
54.96,48.66,157,149,292365.84,124,306.8,1
24.36,41.62,131,162,149062.71,117,322.02,1
10.1,31.1,0,5,1725.29,93,170.99,0
2.5,26.87,0,3,729.95,78,260.02,0
49.81,61.84,85,69,617524.58,108,220.33,1
64.92,85.01,0,2,3816.6,95,373.57,2
64.16,58.74,169,160,658964.06,94,253.22,1
24.45,59.34,69,224,294729.52,107,207.58,1
6.36,24.49,2,1,2759.16,52,384.96,0
91.14,80.91,1,1,100551.31,99,283.13,2
56.93,46.58,128,90,1774855.6,127,294.03,1
73.95,78.44,1,1,14124.7,92,342.89,2
18.72,37.22,1,1,603.81,103,53.28,0
33.08,50.5,182,188,54035.81,147,250.2,1
12.63,53.72,117,154,2643882.88,112,392.49,1
5.57,21.32,4,2,333.6,75,335.37,0
6.09,37.8,1,0,2100.5,68,224.25,0
80.79,77.71,0,2,41765.85,102,323.24,2
24.29,78.07,107,43,459692.08,112,253.69,1
85.62,78.09,3,1,22250.33,99,132.69,2
100.0,95.88,1,0,21179.72,74,338.9,2
51.0,53.21,103,159,643057.08,147,248.56,1
0.79,27.54,1,2,16.45,59,325.76,0
13.27,32.95,168,86,825706.81,132,293.43,1
92.16,74.26,0,1,52790.68,101,253.5,2
37.3,46.99,107,123,208477.58,112,372.93,1
10.53,28.25,0,4,5558.57,88,434.6,0
2.67,33.07,1,1,1044.98,112,364.93,0
77.84,76.81,1,1,125130.31,102,273.72,2
4.22,22.18,1,1,1386.32,99,313.11,0
5.76,28.62,2,3,444.43,68,228.44,0
80.0,52.31,96,180,24999.92,144,202.61,1
31.64,68.8,131,60,24924.85,108,318.18,1
27.05,59.78,65,192,906126.32,100,193.32,1
11.43,19.91,1,1,3327.02,58,233.01,0
0.23,30.34,1,1,4821.57,101,296.08,0
62.06,78.73,0,0,271029.78,112,349.25,2
3.89,22.2,2,3,1213.89,86,323.65,0
70.24,76.73,1,1,112509.1,99,96.26,2
2.89,34.53,1,0,2201.46,98,182.53,0
15.57,67.18,86,147,297746.69,170,111.83,1
11.57,21.97,3,3,361.65,110,293.27,0
7.31,31.31,0,1,2994.75,51,336.55,0
10.0,76.41,142,58,566720.75,127,287.18,1
36.27,37.18,124,134,481862.98,126,159.63,1
42.71,51.03,30,81,90497.85,97,334.74,1
63.7,73.11,103,124,432761.23,117,259.23,1
46.37,50.62,128,146,90439.1,97,226.79,1
7.26,22.31,1,2,735.07,80,298.92,0
80.22,73.03,0,1,57354.74,104,67.43,2
46.63,60.75,135,146,263967.46,144,336.05,1
40.8,67.62,158,210,647561.06,131,310.1,1
4.29,29.89,1,0,235.92,100,351.12,0
35.15,58.67,100,178,338997.98,102,182.02,1
63.39,43.67,68,203,498880.84,122,253.21,1
7.43,29.29,1,1,1082.12,89,303.34,0
22.64,43.49,162,134,185041.67,129,234.9,1
49.07,43.89,109,100,265646.22,126,50.0,1
0.0,24.08,0,2,1161.18,94,282.1,0
0.0,26.84,0,1,987.38,107,287.98,0
61.99,68.63,3,2,29182.32,62,182.96,2
78.2,78.35,2,2,47304.24,123,68.61,2
26.86,69.72,77,166,425900.74,97,316.15,1
86.23,71.85,1,0,161629.67,78,172.33,2
1.35,24.46,1,1,188.7,100,334.29,0
72.14,81.47,2,1,33001.15,91,179.58,2
19.15,54.93,157,171,230939.56,127,274.62,1
52.11,66.5,0,1,15877.22,86,258.99,2
23.86,51.18,119,169,144180.75,143,331.17,1
5.07,15.14,1,3,508.51,100,214.75,0
72.16,73.15,0,2,121983.95,98,338.67,2
63.72,62.66,1,0,12953.45,81,151.07,2
10.0,46.51,120,134,576213.53,119,350.89,1
48.87,54.41,194,168,62294.43,115,349.53,1
4.97,33.08,0,2,1411.49,92,279.91,0
11.45,32.25,1,2,382.1,93,216.89,0
5.52,17.88,1,1,459.18,104,237.69,0
40.31,45.4,125,191,12736.38,124,175.93,1
25.19,27.82,85,149,231204.35,83,94.02,1
50.05,49.85,141,122,360177.04,114,219.27,1
64.23,72.04,146,130,159680.24,109,347.25,1
5.5,12.51,0,2,1993.04,80,260.98,0
6.77,18.39,1,3,459.17,75,226.03,0
91.18,66.22,0,2,583.93,98,190.78,2
57.43,77.14,0,1,49814.26,117,319.53,2
3.44,33.01,2,2,161.5,74,169.55,0
8.32,26.23,0,0,6335.88,69,219.86,0
9.46,24.22,0,0,425.36,66,201.21,0
44.4,42.87,67,97,498863.42,117,293.02,1
3.6,30.99,3,1,778.55,67,331.89,0
33.52,68.48,82,163,143841.81,122,99.18,1
4.9,33.65,0,3,600.52,95,320.0,0
11.88,50.27,63,147,43489.03,120,156.59,1
2.67,30.01,2,3,1046.07,96,366.93,0
14.49,60.21,53,72,33451.43,144,274.84,1
25.9,42.47,53,75,1208115.84,139,205.64,1
76.54,76.16,0,3,400215.75,119,178.93,2
30.03,67.9,99,80,160403.35,122,165.61,1
25.01,77.67,96,202,178705.8,124,259.89,1
8.85,39.72,0,2,3685.56,80,315.41,0
7.24,29.92,2,3,3150.0,102,346.44,0
5.23,30.6,3,2,783.95,77,286.38,0
31.89,54.0,105,183,180879.09,115,286.1,1
23.01,62.91,158,89,946043.38,94,324.64,1
62.06,39.96,142,148,1422378.96,119,316.74,1
8.57,25.79,0,5,46.4,73,168.02,0
79.04,81.2,2,1,137346.45,89,251.26,2
56.91,69.72,122,191,372616.89,114,289.16,1
62.93,77.86,2,4,8349.4,74,160.79,2
26.92,76.08,77,148,299377.3,129,268.2,1
39.74,63.47,166,137,132253.77,148,248.48,1
66.96,54.61,168,76,178550.9,122,283.92,1
7.09,26.43,1,2,1088.39,110,341.36,0
19.74,65.97,97,121,451720.83,106,252.78,1
0.0,40.43,1,1,1021.92,82,178.53,0
0.0,25.68,1,1,5312.21,52,204.84,0
6.8,45.8,1,1,250.02,93,395.07,0
76.99,69.85,1,1,27428.13,114,264.92,2
82.74,74.43,1,1,3343.18,104,232.38,2
36.61,45.73,148,127,681863.25,139,285.1,1
24.87,48.43,86,145,504226.89,130,347.92,1
71.86,48.79,134,155,628828.09,170,182.7,1
14.41,65.26,77,114,218588.92,118,253.14,1
15.03,48.75,113,142,624705.19,135,282.39,1
58.02,61.25,172,195,264504.87,113,288.34,1
11.0,31.43,2,1,8626.03,77,243.15,0
37.04,57.68,135,79,233406.0,140,367.86,1
6.13,30.42,1,3,84.36,87,314.06,0
12.24,33.74,1,1,1712.8,73,305.95,0
10.0,52.29,106,134,406169.0,135,305.5,1
35.29,44.65,76,164,939570.25,116,289.01,1
49.1,41.97,63,110,976408.42,94,236.99,1
45.18,55.05,188,133,1961880.01,107,192.13,1
16.21,33.95,202,68,774391.09,175,317.09,1
46.07,39.39,146,184,1040833.79,111,190.12,1
0.65,29.84,2,3,4399.08,88,245.66,0
9.88,37.36,0,1,1793.31,79,192.66,0
53.78,65.43,70,182,197559.71,129,354.27,1
10.38,24.94,1,1,1245.4,71,306.57,0
40.81,67.92,60,187,431492.2,146,231.89,1
9.35,31.61,0,2,701.19,98,270.85,0
34.69,62.99,152,197,753984.85,128,154.6,1
34.97,38.11,201,122,211974.36,133,198.96,1
14.48,30.29,0,6,7185.66,71,299.62,0
51.3,50.0,63,128,586344.63,130,333.8,1
6.71,29.14,2,2,4676.97,106,193.21,0
27.65,74.86,158,152,44250.63,114,298.62,1
28.38,52.87,148,285,5000.0,129,209.25,1
38.96,42.16,99,164,37469.87,125,152.84,1
30.02,39.34,115,79,8266.39,110,105.78,1
15.0,59.51,220,184,814353.09,116,163.11,1
1.7,33.19,2,1,844.46,80,98.21,0
45.07,60.32,87,121,193955.89,103,268.04,1
42.11,53.23,120,91,308209.72,128,452.5,1
100.0,75.26,2,1,102856.53,129,226.22,2
20.21,44.87,118,149,64242.8,113,164.86,1
78.15,81.1,1,0,116449.02,96,174.45,2
46.51,53.62,120,214,165374.03,99,291.59,1
46.1,68.38,122,138,1218926.3,96,317.86,1
40.44,35.81,102,132,80533.42,123,225.45,1
23.79,60.44,252,107,1973588.98,111,386.13,1
2.81,43.68,1,1,1820.5,57,226.86,0
5.97,28.36,0,1,482.4,85,344.37,0
6.03,31.98,1,1,3949.84,88,362.08,0
43.89,52.49,150,138,2279173.69,118,162.03,1
58.74,56.54,206,255,51609.05,91,142.61,1
48.22,59.24,144,204,475025.93,99,140.05,1
53.19,52.04,78,167,68868.29,84,259.3,1
50.0,98.0,1,2,146712.75,112,228.08,2
89.49,67.79,0,3,62434.45,99,298.97,2
17.24,30.56,1,4,7642.11,97,324.9,0
16.06,42.99,70,102,83802.56,153,146.85,1
12.92,31.6,0,1,1025.98,93,146.52,0
52.98,55.0,0,2,32995.3,105,50.0,2
1.31,41.73,0,3,705.31,93,341.22,0
13.64,57.66,30,125,1028004.17,146,300.62,1
10.91,19.89,0,1,1356.6,84,253.19,0
30.64,25.0,123,123,111512.9,125,286.83,1
58.13,37.27,40,166,293559.23,98,180.26,1
21.61,37.71,90,155,491302.96,104,64.27,1
10.0,37.56,135,204,1330057.47,106,244.35,1
0.0,36.95,5,5,1925.51,92,116.22,0
70.18,65.9,2,3,217762.69,109,234.0,2
6.41,36.64,0,4,488.94,73,265.87,0
43.87,51.65,108,140,43330.96,147,245.93,1
45.29,55.29,121,174,19827.7,136,381.22,1
18.65,52.62,74,191,1392640.9,144,307.16,1
38.41,57.1,155,140,63469.84,106,321.45,1
13.33,84.48,41,236,291903.03,91,323.64,1
87.97,83.56,0,0,969.33,98,240.67,2
48.35,44.82,189,165,138052.84,134,155.84,1
46.93,46.58,139,150,389520.06,90,256.34,1
9.85,34.46,0,1,1137.66,81,350.53,0
19.76,52.26,84,131,210830.96,94,100.95,1
4.19,31.8,3,2,5586.38,91,234.54,0
80.65,88.14,1,3,86361.16,126,204.63,2
8.08,29.34,1,1,3312.7,74,229.18,0
0.0,35.78,3,2,2191.12,62,322.43,0
80.72,69.65,0,3,7851.34,86,289.98,2
66.0,88.58,0,2,65311.59,99,314.17,2
5.93,37.5,1,1,419.85,95,260.26,0
75.62,55.0,0,1,71864.96,103,180.98,2
29.55,71.08,146,125,96684.54,106,227.69,1
76.24,98.0,1,0,121708.0,93,450.48,2
14.39,42.75,96,177,16463.66,141,112.2,1
9.55,17.22,0,2,1156.21,87,147.08,0
40.99,44.42,130,229,55758.45,97,194.37,1
19.06,54.22,167,111,88867.56,130,191.08,1
69.18,62.6,0,1,203014.19,119,257.6,2
6.15,28.23,1,1,3085.34,63,127.64,0
1.92,26.65,1,0,2369.61,56,178.05,0
42.03,73.17,103,65,676631.14,135,408.81,1
37.2,35.95,128,107,106269.71,113,209.28,1
55.01,47.09,98,122,2322022.68,109,333.63,1
84.42,79.82,1,0,155327.74,101,361.6,2
3.29,39.27,2,0,862.53,92,225.34,0
2.59,39.33,3,2,2662.52,70,303.36,0
11.91,29.72,1,2,1056.28,67,251.89,0
18.39,72.76,104,73,26510.46,103,52.59,1
9.11,37.85,0,1,2881.78,82,133.97,0
50.68,52.5,138,293,2032125.11,118,261.49,1
44.87,65.26,78,107,58520.33,149,270.96,1
9.64,40.55,1,3,444.31,82,285.25,0
42.71,48.08,53,135,230584.95,122,205.83,1
5.39,33.92,0,3,1047.03,99,205.21,0
5.34,18.68,2,1,903.14,56,134.62,0
1.96,42.46,1,2,1559.15,90,220.35,0
18.17,29.08,204,225,18607.53,128,252.66,1
58.6,29.93,92,132,724203.6,148,275.93,1
20.43,63.99,51,97,174775.07,140,236.61,1
51.93,62.9,157,109,646429.67,95,140.52,1
48.52,61.6,30,101,1173886.08,104,298.55,1
14.22,63.95,135,175,413970.73,106,224.81,1
2.25,21.13,1,1,885.95,60,333.77,0
30.04,47.31,30,95,835598.36,106,307.4,1
21.37,30.04,135,170,1257384.86,140,255.91,1
2.85,35.52,0,2,288.92,130,137.16,0
46.69,53.79,159,130,363991.83,123,309.81,1
10.64,32.64,2,1,121.39,70,267.24,0
7.12,18.83,2,0,2829.52,87,324.64,0
26.95,40.02,144,182,2293233.75,95,355.89,1
89.95,69.98,1,1,190320.4,115,140.5,2
48.35,50.44,137,129,684643.11,110,390.95,1
7.93,36.36,2,2,811.92,73,349.99,0
42.61,65.16,161,162,660373.11,84,235.01,1
100.0,71.01,4,0,423.69,99,359.44,2
21.67,59.7,112,212,382541.08,96,139.14,1
7.41,23.38,3,1,149.97,103,233.08,0
10.0,39.91,177,209,209811.72,118,208.02,1
91.17,69.63,2,1,159324.01,112,282.04,2
71.86,78.83,0,2,35695.69,60,294.35,2
10.74,42.92,1,1,1387.47,80,362.33,0
6.08,30.52,0,5,217.02,70,201.49,0
98.54,70.76,3,1,3261.0,108,351.19,2
7.24,38.93,2,3,649.09,63,248.47,0
74.41,95.71,1,1,27873.82,112,107.46,2
58.33,60.05,153,135,372108.1,87,222.5,1
8.5,21.48,0,1,349.02,80,149.56,0
9.1,33.9,0,1,67.4,70,192.39,0
23.99,34.16,77,174,35741.49,119,233.21,1
77.27,46.42,172,211,585059.21,124,117.3,1
42.07,39.69,90,88,261326.99,103,317.85,1
42.23,64.78,139,70,782223.33,113,247.98,1
4.8,35.19,0,4,114.08,103,289.33,0
43.17,68.19,131,101,169479.59,158,214.76,1
58.45,89.43,0,1,9106.7,111,363.57,2
3.95,31.4,0,1,7975.86,93,362.28,0
5.11,29.43,1,2,554.97,44,357.7,0
28.08,57.75,187,197,43562.96,103,311.16,1
5.07,41.97,0,4,2335.48,71,208.5,0
0.0,25.31,0,0,239.36,88,308.99,0
14.16,55.33,108,110,235352.04,114,311.6,1
7.24,34.88,1,2,7944.88,66,292.98,0
0.0,34.3,0,2,1654.81,79,210.93,0
0.0,24.39,0,2,458.93,103,206.07,0
31.79,65.62,105,82,2263654.3,128,284.61,1
0.0,27.07,1,2,1578.53,91,302.3,0
100.0,77.67,1,0,181235.21,110,192.18,2
72.11,69.91,0,2,35270.25,79,159.8,2
22.54,50.9,140,41,1005756.87,119,237.14,1
75.25,83.84,0,0,35874.76,108,272.6,2
4.89,22.76,0,1,600.23,65,196.96,0
16.24,63.24,88,200,5774.63,152,267.08,1
46.91,62.72,93,142,542548.73,126,328.31,1
10.0,79.39,90,199,363761.64,117,195.64,1
72.29,63.79,0,2,13443.42,107,219.27,2
80.0,74.37,2,2,79275.74,104,196.62,2
44.24,46.05,167,119,427223.97,81,68.04,1
23.32,29.99,109,114,1179748.04,112,248.44,1
3.42,38.37,1,2,1871.75,72,236.05,0
33.84,54.67,100,103,211071.65,92,109.65,1
0.0,45.14,1,0,4785.64,112,156.75,0
8.93,33.72,0,2,1365.45,71,162.24,0
43.05,62.03,123,168,222503.89,137,83.89,1
18.13,36.74,1,3,1820.28,68,135.27,0
59.15,69.94,3,2,57971.37,107,216.01,2
6.92,30.17,1,0,11706.53,42,329.85,0
61.64,58.31,94,184,519011.31,140,296.27,1
24.26,84.34,178,188,12958.64,145,319.14,1
81.94,65.56,0,1,9295.1,115,221.61,2
71.65,66.61,2,1,255850.13,113,259.93,2
66.23,83.59,2,0,124093.84,103,341.01,2
10.0,45.69,101,87,603111.07,120,192.81,1
28.22,62.76,122,140,15268.96,139,166.55,1
4.96,31.06,1,2,539.58,77,60.4,0
67.15,78.14,0,0,2036.24,97,179.97,2
5.11,17.85,1,1,13.16,85,358.59,0
55.37,71.49,1,1,19476.32,87,206.56,2
32.48,63.73,124,219,179097.38,86,150.64,1
10.03,34.09,4,4,192.04,75,217.73,0
51.4,61.85,160,135,349151.47,117,252.02,1
6.95,34.82,0,0,6952.2,74,225.73,0
15.23,61.77,156,103,654259.94,149,231.63,1
8.52,27.45,0,0,2075.27,96,139.17,0
1.35,15.42,0,3,526.27,70,401.76,0
10.0,65.92,156,150,97812.12,140,147.42,1
43.94,42.27,129,65,991811.22,98,261.32,1
49.18,74.58,74,165,47448.19,133,317.74,1
27.07,51.58,120,181,378087.87,110,256.75,1
69.14,84.83,0,2,138753.97,110,309.32,2
44.09,61.72,117,167,1262899.56,92,157.27,1
78.43,83.09,1,2,43756.02,85,218.79,2
37.89,65.33,120,124,166786.31,139,163.22,1
35.39,84.72,114,155,373250.06,127,312.5,1
98.9,82.58,1,0,61251.57,101,338.19,2
29.05,66.41,143,119,129137.89,121,284.36,1
50.35,36.35,187,195,1186811.58,121,361.29,1
44.21,57.44,118,179,134096.13,95,362.51,1
47.04,52.56,136,78,1044566.89,105,191.16,1
35.23,68.45,124,132,1485079.33,118,354.78,1
7.33,16.71,0,1,598.0,77,264.26,0
4.17,22.19,1,1,505.01,83,119.86,0
13.21,21.2,1,4,2856.18,86,250.95,0
4.95,44.37,2,1,780.77,80,50.0,0
29.72,47.07,90,62,152495.97,120,293.05,1
51.32,51.43,132,148,673975.14,102,244.28,1
36.01,47.26,107,225,1501438.66,133,278.35,1
40.17,43.37,73,79,207549.24,109,370.68,1
10.0,44.62,149,186,840998.99,73,255.52,1
45.02,63.36,134,163,334337.04,139,239.15,1
71.71,85.36,2,1,18228.3,88,359.55,2
87.31,71.75,0,1,134517.37,90,147.46,2
34.1,39.27,122,162,971908.92,114,187.69,1
8.0,20.77,1,0,8099.85,104,269.73,0
8.74,27.14,3,0,3120.97,79,248.05,0
10.03,52.4,0,1,896.22,71,68.18,0
11.31,58.85,82,47,334517.48,101,143.94,1
14.85,47.81,102,182,398380.3,147,289.37,1
79.81,66.13,1,3,100023.55,98,244.41,2
69.24,80.4,1,1,242148.5,91,217.71,2
6.55,32.0,0,2,1037.73,84,272.62,0
34.92,60.2,150,202,735562.57,137,305.89,1
72.45,72.97,1,1,352087.85,97,146.05,2
45.46,51.08,77,194,2144112.61,123,150.83,1
7.51,45.96,2,2,393.06,70,183.69,0
76.84,78.0,1,0,123958.27,119,233.04,2
84.16,64.88,2,3,60800.94,94,369.65,2
44.21,53.7,82,183,53377.95,114,156.73,1
14.71,61.99,146,142,149239.28,112,310.57,1
7.43,16.96,6,3,1358.53,92,111.08,0
28.05,71.97,63,168,327085.65,129,334.12,1
9.7,34.43,2,2,3552.97,88,343.76,0
13.93,23.11,1,0,1152.97,60,216.95,0
28.01,69.19,177,116,896653.86,111,411.79,1
40.66,52.9,121,210,359558.06,120,248.56,1
7.58,29.66,2,5,1318.28,69,264.09,0
34.56,43.81,147,117,246656.96,134,159.07,1
21.67,72.86,88,226,177949.61,77,317.4,1
5.12,27.25,3,3,4930.52,55,184.64,0
34.91,43.3,58,193,448882.36,172,304.76,1
3.0,27.38,0,2,937.24,90,305.6,0
6.04,15.9,1,1,438.5,68,369.46,0
3.27,20.07,1,0,2207.42,65,129.14,0
10.87,31.3,2,3,759.64,67,105.49,0
50.25,28.27,47,119,471730.19,134,288.58,1
68.26,73.27,0,0,105142.19,89,428.64,2
32.51,48.22,151,98,5000.0,173,332.42,1
1.44,32.6,1,4,210.84,54,307.32,0
20.54,65.76,136,117,215847.37,149,352.03,1
41.05,71.26,122,188,135029.84,87,256.97,1
3.29,35.97,0,2,4043.31,72,209.59,0
10.0,72.25,102,28,664899.88,111,316.0,1
60.69,54.56,114,94,102889.79,102,165.66,1
6.12,24.8,0,4,13562.96,69,292.86,0
5.84,34.93,1,2,2219.98,74,139.66,0
3.33,42.63,0,1,400.79,79,296.66,0
76.36,65.25,2,1,157036.16,85,281.49,2
66.14,81.63,1,3,33615.26,79,347.83,2
11.31,32.49,0,1,5146.32,72,366.36,0
27.29,48.72,164,101,123768.98,138,310.91,1
76.43,77.89,1,1,32563.76,122,196.71,2
1.39,32.9,0,4,342.25,84,356.34,0
64.47,65.76,1,1,110391.95,95,237.3,2
3.66,22.99,0,2,1030.49,61,270.7,0
10.0,40.52,97,117,1231603.59,99,351.88,1
31.71,52.88,109,103,371683.59,132,134.27,1
10.0,59.13,118,115,82482.37,131,176.27,1
42.31,67.28,126,71,293177.58,132,189.67,1
1.71,13.05,2,0,2556.05,76,198.19,0
0.72,16.47,1,3,1211.92,92,144.03,0
49.08,48.9,122,122,192746.14,86,380.11,1
62.43,55.44,2,1,99527.76,100,260.82,2
16.71,47.11,130,186,645160.85,112,276.12,1
17.84,69.39,133,146,308835.77,141,231.22,1
15.83,25.25,0,1,365.71,73,208.46,0
53.87,63.0,132,170,357129.6,79,146.09,1
22.66,64.12,81,59,416660.64,109,183.75,1
3.69,20.93,0,2,495.19,87,257.33,0
38.0,45.74,99,232,447436.97,139,189.22,1
6.99,40.97,0,0,4311.79,77,185.06,0
4.04,28.39,1,1,3010.41,101,322.81,0
23.26,43.45,154,160,60329.54,152,236.21,1
58.03,74.73,0,1,86684.18,97,352.16,2
45.46,53.8,36,112,675785.97,122,357.74,1
71.8,84.23,5,2,58704.23,100,282.65,2
6.3,29.17,2,1,531.07,96,271.57,0
20.82,65.66,206,70,428875.11,136,93.38,1
91.35,66.77,0,0,136140.6,112,348.63,2
72.05,60.45,0,0,42320.73,85,223.66,2
5.99,23.85,1,3,4308.79,82,249.44,0
12.39,59.16,154,171,360680.96,128,176.69,1
26.99,44.36,186,146,2282775.85,149,164.61,1
9.9,40.18,2,2,4656.3,87,53.5,0
51.7,44.77,127,107,119576.0,167,160.34,1
27.47,59.51,162,198,1126713.28,108,221.8,1
55.72,55.33,30,148,188844.77,111,304.06,1
44.83,43.93,121,178,31783.72,100,148.49,1
45.69,66.6,126,207,641625.01,101,220.15,1
4.88,28.02,2,2,2358.85,74,291.34,0
35.39,45.1,109,143,275499.62,113,186.33,1
4.67,32.84,0,0,1545.04,79,334.66,0
37.57,51.37,111,120,232129.41,139,226.69,1
93.57,76.79,0,2,7939.54,100,400.97,2
10.08,34.2,0,4,385.19,73,250.38,0
44.96,53.68,155,66,124494.21,138,246.58,1
5.28,15.3,2,1,271.11,85,255.34,0
4.88,36.8,2,1,2876.53,57,174.79,0
33.8,32.24,151,147,289282.06,98,264.41,1
5.54,34.53,2,6,1026.79,64,222.34,0
74.98,91.74,1,1,136340.06,96,207.67,2
34.38,49.06,129,190,19718.8,146,224.11,1
0.0,27.18,0,2,3.07,87,318.08,0
42.25,55.52,156,132,312264.64,137,333.36,1
9.13,30.42,1,3,4060.04,85,163.41,0
23.16,38.21,146,122,75822.85,122,159.31,1
8.27,38.29,0,1,219.1,64,193.7,0
2.44,19.94,1,3,4875.42,74,183.49,0
10.84,69.62,106,117,1089425.36,136,196.05,1
42.28,46.78,190,72,93160.12,104,273.33,1
6.4,40.18,0,2,123.76,97,154.18,0
5.4,24.89,0,2,1418.78,77,270.11,0
10.77,38.02,1,2,3201.55,69,157.58,0
67.56,70.14,1,4,63808.79,119,220.76,2
4.39,24.46,1,2,1151.25,80,284.42,0
68.61,73.66,1,0,3292.51,93,199.21,2
6.74,43.02,2,2,681.69,71,257.34,0
10.79,41.07,0,1,384.18,81,119.09,0
14.34,63.33,155,78,811950.03,144,220.64,1
68.64,61.87,2,1,78673.37,124,153.24,2
64.97,68.65,1,2,108185.58,108,200.26,2
86.68,72.65,0,1,94127.44,106,333.42,2
35.36,72.23,110,151,989739.21,115,414.23,1
7.58,19.47,3,3,4595.71,96,143.45,0
75.58,89.75,2,0,106770.78,85,218.58,2
31.35,27.98,106,191,739181.94,106,314.68,1
94.81,73.61,0,0,16789.37,73,261.97,2
4.86,20.4,0,5,260.26,78,302.06,0
44.34,53.73,169,122,59069.17,108,332.9,1
30.57,47.55,180,108,304304.19,140,133.55,1
36.75,43.3,128,146,869220.62,147,301.25,1
34.12,52.19,123,131,36990.15,113,295.61,1
28.86,53.67,72,229,477364.66,142,284.19,1
32.14,50.15,150,135,497252.1,86,282.17,1
39.86,60.56,119,74,585866.4,131,298.24,1
68.48,98.0,0,1,5898.35,94,140.51,2
5.95,37.5,0,0,523.02,70,388.46,0
49.24,62.98,122,197,1120328.8,93,285.55,1
19.19,63.12,161,46,40628.57,138,193.56,1
53.75,52.56,138,132,191727.42,83,191.13,1
0.0,41.44,1,2,149.6,56,169.88,0
2.26,44.09,0,0,2293.48,73,91.11,0
34.18,59.11,30,136,135731.54,87,155.35,1
6.97,29.55,0,1,7601.31,74,342.54,0
3.19,26.64,0,0,159.44,83,166.26,0
6.37,26.89,2,2,2231.69,68,315.29,0
51.92,41.62,41,62,190243.0,127,335.57,1
10.0,48.54,173,178,696859.1,149,330.8,1
38.78,68.09,103,163,127244.01,127,256.18,1
43.1,45.3,104,175,1162229.89,94,285.92,1
10.08,30.02,1,2,1480.62,83,106.41,0
6.76,38.36,2,0,418.1,87,276.67,0
9.0,29.52,2,3,1692.4,54,311.88,0
10.0,40.57,99,200,251647.36,124,268.95,1
6.12,15.9,1,6,101.5,81,107.64,0
22.76,36.54,154,203,68240.78,119,162.24,1
78.46,73.5,2,3,104674.24,96,346.82,2
31.69,67.7,135,211,112797.72,94,272.47,1
10.0,70.2,110,103,124565.03,148,310.0,1
69.04,56.5,1,1,36969.29,89,263.69,2
23.93,52.52,56,108,2022667.63,132,209.13,1
81.17,62.62,1,1,78083.76,115,50.0,2
25.13,71.11,95,113,948824.09,137,229.48,1
2.47,22.46,0,2,4704.69,81,317.68,0
29.47,51.93,110,244,304595.94,92,207.54,1
60.0,70.38,113,191,396425.32,119,272.34,1
1.32,43.68,0,1,365.45,65,276.48,0
36.71,52.96,141,204,250767.0,99,349.22,1
43.24,81.92,117,115,689051.86,87,50.0,1
70.06,84.2,0,3,32074.78,73,314.93,2
6.04,27.76,3,5,786.45,51,169.42,0
40.1,55.06,113,189,145669.65,115,390.8,1
10.59,32.41,1,3,3743.58,73,288.92,0
12.9,38.74,1,4,29.93,71,251.52,0
47.52,58.75,115,160,48052.36,70,151.79,1
39.85,46.77,188,118,24497.72,144,320.51,1
48.81,44.08,157,68,602432.01,129,142.42,1
24.81,59.4,92,206,311650.47,110,335.86,1
62.98,85.37,143,148,1553615.28,138,131.71,1
85.96,55.0,0,1,5754.7,100,207.95,2
6.05,30.54,0,1,2851.34,52,280.43,0
8.05,34.04,0,2,393.85,66,208.82,0
5.78,24.52,1,2,948.28,78,374.93,0
25.75,64.45,158,171,112648.38,118,235.79,1
8.96,28.59,1,1,65.25,106,311.23,0
3.85,42.26,0,2,167.02,97,327.93,0
38.41,32.21,105,132,137400.38,136,371.53,1
27.14,57.31,180,182,619167.96,119,300.57,1
12.57,27.12,1,1,2633.47,96,285.26,0
4.15,19.04,0,8,94.42,90,107.28,0
3.67,28.27,1,2,2157.94,47,274.14,0
61.33,62.62,124,211,650945.51,126,183.17,1
6.75,33.57,2,2,7739.53,75,254.23,0
15.29,60.33,144,153,1345145.67,131,221.5,1
24.39,63.1,81,176,2234358.25,122,264.84,1
8.66,32.18,0,0,203.01,61,309.25,0
65.35,75.96,3,1,35883.87,111,220.68,2
8.34,19.26,0,0,1433.96,82,336.52,0
6.26,26.38,2,2,1733.03,102,290.0,0
85.52,82.44,1,2,256572.25,124,207.05,2
57.41,51.72,181,174,522431.97,127,233.82,1
7.27,15.06,2,2,400.92,74,321.04,0
7.85,34.69,1,1,4112.42,64,92.63,0
12.89,38.03,0,1,198.9,86,312.64,0
77.64,73.15,0,1,97937.26,87,224.81,2
24.5,45.98,78,145,685089.39,117,268.63,1
5.2,30.06,0,3,406.57,87,305.41,0
80.32,76.47,0,3,7297.69,112,252.2,2
9.05,21.54,3,3,2457.42,46,193.55,0
0.0,38.77,1,4,1883.87,58,185.52,0
6.03,31.71,2,4,108.2,78,149.28,0
89.16,72.74,0,3,162104.15,101,285.24,2
5.39,21.61,1,2,593.97,69,274.64,0
10.42,29.12,1,0,1224.55,95,233.31,0
5.69,39.76,1,0,539.84,95,171.69,0
4.82,16.95,0,4,1854.18,78,242.44,0
68.41,87.91,2,2,237902.13,117,322.75,2
60.81,44.29,55,239,571195.51,115,111.34,1
67.33,77.74,2,1,7383.61,103,239.67,2
39.42,67.06,134,156,946091.36,123,315.07,1
33.73,59.43,84,144,455759.91,133,217.31,1
33.68,40.24,99,146,178772.25,92,113.91,1
70.1,95.63,2,1,53317.88,109,326.28,2
28.52,84.65,85,108,247171.92,146,305.26,1
27.25,64.49,100,139,147652.0,139,139.83,1
53.62,62.31,0,1,98795.14,97,306.63,2
30.24,55.46,175,205,548721.15,99,177.79,1
10.0,63.35,128,97,1716884.11,144,283.04,1
6.91,33.35,0,0,2201.48,107,135.47,0
4.62,31.61,2,1,1858.78,90,365.95,0
40.59,40.96,107,171,623760.77,172,245.32,1
100.0,65.58,0,1,18199.27,100,236.43,2
3.39,38.63,2,2,103.34,89,244.97,0
3.87,41.5,1,4,839.29,82,266.11,0
32.07,43.84,132,194,488079.45,95,381.49,1
2.56,40.98,2,2,350.55,85,336.31,0
4.31,31.69,0,1,5169.78,60,220.57,0
87.64,69.57,3,0,106025.38,101,449.11,2
84.32,66.53,4,1,26321.69,113,194.34,2
72.71,72.78,0,0,530295.04,96,175.43,2
25.3,66.99,143,62,94757.66,122,324.24,1
38.59,44.17,99,154,204445.66,101,214.38,1
1.22,37.07,3,1,3388.61,75,236.69,0
54.49,59.62,143,125,401793.33,134,384.75,1
83.89,60.04,0,2,110948.19,96,311.47,2
7.76,29.45,1,1,2607.66,76,293.3,0
48.96,46.67,119,201,1470588.38,113,220.75,1
72.55,67.25,2,0,61586.62,108,277.09,2
23.49,51.22,115,122,270699.12,113,279.85,1
28.75,51.61,143,177,75483.58,79,339.25,1
10.0,74.62,116,120,94798.73,85,152.48,1
61.46,81.5,0,2,7613.44,95,341.26,2
4.06,30.64,0,0,134.22,93,269.79,0
8.29,38.7,2,1,232.2,99,276.79,0
27.94,64.78,83,177,61897.45,151,236.39,1
51.75,48.69,95,105,154703.14,125,240.14,1
5.89,43.78,1,4,944.91,79,442.26,0
3.84,41.92,3,2,2175.5,79,248.9,0
7.6,33.49,0,2,3894.56,61,119.23,0
78.79,73.13,0,1,254350.28,111,278.97,2
9.36,28.11,1,2,308.83,104,237.66,0
79.81,55.0,0,2,5795.36,99,144.58,2
29.55,47.28,134,182,1096312.55,93,150.2,1
92.58,71.02,1,0,55458.97,71,221.95,2
48.35,72.17,85,61,63791.87,135,275.51,1
5.29,17.26,0,2,737.75,91,153.16,0
41.8,59.02,131,114,433913.21,72,215.34,1
43.96,71.62,30,152,256663.92,121,161.34,1
25.1,48.47,159,60,1048928.58,97,364.66,1
8.79,35.29,3,1,377.38,102,100.51,0
1.27,37.41,0,3,6514.44,56,331.83,0
10.26,28.86,2,2,2593.7,88,224.18,0
47.59,60.68,63,194,108376.72,145,143.93,1
53.42,59.82,171,116,545812.12,133,150.28,1
0.83,34.66,1,2,1407.68,88,245.12,0
32.19,34.06,111,83,158470.02,135,214.31,1
44.03,65.91,108,105,9918.57,86,361.75,1
1.51,28.73,2,2,1463.38,79,256.27,0
72.82,62.22,1,0,24647.73,104,282.56,2
78.7,71.0,0,2,29085.83,86,205.29,2
83.23,67.65,0,0,58087.44,110,247.52,2
6.93,26.27,0,1,361.23,84,163.76,0
44.25,25.0,159,149,1415201.65,171,154.43,1
48.42,47.66,101,201,369996.13,117,193.25,1
38.88,30.12,172,77,158171.34,85,316.97,1
69.78,87.76,0,3,92575.35,60,276.35,2
80.37,55.58,1,2,2054.28,95,236.09,2
4.78,35.61,3,2,2873.16,118,212.36,0
46.82,70.81,89,210,388730.96,126,129.85,1
3.54,46.6,1,1,437.81,62,189.75,0
43.57,66.83,126,184,117614.83,116,178.09,1
45.75,41.78,117,122,21595.69,93,272.57,1
3.66,39.93,0,1,1345.02,76,384.1,0
2.86,34.48,1,0,451.22,95,278.85,0
65.69,80.0,0,0,21372.02,109,231.7,2
0.01,33.84,1,1,2758.17,69,282.16,0
3.93,27.31,0,3,258.05,59,225.64,0
13.55,25.26,1,2,3578.1,49,320.54,0
76.07,58.22,0,2,143063.29,77,232.58,2
6.79,28.71,2,6,708.42,97,250.76,0
76.34,70.97,0,0,52810.26,87,248.1,2
24.33,49.28,88,125,821556.28,125,223.11,1
41.25,47.56,82,118,1051584.3,95,316.78,1
4.54,26.3,0,3,1076.88,75,274.26,0
4.7,22.44,2,2,926.91,82,103.52,0
12.83,24.5,0,2,3507.21,80,303.89,0
37.09,56.12,77,162,316571.35,156,282.74,1
83.68,77.29,2,0,187002.11,91,172.34,2
93.57,78.79,0,0,16334.26,102,313.02,2
60.68,60.18,125,137,140056.09,146,221.36,1
0.0,34.23,3,2,2403.51,55,156.4,0
10.0,45.9,103,267,1168324.5,137,237.0,1
4.42,16.88,0,2,459.51,83,236.24,0
10.28,63.9,102,150,195048.34,144,310.83,1
9.48,36.5,3,3,176.8,116,226.61,0
61.61,68.74,1,1,147772.48,97,232.45,2
11.88,26.52,0,0,3783.31,74,239.44,0
24.21,63.54,158,188,787564.4,96,103.64,1
67.55,69.1,2,1,51233.55,94,139.58,2
28.49,68.63,176,135,295516.42,124,88.24,1
6.36,34.32,0,1,138.85,48,388.59,0
8.04,37.76,1,3,331.72,92,220.98,0
44.06,43.06,118,250,5080.1,124,243.23,1
36.39,62.09,125,175,366389.3,111,170.12,1
36.05,63.42,131,76,322332.23,114,260.05,1
7.04,33.45,1,3,1974.73,72,123.93,0
38.96,56.67,132,230,239509.48,86,286.32,1
35.92,51.87,168,134,66176.54,84,270.26,1
33.47,58.55,80,107,234240.23,133,258.45,1
100.0,96.35,0,1,2844.11,94,302.72,2
31.43,48.34,170,197,1427131.65,137,302.48,1
73.25,75.68,1,1,7239.63,123,266.8,2
7.11,28.12,0,2,175.14,68,285.7,0
32.04,75.43,166,170,23201.56,129,202.46,1
2.34,38.63,0,1,3797.22,68,196.49,0
3.2,25.13,0,3,2553.89,55,208.2,0
0.0,33.57,1,0,748.43,72,256.34,0
33.8,46.83,137,156,1332959.11,110,137.17,1
23.52,61.2,118,275,414868.52,109,371.1,1
14.22,37.52,0,1,3730.51,82,366.71,0
4.24,22.82,1,2,928.25,63,120.79,0
20.56,44.51,160,129,153577.5,168,79.89,1
8.69,18.36,0,2,3651.3,84,109.05,0
31.0,58.86,187,206,825132.71,89,347.96,1
8.36,33.83,0,2,1198.25,76,173.19,0
18.35,29.64,1,2,1318.6,67,76.22,0
1.58,32.82,2,3,768.67,114,210.92,0
49.31,54.49,149,137,540734.3,127,66.43,1
3.88,31.63,0,1,4290.09,68,196.64,0
4.63,24.44,0,3,1397.28,76,279.38,0
3.09,19.61,0,2,591.19,79,360.38,0
42.31,42.77,169,192,140194.76,126,239.1,1
28.95,54.96,119,194,769366.06,153,219.69,1
19.28,65.96,130,159,216264.79,160,326.33,1
84.72,76.99,0,0,229272.65,107,325.15,2
14.63,54.6,196,185,36219.44,115,227.72,1
75.06,55.77,1,2,103743.46,60,270.28,2
24.11,54.06,103,102,180486.28,118,331.01,1
57.13,53.02,187,168,1219682.09,97,303.9,1
2.01,31.08,2,1,4309.46,80,201.44,0
24.33,34.47,72,221,1106994.05,105,233.13,1
40.56,54.84,46,175,250440.2,89,149.16,1
83.14,65.08,1,0,35329.21,68,220.08,2
13.19,32.29,3,1,2178.36,71,329.66,0
53.03,53.18,107,106,222302.65,112,167.45,1
71.6,71.44,0,0,47487.0,101,271.14,2
2.3,16.5,1,2,2295.75,78,272.5,0
4.54,34.99,0,3,1268.94,79,242.4,0
61.87,98.0,1,2,13541.14,110,270.93,2
34.28,63.58,70,120,701614.29,127,200.5,1
4.95,32.01,0,5,5264.05,87,277.49,0
46.59,54.49,117,167,914667.46,144,436.81,1
7.78,30.28,0,1,2665.6,97,296.36,0
70.46,39.46,117,166,1015799.32,98,208.45,1
7.04,33.36,0,3,467.36,67,227.14,0
3.1,31.85,3,4,1842.85,57,268.94,0
32.93,48.26,116,130,1070982.83,129,343.41,1
47.19,43.03,144,211,216950.6,114,264.24,1
38.56,69.8,139,135,534804.31,102,214.43,1
15.07,28.49,0,3,3949.58,62,272.43,0
21.7,55.51,121,151,623095.61,135,204.98,1
53.23,62.72,115,239,162182.22,136,214.7,1
94.38,55.0,1,2,65774.73,107,158.34,2
56.51,64.19,135,125,1246551.48,139,276.58,1
11.92,35.96,2,2,217.26,86,334.02,0
6.34,34.07,1,2,1300.61,81,355.29,0
62.22,48.25,133,204,530578.37,156,238.84,1
9.11,36.46,1,2,4239.85,76,385.2,0
47.08,54.78,88,67,537168.24,160,336.36,1
44.55,59.24,75,173,482022.49,122,171.18,1
28.26,62.44,198,165,119374.58,105,269.13,1
40.55,63.53,46,116,722023.73,143,221.64,1
2.63,30.07,1,0,1242.15,65,224.89,0
42.16,50.22,69,165,83557.2,114,175.96,1
27.44,59.71,82,119,608450.42,133,351.6,1
64.17,72.43,0,0,4302.49,86,50.0,2
19.48,66.02,125,156,585417.77,135,137.58,1
3.12,19.54,0,1,4751.16,82,208.21,0
46.79,75.43,171,117,337101.62,107,243.51,1
5.98,36.6,0,3,3528.21,87,294.7,0
0.47,30.09,2,1,173.53,65,299.86,0
59.34,77.64,1,0,103122.24,108,289.05,2
43.19,37.95,64,222,466175.59,95,206.17,1
60.44,70.6,0,1,99213.66,78,377.81,2
85.08,83.4,1,0,208627.4,99,347.03,2
0.79,29.2,1,1,4683.29,87,193.51,0
72.93,82.56,1,1,127121.63,96,238.01,2
4.36,29.83,1,3,3028.88,87,168.49,0
33.45,71.99,120,210,58459.1,130,179.65,1
5.72,28.51,1,1,2158.11,83,158.51,0
55.28,84.94,2,0,54361.2,102,218.81,2
10.0,43.43,57,71,938108.14,133,234.76,1
8.37,33.04,4,3,6564.32,76,186.68,0
31.02,43.9,81,75,325170.43,106,267.66,1
6.45,25.12,1,4,1690.39,60,212.88,0
23.78,47.13,103,102,286989.87,118,306.01,1
6.22,40.25,3,1,486.72,83,334.93,0
30.9,25.0,96,199,980435.51,106,59.05,1
26.45,43.54,136,204,291486.78,102,317.24,1
50.29,63.4,199,148,1604343.76,98,84.85,1
89.01,68.85,2,1,111619.9,95,297.9,2
9.82,21.3,1,1,2497.65,113,289.28,0
0.0,24.85,1,3,4939.75,73,203.85,0
11.08,50.43,155,138,311547.91,105,203.85,1
0.0,27.03,1,4,3312.92,66,229.91,0
98.37,69.61,1,2,496923.67,123,270.12,2
8.84,31.45,2,2,559.47,86,257.91,0
7.09,31.24,0,3,5055.55,54,220.29,0
55.28,59.93,190,149,10395.47,100,306.83,1
54.11,67.78,142,115,465085.28,149,203.34,1
90.57,74.88,2,0,40523.88,100,309.74,2
90.87,75.67,1,1,152673.26,74,199.67,2
32.84,33.78,163,191,1637469.47,154,234.99,1
43.74,49.5,166,149,614575.56,95,374.26,1
36.27,55.53,69,198,291160.43,106,187.06,1
77.73,73.69,4,3,14204.32,90,169.58,2
5.59,34.18,0,1,2176.78,96,188.17,0
68.38,63.18,0,2,301188.74,105,243.03,2
11.72,65.19,138,178,613142.83,149,229.48,1
52.62,70.13,139,131,246589.0,105,210.85,1
24.15,41.97,116,141,82037.89,101,228.82,1
34.22,38.54,66,120,1196664.63,129,268.07,1
10.0,68.75,93,190,283135.02,107,101.62,1
6.21,22.53,0,2,2763.71,68,152.64,0
77.94,80.8,1,2,32536.0,114,282.79,2
25.64,46.99,187,90,1321539.3,97,117.67,1
7.41,38.62,1,5,224.11,86,203.39,0
47.21,55.76,95,166,26824.88,137,289.35,1
3.1,19.38,0,1,987.23,62,222.56,0
36.91,63.44,100,151,50800.96,123,222.09,1
49.4,65.95,208,98,1315421.24,134,268.88,1
75.42,79.51,0,0,96697.07,91,211.0,2
47.75,64.62,103,60,1026182.14,137,251.84,1
13.4,23.98,0,1,521.57,79,173.72,0
7.26,38.75,1,1,1729.58,67,285.59,0
9.08,30.39,3,1,1163.84,86,417.9,0
48.84,66.83,162,140,1154315.3,121,200.05,1
8.81,31.6,0,2,9834.45,81,261.83,0
0.0,31.26,1,2,209.3,89,130.47,0
7.67,39.67,1,1,578.64,98,306.46,0
52.58,56.9,1,3,113052.37,113,212.67,2
6.81,35.72,0,4,4037.09,72,287.36,0
71.16,93.66,0,0,105192.27,83,50.0,2
42.16,46.6,127,82,217758.57,129,296.18,1
46.5,54.75,165,90,534565.09,158,301.26,1
49.55,54.05,91,173,356642.87,135,366.88,1
82.26,60.79,1,0,20161.29,98,354.12,2
19.74,58.83,173,94,1752496.11,104,207.65,1
3.59,29.51,1,3,1829.98,88,253.92,0
49.35,55.56,152,61,108221.6,149,126.16,1
88.63,68.34,1,0,63122.7,111,142.88,2
86.66,73.96,0,1,59043.31,70,261.78,2
56.54,77.88,116,139,328917.87,120,234.36,1
70.3,72.55,1,1,51037.73,100,110.56,2
1.14,29.97,2,1,221.29,90,247.82,0
5.15,28.24,0,2,1501.16,78,323.39,0
0.0,28.18,0,1,1819.43,51,310.53,0
8.65,13.97,1,1,5277.2,78,285.88,0
53.84,53.37,139,235,161602.47,114,167.82,1
1.7,33.64,1,4,2645.04,63,139.11,0
35.62,68.11,147,102,1339145.28,101,269.98,1
4.15,35.66,0,4,863.41,88,198.43,0
5.9,34.77,1,1,4944.91,103,212.52,0
12.6,46.97,1,4,2798.24,75,298.77,0
56.86,68.5,3,2,53935.54,91,95.65,2
4.12,35.29,1,2,427.69,70,116.62,0
7.99,25.73,0,1,3273.85,54,282.53,0
20.4,67.08,133,171,185178.87,103,278.96,1
11.74,26.37,4,3,126.15,62,241.97,0
91.24,70.33,2,2,1659.05,93,242.57,2
57.19,76.1,0,0,5559.33,106,219.81,2
41.83,47.0,66,89,136251.77,126,291.36,1
7.7,28.71,0,4,163.02,77,211.16,0
28.92,61.06,117,104,515636.37,119,339.86,1
5.96,21.38,1,1,2220.58,72,131.1,0
33.13,67.5,120,149,945564.16,116,153.67,1
23.52,43.19,161,146,996007.25,131,333.16,1
20.19,55.65,70,165,310262.95,138,105.34,1
6.41,42.31,1,2,825.62,71,331.47,0
48.94,60.9,122,112,551123.6,118,274.67,1
12.73,42.81,0,3,2066.42,100,219.74,0
8.56,16.13,2,0,872.21,56,288.49,0
81.54,55.3,1,2,8182.07,116,192.28,2
36.85,47.44,143,179,530599.92,102,181.52,1
49.46,54.79,60,110,387510.14,107,274.12,1
4.83,29.9,1,6,904.9,57,216.09,0
24.09,80.72,170,111,442318.39,124,213.54,1
69.75,62.14,134,57,40415.52,117,182.36,1
40.08,69.19,174,174,92187.14,131,337.86,1
26.56,62.43,125,172,945030.13,172,172.83,1
2.07,17.23,1,3,6522.22,56,302.61,0
30.54,65.4,43,111,129599.91,101,369.59,1
